city,relevent_experience,enrolled_university,education_level,experience,company_size,company_type,last_new_job,city_development_index,training_hours,target
31,1,2,0,4,4,5,5,0.7640918580375784,0.08672086720867209,0.0
5,0,0,0,7,0,5,0,0.9394572025052192,0.24390243902439024,1.0
49,0,2,0,21,4,5,2,0.9394572025052192,0.25474254742547425,1.0
30,0,2,0,16,3,5,1,0.8914405010438415,0.3739837398373984,0.0
24,0,0,0,14,4,5,0,0.11899791231732793,0.5582655826558265,0.0
103,1,2,0,19,4,5,0,0.9791231732776617,0.39566395663956644,0.0
50,1,0,1,14,4,5,1,0.6200417536534448,0.08672086720867209,1.0
5,0,2,0,10,3,5,4,0.9394572025052192,0.7262872628726287,0.0
5,0,2,0,21,3,5,1,0.9394572025052192,0.1897018970189702,0.0
64,0,2,2,15,0,5,1,0.32150313152400845,0.2764227642276423,1.0
64,0,2,0,13,1,5,0,0.32150313152400845,0.2818428184281843,1.0
64,1,0,0,17,1,1,0,0.32150313152400845,0.5907859078590786,0.0
37,1,2,2,5,2,2,2,0.5636743215031317,0.5149051490514904,0.0
112,0,2,3,19,0,5,0,0.9457202505219209,0.05962059620596205,0.0
64,0,0,0,13,7,4,0,0.32150313152400845,0.22764227642276422,1.0
103,1,2,4,11,4,5,5,0.9791231732776617,1.0,0.0
93,0,1,0,19,0,5,0,0.40918580375782887,0.0975609756097561,1.0
71,0,2,0,18,1,5,4,0.47599164926931103,0.08672086720867209,0.0
101,0,2,0,3,4,5,1,0.5929018789144052,0.5365853658536585,1.0
5,0,2,0,21,6,5,0,0.9394572025052192,0.027100271002710022,0.0
57,0,2,0,14,0,5,0,0.6137787056367434,0.41734417344173447,1.0
64,1,2,1,16,4,5,0,0.32150313152400845,0.6775067750677507,0.0
64,1,0,0,0,4,5,5,0.32150313152400845,0.9485094850948509,1.0
95,0,2,0,1,0,1,0,0.8037578288100209,0.8672086720867208,0.0
95,0,2,2,16,4,1,0,0.8037578288100209,0.23848238482384823,0.0
5,0,2,0,15,4,1,0,0.9394572025052192,0.4552845528455285,0.0
64,0,2,0,13,4,5,0,0.32150313152400845,0.6341463414634146,1.0
65,0,2,0,21,1,5,0,0.8956158663883091,0.08672086720867209,0.0
64,1,0,2,20,4,5,0,0.32150313152400845,0.07588075880758807,0.0
5,0,2,0,21,1,5,1,0.9394572025052192,0.1084010840108401,0.0
5,0,2,0,21,3,5,4,0.9394572025052192,0.1897018970189702,0.0
55,0,0,1,18,4,5,0,0.8517745302713988,0.7642276422764227,0.0
5,0,2,1,19,2,5,1,0.9394572025052192,0.010840108401084009,0.0
13,1,0,0,3,4,5,3,0.9519832985386223,1.0,0.0
65,0,2,0,6,4,5,0,0.8956158663883091,0.8292682926829268,0.0
64,1,2,0,20,4,5,5,0.32150313152400845,0.29268292682926833,0.0
73,1,0,1,14,4,5,5,0.0,0.16260162601626016,0.0
49,0,2,0,8,4,5,0,0.9394572025052192,0.027100271002710022,0.0
5,0,2,2,21,4,5,1,0.9394572025052192,0.13550135501355012,1.0
70,0,1,0,18,1,5,3,0.9791231732776617,0.15176151761517614,0.0
5,1,2,4,20,4,5,5,0.9394572025052192,0.15176151761517614,1.0
15,0,2,0,21,4,5,0,0.5699373695198331,0.10298102981029811,0.0
15,0,2,3,19,1,2,5,0.5699373695198331,0.04878048780487805,0.0
5,0,2,0,21,4,5,3,0.9394572025052192,0.027100271002710022,1.0
13,0,2,1,10,2,5,4,0.9519832985386223,0.6558265582655827,0.0
6,0,2,0,21,4,5,4,0.9478079331941547,0.010840108401084009,0.0
31,0,2,1,1,4,5,5,0.7640918580375784,0.8075880758807588,0.0
5,0,1,0,17,6,4,3,0.9394572025052192,0.5907859078590786,0.0
48,0,2,0,16,5,4,0,0.9185803757828812,0.8075880758807588,0.0
5,0,2,0,4,5,5,1,0.9394572025052192,0.7696476964769647,0.0
64,0,2,0,16,1,5,5,0.32150313152400845,0.1897018970189702,1.0
21,0,2,0,16,1,5,2,0.5594989561586641,0.7208672086720866,0.0
14,1,0,0,15,4,5,0,0.665970772442589,0.8401084010840109,1.0
49,1,0,0,11,4,5,0,0.9394572025052192,0.06504065040650406,1.0
5,0,2,3,21,3,5,1,0.9394572025052192,0.06504065040650406,0.0
94,0,2,0,16,1,5,0,0.6931106471816286,0.1084010840108401,0.0
94,0,2,0,1,4,5,4,0.6931106471816286,0.2764227642276423,0.0
64,0,2,0,10,4,5,4,0.32150313152400845,0.22764227642276422,0.0
5,0,2,2,21,2,5,0,0.9394572025052192,0.21138211382113822,0.0
31,0,2,2,21,5,5,4,0.7640918580375784,0.2005420054200542,0.0
49,0,0,0,1,4,5,1,0.9394572025052192,0.2168021680216802,0.0
48,0,2,2,17,1,5,0,0.9185803757828812,0.24390243902439024,0.0
5,0,2,0,1,1,2,4,0.9394572025052192,0.11382113821138211,0.0
1,1,0,0,17,4,2,0,0.8872651356993737,0.1084010840108401,1.0
5,1,0,0,19,4,5,5,0.9394572025052192,0.16260162601626016,0.0
42,0,2,0,5,2,4,0,0.47599164926931103,0.1842818428184282,0.0
93,0,2,0,3,1,5,4,0.40918580375782887,0.16802168021680217,0.0
31,1,2,0,13,4,5,5,0.7640918580375784,0.24932249322493225,1.0
103,0,2,0,14,0,5,1,0.9791231732776617,0.2168021680216802,0.0
70,0,1,1,13,6,5,4,0.9791231732776617,0.8943089430894309,0.0
83,0,2,0,21,1,5,0,0.6096033402922756,0.25474254742547425,0.0
50,1,0,1,15,4,5,5,0.6200417536534448,0.04336043360433604,0.0
13,1,0,1,15,4,5,3,0.9519832985386223,0.6233062330623306,0.0
11,0,2,0,15,4,5,1,0.16701461377870586,0.24932249322493225,1.0
64,0,2,0,7,4,5,4,0.32150313152400845,0.6883468834688347,0.0
5,1,0,0,17,4,5,0,0.9394572025052192,0.027100271002710022,1.0
13,0,2,0,19,6,5,0,0.9519832985386223,0.7804878048780487,0.0
13,1,2,3,5,5,4,0,0.9519832985386223,0.24390243902439024,0.0
5,0,2,2,19,3,5,4,0.9394572025052192,1.0,0.0
4,0,2,2,21,5,5,4,0.6972860125260962,0.9051490514905148,0.0
48,1,2,0,13,4,5,1,0.9185803757828812,0.010840108401084009,0.0
5,0,2,0,7,3,5,2,0.9394572025052192,0.43360433604336046,0.0
50,0,2,0,21,4,5,5,0.6200417536534448,0.05420054200542005,0.0
94,0,2,0,6,7,5,4,0.6931106471816286,0.3252032520325204,0.0
41,0,2,0,20,7,5,4,0.457202505219207,0.12466124661246611,0.0
39,1,1,0,13,4,5,0,0.1774530271398751,0.05962059620596205,1.0
5,0,2,0,11,4,5,5,0.9394572025052192,0.016260162601626015,1.0
5,0,2,2,21,1,5,4,0.9394572025052192,0.5257452574525745,0.0
48,0,2,0,21,1,5,4,0.9185803757828812,0.8726287262872628,0.0
64,0,2,0,14,2,5,0,0.32150313152400845,0.24932249322493225,1.0
101,0,1,1,14,4,5,0,0.5929018789144052,0.30352303523035234,0.0
55,1,0,1,3,4,5,3,0.8517745302713988,0.04878048780487805,0.0
13,0,2,2,21,4,5,4,0.9519832985386223,0.13008130081300812,0.0
47,0,2,2,8,1,5,4,0.778705636743215,0.7208672086720866,0.0
5,0,2,0,10,6,5,0,0.9394572025052192,0.23306233062330622,0.0
36,0,2,2,21,4,5,0,0.536534446764092,0.4715447154471545,1.0
49,0,2,0,16,4,3,1,0.9394572025052192,0.15176151761517614,1.0
48,0,2,0,21,4,5,1,0.9185803757828812,0.0921409214092141,1.0
48,0,2,0,21,7,5,2,0.9185803757828812,0.4444444444444445,0.0
70,1,2,1,14,6,5,3,0.9791231732776617,0.7750677506775068,0.0
4,0,2,2,21,4,5,4,0.6972860125260962,0.2872628726287263,0.0
95,0,2,2,21,1,5,1,0.8037578288100209,0.4769647696476965,0.0
41,0,2,0,8,2,5,0,0.457202505219207,0.25474254742547425,0.0
102,0,0,0,0,4,5,0,0.2275574112734864,0.11924119241192412,0.0
101,0,2,0,10,2,5,4,0.5929018789144052,0.07588075880758807,0.0
116,0,1,0,15,1,5,0,0.47599164926931103,0.15176151761517614,0.0
112,0,2,2,3,4,5,0,0.9457202505219209,0.43360433604336046,0.0
5,0,2,0,19,1,5,1,0.9394572025052192,0.16260162601626016,0.0
5,0,2,2,21,1,1,4,0.9394572025052192,0.027100271002710022,0.0
78,0,2,0,9,1,5,4,0.7453027139874742,0.11382113821138211,0.0
15,0,0,2,21,2,5,0,0.5699373695198331,0.3739837398373984,0.0
65,0,2,2,7,3,5,4,0.8956158663883091,0.26558265582655827,0.0
5,0,2,0,14,1,5,0,0.9394572025052192,0.31978319783197834,0.0
48,0,1,0,17,3,5,1,0.9185803757828812,0.24932249322493225,0.0
4,0,2,0,8,4,5,0,0.6972860125260962,0.3902439024390244,0.0
48,0,2,0,15,1,5,0,0.9185803757828812,0.7859078590785907,0.0
48,0,1,1,14,2,5,0,0.9185803757828812,0.44986449864498645,0.0
5,0,0,2,1,3,5,1,0.9394572025052192,0.16260162601626016,0.0
5,0,2,0,1,4,5,0,0.9394572025052192,0.31978319783197834,0.0
5,0,2,0,21,7,5,3,0.9394572025052192,0.016260162601626015,0.0
5,1,0,0,13,4,5,0,0.9394572025052192,0.9268292682926829,1.0
94,0,2,0,6,4,5,4,0.6931106471816286,0.027100271002710022,0.0
5,0,2,0,5,1,5,0,0.9394572025052192,0.15718157181571815,0.0
64,0,0,2,16,4,5,1,0.32150313152400845,0.5528455284552846,0.0
116,0,0,0,16,0,3,1,0.47599164926931103,0.2168021680216802,1.0
101,0,2,0,21,3,5,4,0.5929018789144052,0.027100271002710022,0.0
5,0,2,0,16,1,5,1,0.9394572025052192,0.07588075880758807,0.0
5,0,2,0,21,4,3,0,0.9394572025052192,0.6829268292682926,0.0
5,0,2,0,16,5,5,0,0.9394572025052192,0.2764227642276423,0.0
64,0,2,0,1,3,5,3,0.32150313152400845,0.1084010840108401,0.0
64,0,2,0,2,0,0,0,0.32150313152400845,0.2005420054200542,1.0
5,0,2,0,14,4,5,0,0.9394572025052192,0.005420054200542005,0.0
46,1,0,0,13,3,5,0,0.6179540709812108,0.06504065040650406,1.0
95,0,2,0,1,3,5,1,0.8037578288100209,0.1842818428184282,0.0
5,0,2,0,21,1,5,4,0.9394572025052192,1.0,0.0
112,1,2,1,0,0,5,0,0.9457202505219209,0.6124661246612466,0.0
13,0,2,3,21,3,5,4,0.9519832985386223,0.3089430894308943,0.0
13,1,2,1,15,4,5,5,0.9519832985386223,0.43360433604336046,0.0
30,0,2,2,17,5,5,0,0.8914405010438415,1.0,0.0
91,0,2,0,2,1,5,0,0.9248434237995826,0.23848238482384823,0.0
48,0,2,0,21,3,5,4,0.9185803757828812,0.33062330623306235,0.0
65,0,2,0,21,6,2,4,0.8956158663883091,0.17886178861788618,0.0
13,0,2,2,19,7,5,0,0.9519832985386223,0.027100271002710022,0.0
64,1,2,0,11,7,2,0,0.32150313152400845,0.13550135501355012,0.0
13,1,2,2,21,3,5,4,0.9519832985386223,1.0,0.0
30,0,2,0,5,4,5,0,0.8914405010438415,0.23306233062330622,0.0
78,0,2,2,21,5,5,4,0.7453027139874742,0.8617886178861789,0.0
64,1,2,0,14,3,5,0,0.32150313152400845,0.14634146341463414,0.0
4,1,0,0,16,4,5,5,0.6972860125260962,0.2222222222222222,0.0
48,0,2,2,14,1,1,0,0.9185803757828812,0.39566395663956644,0.0
102,1,2,0,6,4,5,5,0.2275574112734864,0.3631436314363144,1.0
5,0,2,0,3,4,5,2,0.9394572025052192,1.0,1.0
64,0,0,0,4,0,5,1,0.32150313152400845,0.7804878048780487,1.0
49,0,2,0,2,7,5,0,0.9394572025052192,0.3848238482384824,0.0
30,0,2,2,9,1,5,0,0.8914405010438415,0.26558265582655827,0.0
122,0,2,0,13,5,5,5,0.9290187891440502,0.33062330623306235,1.0
5,0,2,0,21,1,1,0,0.9394572025052192,0.027100271002710022,0.0
4,1,2,0,6,4,5,4,0.6972860125260962,0.22764227642276422,1.0
83,0,2,0,21,7,5,5,0.6096033402922756,0.9268292682926829,0.0
48,0,2,0,2,7,0,0,0.9185803757828812,0.3523035230352304,0.0
3,1,0,0,20,4,5,0,0.1837160751565763,0.41734417344173447,0.0
48,0,2,0,19,4,5,4,0.9185803757828812,0.5040650406504065,0.0
116,1,2,0,18,4,5,3,0.47599164926931103,0.22764227642276422,0.0
64,0,0,0,13,0,5,0,0.32150313152400845,0.2818428184281843,1.0
5,0,0,0,17,0,5,3,0.9394572025052192,0.1951219512195122,1.0
13,0,2,1,5,7,5,0,0.9519832985386223,0.41734417344173447,0.0
64,0,0,0,19,6,2,0,0.32150313152400845,0.17344173441734417,1.0
64,0,0,0,18,4,5,5,0.32150313152400845,0.15718157181571815,1.0
64,0,2,0,16,4,5,0,0.32150313152400845,0.10298102981029811,1.0
64,1,0,0,13,4,5,5,0.32150313152400845,0.0921409214092141,1.0
101,0,1,0,17,4,5,0,0.5929018789144052,1.0,1.0
64,1,0,0,13,4,5,5,0.32150313152400845,0.33062330623306235,1.0
5,0,2,2,12,2,5,0,0.9394572025052192,1.0,0.0
6,0,2,0,15,1,5,0,0.9478079331941547,0.6775067750677507,0.0
69,0,2,0,14,2,5,0,0.7891440501043843,0.30352303523035234,1.0
45,0,1,0,15,3,5,0,0.6242171189979124,0.05420054200542005,0.0
48,0,2,2,21,4,5,0,0.9185803757828812,0.31436314363143636,0.0
89,0,2,0,17,4,5,0,0.826722338204593,0.24932249322493225,0.0
49,0,1,0,16,4,1,0,0.9394572025052192,0.11924119241192412,0.0
22,1,2,0,16,4,5,5,0.018789144050104567,0.6070460704607046,1.0
5,0,2,0,14,1,1,1,0.9394572025052192,0.34146341463414637,0.0
61,0,2,0,15,1,5,5,0.4425887265135702,0.24932249322493225,0.0
5,0,0,0,11,0,5,0,0.9394572025052192,0.02168021680216802,1.0
102,0,2,0,17,4,0,0,0.2275574112734864,0.22764227642276422,0.0
64,0,2,0,14,1,5,3,0.32150313152400845,0.13550135501355012,1.0
5,1,2,3,7,4,5,0,0.9394572025052192,0.14634146341463414,0.0
61,0,2,0,16,4,5,0,0.4425887265135702,0.3794037940379404,0.0
89,0,2,2,18,1,5,1,0.826722338204593,0.16802168021680217,0.0
15,0,2,0,16,6,5,0,0.5699373695198331,0.34146341463414637,0.0
49,1,2,3,10,6,4,2,0.9394572025052192,1.0,0.0
13,0,0,0,5,1,5,1,0.9519832985386223,0.2764227642276423,0.0
95,0,2,3,21,7,5,4,0.8037578288100209,0.4932249322493225,0.0
64,0,1,1,0,7,5,5,0.32150313152400845,0.04878048780487805,1.0
64,0,2,0,15,4,5,0,0.32150313152400845,0.010840108401084009,0.0
14,0,2,0,14,3,5,1,0.665970772442589,0.1897018970189702,0.0
5,0,2,0,21,1,5,3,0.9394572025052192,0.34688346883468835,0.0
101,0,2,0,17,5,5,1,0.5929018789144052,0.15718157181571815,0.0
49,0,2,0,8,1,5,0,0.9394572025052192,0.027100271002710022,0.0
49,1,2,0,21,4,5,4,0.9394572025052192,0.24932249322493225,0.0
5,0,2,1,6,4,5,0,0.9394572025052192,0.11924119241192412,0.0
104,0,0,0,2,7,5,1,0.47599164926931103,0.04878048780487805,0.0
49,0,2,0,1,3,5,0,0.9394572025052192,0.2981029810298103,0.0
5,0,2,2,6,1,1,0,0.9394572025052192,0.7588075880758808,0.0
4,0,2,2,21,1,5,0,0.6972860125260962,0.0921409214092141,0.0
5,0,2,0,1,0,5,3,0.9394572025052192,0.11382113821138211,1.0
30,1,2,1,16,4,5,5,0.8914405010438415,0.05962059620596205,0.0
2,1,2,1,11,4,5,0,0.8705636743215033,0.21138211382113822,0.0
68,0,1,0,2,4,5,5,0.47599164926931103,0.8184281842818428,1.0
64,0,2,0,14,6,5,0,0.32150313152400845,0.3739837398373984,0.0
45,0,1,0,13,7,1,0,0.6242171189979124,0.25474254742547425,0.0
105,0,2,0,17,4,5,0,0.7515657620041754,0.22764227642276422,0.0
64,0,2,0,19,2,5,4,0.32150313152400845,1.0,1.0
13,0,1,2,21,4,5,3,0.9519832985386223,0.5474254742547425,1.0
66,0,2,0,14,4,5,0,0.47599164926931103,0.5691056910569106,0.0
5,0,2,0,18,6,5,0,0.9394572025052192,0.11382113821138211,0.0
5,1,0,0,16,4,5,0,0.9394572025052192,0.24932249322493225,0.0
113,0,0,2,17,4,5,0,0.47599164926931103,0.23848238482384823,1.0
64,0,0,2,17,1,5,0,0.32150313152400845,0.8292682926829268,0.0
2,0,1,0,18,4,5,0,0.8705636743215033,0.7859078590785907,1.0
13,1,0,0,2,4,5,1,0.9519832985386223,0.17344173441734417,1.0
64,0,1,0,17,3,5,3,0.32150313152400845,0.17886178861788618,1.0
78,0,2,1,9,4,5,4,0.7453027139874742,0.05962059620596205,0.0
13,0,1,3,2,3,5,4,0.9519832985386223,0.2981029810298103,0.0
35,1,0,0,15,4,5,5,0.6116910229645096,0.05420054200542005,0.0
64,1,0,2,14,4,5,5,0.32150313152400845,0.2818428184281843,1.0
38,0,2,0,6,4,5,2,0.7724425887265136,0.07588075880758807,0.0
49,0,2,0,7,6,4,4,0.9394572025052192,0.41192411924119243,0.0
64,0,2,2,16,3,5,1,0.32150313152400845,0.2872628726287263,0.0
13,0,2,2,8,4,5,3,0.9519832985386223,0.13550135501355012,0.0
102,1,2,2,11,1,5,1,0.2275574112734864,0.16802168021680217,0.0
48,0,2,0,6,0,0,0,0.9185803757828812,1.0,0.0
49,0,2,2,5,1,5,4,0.9394572025052192,0.41192411924119243,0.0
64,0,2,0,14,5,5,5,0.32150313152400845,0.44986449864498645,1.0
4,0,2,2,7,4,5,0,0.6972860125260962,1.0,0.0
13,0,2,2,21,4,5,2,0.9519832985386223,0.20596205962059622,0.0
5,0,2,2,13,5,5,0,0.9394572025052192,0.35772357723577236,0.0
30,1,2,0,17,4,5,1,0.8914405010438415,0.2764227642276423,0.0
48,0,2,0,3,1,5,3,0.9185803757828812,0.4769647696476965,0.0
13,0,2,1,19,0,5,3,0.9519832985386223,0.20596205962059622,0.0
116,0,0,2,5,7,5,3,0.47599164926931103,0.14634146341463414,0.0
64,0,2,0,21,1,5,1,0.32150313152400845,0.29268292682926833,0.0
5,0,2,0,21,1,5,4,0.9394572025052192,1.0,0.0
64,1,0,0,14,4,5,5,0.32150313152400845,0.1951219512195122,1.0
74,1,2,1,14,4,5,0,0.8830897703549061,0.43902439024390244,0.0
13,1,2,1,14,4,5,5,0.9519832985386223,0.15176151761517614,0.0
64,0,1,0,18,3,5,0,0.32150313152400845,0.33062330623306235,1.0
5,0,2,0,16,0,1,1,0.9394572025052192,0.0975609756097561,0.0
118,0,2,2,21,4,5,1,0.8246346555323592,0.1084010840108401,0.0
48,1,2,0,21,5,5,1,0.9185803757828812,0.3631436314363144,0.0
5,0,0,2,17,4,5,0,0.9394572025052192,0.2005420054200542,0.0
83,0,2,0,1,1,5,3,0.6096033402922756,0.4769647696476965,1.0
103,0,2,0,17,4,5,4,0.9791231732776617,0.5799457994579945,0.0
5,0,2,0,11,1,2,0,0.9394572025052192,0.03252032520325203,0.0
61,0,2,0,5,4,5,3,0.4425887265135702,0.2710027100271003,0.0
5,0,2,0,13,4,5,0,0.9394572025052192,0.3089430894308943,1.0
49,1,2,0,10,4,5,0,0.9394572025052192,0.14634146341463414,1.0
5,0,1,0,15,0,5,4,0.9394572025052192,0.34146341463414637,0.0
5,0,2,0,15,4,5,4,0.9394572025052192,0.5691056910569106,0.0
48,1,2,0,11,4,5,5,0.9185803757828812,0.14634146341463414,0.0
48,0,2,0,19,2,5,1,0.9185803757828812,0.17344173441734417,0.0
64,0,2,0,17,5,5,0,0.32150313152400845,0.5799457994579945,1.0
64,0,2,0,1,4,5,4,0.32150313152400845,0.5257452574525745,0.0
2,0,2,0,21,5,5,3,0.8705636743215033,0.06504065040650406,0.0
49,0,2,0,21,4,5,4,0.9394572025052192,0.23306233062330622,1.0
64,0,2,2,15,4,5,3,0.32150313152400845,0.14634146341463414,0.0
13,1,2,0,21,3,5,4,0.9519832985386223,0.33062330623306235,0.0
5,0,2,0,15,2,5,4,0.9394572025052192,0.5420054200542005,0.0
48,0,2,0,17,3,5,0,0.9185803757828812,0.11382113821138211,0.0
5,0,2,0,10,4,5,3,0.9394572025052192,0.04336043360433604,1.0
15,0,2,0,21,4,5,4,0.5699373695198331,0.0921409214092141,0.0
64,0,2,2,21,1,5,1,0.32150313152400845,0.22764227642276422,1.0
86,1,2,2,5,2,2,0,0.5636743215031317,1.0,1.0
112,0,2,2,3,1,5,0,0.9457202505219209,0.5636856368563685,0.0
5,0,2,2,6,3,5,4,0.9394572025052192,0.027100271002710022,1.0
5,0,1,0,21,4,5,4,0.9394572025052192,0.2764227642276423,0.0
64,0,2,0,14,7,5,0,0.32150313152400845,0.8943089430894309,0.0
122,0,2,0,15,5,5,0,0.9290187891440502,0.14634146341463414,0.0
6,1,0,0,4,4,5,2,0.9478079331941547,0.2168021680216802,1.0
6,0,2,0,21,3,5,4,0.9478079331941547,0.1951219512195122,0.0
95,0,2,2,18,3,5,4,0.8037578288100209,0.010840108401084009,0.0
95,1,2,2,13,4,5,1,0.8037578288100209,0.04336043360433604,0.0
64,1,0,0,14,4,5,0,0.32150313152400845,0.7100271002710027,1.0
49,1,0,0,17,4,5,0,0.9394572025052192,0.13550135501355012,0.0
4,1,2,0,20,4,5,0,0.6972860125260962,0.22764227642276422,0.0
43,0,2,0,16,4,5,1,0.47599164926931103,0.4769647696476965,1.0
61,0,0,0,18,0,5,0,0.4425887265135702,0.24932249322493225,0.0
64,1,2,0,11,3,5,1,0.32150313152400845,0.25474254742547425,0.0
49,1,2,4,0,4,5,5,0.9394572025052192,0.11382113821138211,0.0
5,0,2,0,6,0,5,4,0.9394572025052192,0.05962059620596205,0.0
5,1,0,0,19,4,5,5,0.9394572025052192,0.41734417344173447,1.0
49,0,2,2,21,3,4,4,0.9394572025052192,0.21138211382113822,0.0
49,0,2,0,2,4,5,3,0.9394572025052192,0.04336043360433604,1.0
13,0,2,0,13,4,0,0,0.9519832985386223,0.4715447154471545,0.0
2,0,2,0,21,5,5,4,0.8705636743215033,0.1084010840108401,0.0
77,0,1,0,1,0,5,4,0.6388308977035491,0.06504065040650406,0.0
15,0,2,1,3,1,5,0,0.5699373695198331,0.13550135501355012,0.0
14,0,2,0,21,0,5,0,0.665970772442589,0.016260162601626015,0.0
48,1,0,1,11,1,5,0,0.9185803757828812,0.3523035230352304,0.0
64,0,0,0,14,4,5,0,0.32150313152400845,0.14634146341463414,1.0
31,0,2,2,8,4,1,0,0.7640918580375784,0.6233062330623306,0.0
48,0,2,0,19,0,0,3,0.9185803757828812,0.14092140921409213,0.0
13,0,0,2,14,3,5,1,0.9519832985386223,0.12466124661246611,0.0
70,1,0,1,11,4,5,5,0.9791231732776617,0.2764227642276423,0.0
49,0,2,0,21,4,5,3,0.9394572025052192,0.5528455284552846,1.0
101,0,2,0,7,6,5,2,0.5929018789144052,0.25474254742547425,0.0
64,1,2,0,15,4,1,0,0.32150313152400845,0.08130081300813008,1.0
13,0,2,2,5,5,5,0,0.9519832985386223,0.2764227642276423,0.0
64,0,2,0,20,4,5,0,0.32150313152400845,0.29268292682926833,1.0
48,0,2,3,6,3,5,0,0.9185803757828812,0.3089430894308943,0.0
5,0,2,0,2,3,5,4,0.9394572025052192,0.8184281842818428,0.0
48,1,2,0,11,4,5,1,0.9185803757828812,0.25474254742547425,1.0
94,0,2,0,14,4,5,0,0.6931106471816286,0.07588075880758807,0.0
48,0,2,2,13,4,5,1,0.9185803757828812,0.7479674796747967,1.0
13,0,0,1,19,4,5,0,0.9519832985386223,0.03252032520325203,0.0
116,1,2,1,0,4,5,5,0.47599164926931103,0.5257452574525745,0.0
13,0,2,2,2,2,5,0,0.9519832985386223,0.08130081300813008,0.0
36,0,0,0,15,2,5,0,0.536534446764092,0.25474254742547425,0.0
5,0,2,0,21,3,2,2,0.9394572025052192,0.7317073170731707,0.0
64,0,0,0,13,2,5,0,0.32150313152400845,0.30352303523035234,1.0
48,0,2,0,21,4,5,0,0.9185803757828812,0.14092140921409213,0.0
61,1,0,0,0,4,5,0,0.4425887265135702,0.5203252032520325,1.0
30,0,2,2,9,6,5,4,0.8914405010438415,0.2168021680216802,0.0
91,0,2,0,6,0,5,0,0.9248434237995826,0.07588075880758807,0.0
13,0,2,0,18,3,5,0,0.9519832985386223,0.24932249322493225,0.0
64,0,2,0,18,4,1,0,0.32150313152400845,0.24390243902439024,0.0
5,1,0,0,14,0,5,3,0.9394572025052192,0.2818428184281843,0.0
49,0,2,0,1,4,5,0,0.9394572025052192,0.42276422764227645,1.0
64,1,2,0,0,7,0,0,0.32150313152400845,0.03252032520325203,0.0
103,0,2,0,21,4,5,4,0.9791231732776617,0.037940379403794036,1.0
120,0,2,3,1,3,5,0,0.9498956158663885,0.8726287262872628,0.0
49,0,2,0,3,4,5,0,0.9394572025052192,0.04878048780487805,1.0
64,0,0,2,20,0,5,0,0.32150313152400845,0.2872628726287263,1.0
48,0,2,2,8,4,5,2,0.9185803757828812,0.17344173441734417,1.0
48,0,2,2,3,2,5,4,0.9185803757828812,0.1897018970189702,1.0
85,0,2,2,21,6,2,4,0.8893528183716073,0.0921409214092141,0.0
5,0,2,0,10,2,5,0,0.9394572025052192,0.13008130081300812,0.0
64,0,2,0,3,4,5,4,0.32150313152400845,0.07046070460704607,1.0
30,0,2,2,2,1,1,0,0.8914405010438415,0.25474254742547425,0.0
103,0,2,0,3,5,5,4,0.9791231732776617,0.7154471544715447,0.0
4,0,2,0,1,2,5,3,0.6972860125260962,0.2764227642276423,0.0
5,0,2,0,11,0,5,0,0.9394572025052192,0.15176151761517614,0.0
14,0,2,0,17,4,5,0,0.665970772442589,0.13550135501355012,0.0
5,0,2,0,21,4,5,0,0.9394572025052192,0.23306233062330622,0.0
99,0,2,2,5,4,2,4,0.8643006263048016,0.34688346883468835,1.0
95,0,2,2,4,4,5,0,0.8037578288100209,0.14634146341463414,0.0
6,1,0,1,13,0,5,0,0.9478079331941547,0.8346883468834688,0.0
104,0,2,2,5,7,4,0,0.47599164926931103,0.1084010840108401,0.0
117,1,2,4,4,4,5,5,0.4613778705636744,1.0,0.0
46,0,2,0,16,0,0,1,0.6179540709812108,0.41734417344173447,0.0
48,0,2,2,21,1,5,1,0.9185803757828812,0.05962059620596205,0.0
99,1,0,0,14,4,5,2,0.8643006263048016,0.12466124661246611,0.0
95,1,0,1,14,4,5,0,0.8037578288100209,0.20596205962059622,0.0
64,0,2,0,15,5,5,0,0.32150313152400845,0.5365853658536585,1.0
5,0,2,0,21,2,5,0,0.9394572025052192,0.48780487804878053,0.0
85,0,2,0,1,0,5,3,0.8893528183716073,0.3848238482384824,0.0
64,0,2,0,13,1,5,0,0.32150313152400845,0.0921409214092141,1.0
5,0,2,0,21,4,1,4,0.9394572025052192,0.22764227642276422,0.0
122,1,2,4,13,4,5,5,0.9290187891440502,0.07046070460704607,0.0
122,0,2,0,21,0,5,4,0.9290187891440502,0.3089430894308943,0.0
48,0,2,0,1,6,5,0,0.9185803757828812,0.21138211382113822,0.0
5,0,2,0,2,0,5,4,0.9394572025052192,0.17886178861788618,0.0
28,0,2,0,17,1,5,1,0.5678496868475993,0.5691056910569106,1.0
48,1,2,1,15,3,5,0,0.9185803757828812,1.0,0.0
5,1,2,3,21,4,5,0,0.9394572025052192,0.010840108401084009,0.0
26,0,2,1,21,5,5,3,0.7453027139874742,0.15718157181571815,1.0
56,1,0,0,14,6,5,0,0.6388308977035491,0.5962059620596206,0.0
48,0,2,0,12,3,5,0,0.9185803757828812,0.3739837398373984,0.0
66,0,2,2,21,1,5,0,0.47599164926931103,0.15718157181571815,0.0
24,0,2,0,1,4,4,1,0.11899791231732793,0.2005420054200542,1.0
49,0,2,0,21,4,5,4,0.9394572025052192,0.1897018970189702,0.0
64,0,2,2,14,4,5,1,0.32150313152400845,0.2222222222222222,1.0
64,1,0,2,20,3,5,1,0.32150313152400845,0.2710027100271003,1.0
85,1,2,0,3,4,5,0,0.8893528183716073,0.8888888888888888,1.0
5,1,2,4,17,4,5,5,0.9394572025052192,0.05420054200542005,0.0
6,0,0,0,2,4,5,3,0.9478079331941547,0.04878048780487805,0.0
101,0,2,0,6,1,5,3,0.5929018789144052,0.4823848238482385,0.0
49,1,2,0,0,3,5,0,0.9394572025052192,0.037940379403794036,0.0
102,0,0,0,18,4,5,0,0.2275574112734864,0.5636856368563685,0.0
64,0,2,0,13,4,5,0,0.32150313152400845,0.5745257452574526,0.0
70,1,2,2,10,6,5,4,0.9791231732776617,0.11382113821138211,0.0
64,0,2,0,15,1,4,1,0.32150313152400845,0.15718157181571815,0.0
5,1,2,0,1,4,5,3,0.9394572025052192,0.15718157181571815,0.0
5,0,0,1,19,4,5,3,0.9394572025052192,0.2981029810298103,0.0
13,0,2,0,1,4,5,1,0.9519832985386223,0.3252032520325204,0.0
55,0,2,2,16,3,5,2,0.8517745302713988,0.17886178861788618,0.0
5,0,1,0,17,2,5,0,0.9394572025052192,0.26558265582655827,0.0
13,0,1,2,9,4,5,0,0.9519832985386223,0.24932249322493225,0.0
49,1,0,0,15,4,5,0,0.9394572025052192,0.46070460704607047,1.0
74,0,2,1,21,1,5,4,0.8830897703549061,0.05962059620596205,0.0
48,0,2,0,8,7,5,4,0.9185803757828812,0.10298102981029811,0.0
114,0,0,0,5,6,5,2,0.9498956158663885,0.7588075880758808,1.0
30,0,2,2,1,0,0,0,0.8914405010438415,0.2818428184281843,0.0
14,0,2,0,5,0,5,4,0.665970772442589,0.2222222222222222,1.0
5,0,2,2,15,3,5,0,0.9394572025052192,0.04336043360433604,0.0
112,0,2,2,14,1,4,1,0.9457202505219209,0.25474254742547425,0.0
1,0,2,3,21,4,5,4,0.8872651356993737,0.26558265582655827,0.0
120,0,1,0,13,5,5,0,0.9498956158663885,0.21138211382113822,0.0
5,1,0,2,4,2,4,1,0.9394572025052192,0.33062330623306235,0.0
101,1,2,2,1,4,5,0,0.5929018789144052,0.8455284552845528,0.0
13,1,1,1,19,4,5,5,0.9519832985386223,0.06504065040650406,0.0
116,0,1,2,1,4,1,0,0.47599164926931103,0.1951219512195122,0.0
5,1,2,3,15,2,4,0,0.9394572025052192,0.20596205962059622,1.0
5,0,2,0,21,4,5,4,0.9394572025052192,1.0,0.0
1,0,1,2,16,0,2,4,0.8872651356993737,0.11382113821138211,1.0
30,0,2,2,16,1,2,0,0.8914405010438415,0.17886178861788618,1.0
64,0,2,0,3,4,5,0,0.32150313152400845,0.027100271002710022,0.0
102,1,2,0,0,4,5,0,0.2275574112734864,0.016260162601626015,0.0
24,1,0,1,14,4,5,5,0.11899791231732793,0.8617886178861789,1.0
70,1,2,0,1,4,5,0,0.9791231732776617,0.05962059620596205,0.0
49,0,2,0,21,4,5,4,0.9394572025052192,0.13550135501355012,1.0
83,0,2,1,14,5,5,3,0.6096033402922756,0.16260162601626016,0.0
11,0,2,0,15,7,5,0,0.16701461377870586,1.0,0.0
5,1,0,0,1,4,5,5,0.9394572025052192,0.04878048780487805,0.0
99,0,1,2,21,0,1,1,0.8643006263048016,0.02168021680216802,0.0
64,1,0,0,0,4,5,0,0.32150313152400845,0.3848238482384824,1.0
64,0,2,0,3,4,5,0,0.32150313152400845,0.7154471544715447,0.0
30,0,2,2,14,4,1,0,0.8914405010438415,0.2764227642276423,0.0
99,0,2,0,14,4,1,0,0.8643006263048016,0.02168021680216802,0.0
114,1,0,1,15,4,5,5,0.9498956158663885,0.41192411924119243,0.0
48,0,2,0,21,3,5,4,0.9185803757828812,0.5149051490514904,0.0
5,1,2,4,14,4,5,5,0.9394572025052192,0.15718157181571815,0.0
5,1,2,2,16,2,4,0,0.9394572025052192,0.5691056910569106,1.0
114,0,2,0,15,4,1,0,0.9498956158663885,0.11382113821138211,0.0
4,0,2,0,21,4,5,0,0.6972860125260962,0.1951219512195122,0.0
64,1,0,0,19,4,5,0,0.32150313152400845,0.25474254742547425,0.0
5,0,2,0,16,4,0,1,0.9394572025052192,1.0,0.0
15,0,2,2,19,2,5,0,0.5699373695198331,0.10298102981029811,0.0
64,0,2,0,21,4,5,4,0.32150313152400845,0.3685636856368564,1.0
113,0,0,1,14,4,5,0,0.47599164926931103,0.7967479674796748,0.0
99,0,2,2,17,7,0,5,0.8643006263048016,0.10298102981029811,0.0
5,0,2,0,21,4,5,0,0.9394572025052192,0.17886178861788618,1.0
13,0,2,1,3,1,0,0,0.9519832985386223,0.6341463414634146,0.0
48,0,2,0,18,2,5,2,0.9185803757828812,0.17886178861788618,0.0
11,0,2,0,5,4,5,0,0.16701461377870586,0.04878048780487805,0.0
43,1,0,0,13,0,5,0,0.47599164926931103,0.29268292682926833,1.0
3,0,1,2,3,4,5,3,0.1837160751565763,0.1842818428184282,1.0
24,0,2,0,15,0,5,1,0.11899791231732793,0.3523035230352304,1.0
5,0,2,0,5,4,1,0,0.9394572025052192,0.3848238482384824,0.0
103,1,2,4,11,4,5,5,0.9791231732776617,0.5528455284552846,0.0
33,0,2,2,6,4,5,0,0.47599164926931103,0.016260162601626015,0.0
13,0,2,0,1,7,5,1,0.9519832985386223,0.40650406504065045,0.0
41,1,0,0,11,1,5,0,0.457202505219207,0.20596205962059622,0.0
5,0,2,0,10,3,5,4,0.9394572025052192,1.0,0.0
66,1,2,2,21,4,5,1,0.47599164926931103,0.23848238482384823,1.0
98,1,1,0,14,4,5,1,0.47599164926931103,0.03252032520325203,1.0
64,0,2,0,6,6,5,4,0.32150313152400845,0.10298102981029811,0.0
98,0,2,0,9,4,1,0,0.47599164926931103,0.14634146341463414,0.0
83,0,2,0,21,4,5,4,0.6096033402922756,0.35772357723577236,0.0
45,1,2,1,0,4,5,0,0.6242171189979124,0.1842818428184282,0.0
48,1,0,0,0,4,5,5,0.9185803757828812,0.29268292682926833,0.0
45,0,2,2,19,5,4,0,0.6242171189979124,0.2005420054200542,0.0
64,0,0,0,20,0,5,0,0.32150313152400845,0.5365853658536585,1.0
64,0,2,0,16,4,5,4,0.32150313152400845,0.8672086720867208,0.0
64,1,2,1,11,4,5,5,0.32150313152400845,0.5582655826558265,1.0
120,0,2,0,2,0,0,0,0.9498956158663885,0.24390243902439024,0.0
113,0,1,2,11,1,5,0,0.47599164926931103,0.7208672086720866,0.0
48,0,2,0,9,4,5,0,0.9185803757828812,0.7208672086720866,0.0
16,1,1,0,14,2,5,1,0.47599164926931103,0.7317073170731707,0.0
13,0,2,2,21,3,5,2,0.9519832985386223,0.005420054200542005,0.0
5,1,0,0,20,4,5,1,0.9394572025052192,1.0,1.0
49,0,2,0,5,4,5,0,0.9394572025052192,0.24390243902439024,0.0
11,0,2,0,14,0,5,5,0.16701461377870586,0.2764227642276423,1.0
6,0,2,0,21,1,5,4,0.9478079331941547,0.20596205962059622,0.0
64,0,0,2,13,4,5,0,0.32150313152400845,0.5365853658536585,1.0
64,0,2,2,21,5,5,4,0.32150313152400845,0.11924119241192412,0.0
105,0,2,0,7,4,5,0,0.7515657620041754,0.2981029810298103,0.0
5,1,0,0,11,4,5,0,0.9394572025052192,0.05962059620596205,0.0
30,0,2,2,5,1,5,0,0.8914405010438415,0.4444444444444445,0.0
18,0,2,0,21,4,5,5,0.3549060542797495,0.21138211382113822,1.0
68,0,0,2,15,7,5,5,0.47599164926931103,0.24932249322493225,0.0
49,0,0,0,15,3,5,1,0.9394572025052192,0.5853658536585366,0.0
13,0,2,2,21,1,5,5,0.9519832985386223,1.0,0.0
64,1,2,2,17,3,5,0,0.32150313152400845,0.13008130081300812,1.0
85,0,2,0,17,7,1,5,0.8893528183716073,0.41192411924119243,0.0
30,0,2,0,1,4,4,1,0.8914405010438415,1.0,0.0
4,1,2,0,0,2,5,0,0.6972860125260962,0.13550135501355012,0.0
77,0,2,0,15,4,5,0,0.6388308977035491,0.6341463414634146,0.0
48,0,2,2,21,4,5,2,0.9185803757828812,0.7425474254742547,0.0
5,1,2,1,17,4,5,0,0.9394572025052192,0.2981029810298103,1.0
5,0,2,0,0,4,5,0,0.9394572025052192,0.12466124661246611,1.0
30,0,1,0,1,7,5,0,0.8914405010438415,0.25474254742547425,0.0
0,0,2,2,13,4,5,5,0.7870563674321502,0.20596205962059622,0.0
5,0,2,0,14,1,5,0,0.9394572025052192,0.17886178861788618,0.0
64,0,2,2,18,4,5,2,0.32150313152400845,0.30352303523035234,1.0
91,0,2,3,21,4,5,5,0.9248434237995826,0.1084010840108401,0.0
5,0,2,0,21,2,5,3,0.9394572025052192,0.027100271002710022,0.0
99,0,1,2,1,1,5,2,0.8643006263048016,0.03252032520325203,0.0
83,0,2,0,9,7,5,0,0.6096033402922756,0.26558265582655827,0.0
97,1,0,2,15,4,5,5,0.3695198329853864,0.03252032520325203,1.0
49,0,2,0,15,3,5,0,0.9394572025052192,0.2601626016260163,0.0
48,1,2,4,18,4,5,1,0.9185803757828812,0.1084010840108401,0.0
4,1,0,0,15,4,5,5,0.6972860125260962,0.5474254742547425,0.0
13,0,2,1,2,3,3,4,0.9519832985386223,0.5745257452574526,0.0
121,0,2,0,21,4,5,4,1.0,0.9051490514905148,0.0
64,0,0,0,21,2,5,0,0.32150313152400845,0.0921409214092141,0.0
30,1,0,2,17,4,5,5,0.8914405010438415,0.23306233062330622,1.0
13,0,2,1,2,4,5,4,0.9519832985386223,0.33062330623306235,0.0
48,1,2,2,15,1,1,0,0.9185803757828812,0.5365853658536585,0.0
57,0,2,0,16,4,5,0,0.6137787056367434,0.03252032520325203,1.0
2,0,2,1,21,4,5,5,0.8705636743215033,0.0975609756097561,0.0
13,0,2,3,21,4,5,0,0.9519832985386223,0.2168021680216802,0.0
13,0,2,0,16,4,5,5,0.9519832985386223,0.13550135501355012,0.0
61,1,2,0,14,4,5,0,0.4425887265135702,0.17886178861788618,1.0
91,1,2,2,11,4,5,5,0.9248434237995826,0.0921409214092141,0.0
99,0,2,0,5,4,5,2,0.8643006263048016,0.10298102981029811,0.0
49,0,2,0,5,4,5,0,0.9394572025052192,0.25474254742547425,0.0
48,0,2,0,10,6,5,1,0.9185803757828812,0.10298102981029811,0.0
30,0,2,2,21,3,5,4,0.8914405010438415,0.34146341463414637,0.0
78,1,1,0,14,4,5,0,0.7453027139874742,0.5962059620596206,1.0
64,0,0,0,14,4,5,0,0.32150313152400845,0.34688346883468835,0.0
48,0,2,2,6,0,5,2,0.9185803757828812,0.29268292682926833,0.0
43,1,0,0,14,4,5,0,0.47599164926931103,0.08672086720867209,1.0
94,0,2,2,2,4,5,1,0.6931106471816286,0.1842818428184282,0.0
49,0,2,0,14,4,5,0,0.9394572025052192,0.05420054200542005,0.0
99,0,2,2,7,4,1,1,0.8643006263048016,0.5257452574525745,0.0
5,0,2,0,21,1,5,2,0.9394572025052192,0.05420054200542005,1.0
4,0,2,0,3,5,5,1,0.6972860125260962,0.5528455284552846,0.0
91,1,2,1,11,4,5,1,0.9248434237995826,1.0,0.0
5,1,2,0,21,4,5,0,0.9394572025052192,0.41734417344173447,0.0
13,1,0,0,21,2,5,0,0.9519832985386223,0.6124661246612466,1.0
69,0,2,0,3,7,1,4,0.7891440501043843,0.016260162601626015,0.0
64,0,2,0,14,1,5,1,0.32150313152400845,0.05962059620596205,0.0
103,0,2,0,21,1,5,0,0.9791231732776617,0.34146341463414637,0.0
13,0,2,2,5,3,5,5,0.9519832985386223,0.33062330623306235,1.0
41,1,1,0,11,4,5,0,0.457202505219207,0.11924119241192412,1.0
5,0,2,2,18,4,5,1,0.9394572025052192,0.23848238482384823,1.0
5,0,2,0,13,4,4,1,0.9394572025052192,0.3739837398373984,0.0
2,1,1,0,14,4,5,0,0.8705636743215033,0.26558265582655827,1.0
5,0,2,0,1,4,5,0,0.9394572025052192,0.2601626016260163,0.0
93,0,2,0,16,1,5,5,0.40918580375782887,0.0921409214092141,0.0
31,0,2,4,2,4,5,1,0.7640918580375784,0.06504065040650406,0.0
6,0,2,2,19,4,1,0,0.9478079331941547,0.2710027100271003,0.0
13,1,0,2,9,4,5,1,0.9519832985386223,0.4444444444444445,0.0
2,0,2,0,11,0,5,0,0.8705636743215033,0.26558265582655827,0.0
5,0,2,0,21,4,5,4,0.9394572025052192,1.0,0.0
51,1,2,2,17,1,5,2,0.9039665970772444,0.0921409214092141,0.0
5,0,2,0,21,1,5,0,0.9394572025052192,1.0,0.0
68,0,2,0,5,4,5,1,0.47599164926931103,0.16802168021680217,0.0
5,0,2,0,13,5,1,1,0.9394572025052192,0.0975609756097561,0.0
13,1,0,0,13,4,5,0,0.9519832985386223,0.31436314363143636,0.0
13,0,2,2,2,4,5,4,0.9519832985386223,0.7317073170731707,0.0
94,1,2,0,2,4,5,4,0.6931106471816286,0.25474254742547425,0.0
64,0,2,0,16,4,5,3,0.32150313152400845,0.5149051490514904,1.0
91,0,2,2,2,0,0,0,0.9248434237995826,0.23848238482384823,0.0
5,0,2,0,21,4,5,1,0.9394572025052192,0.2710027100271003,1.0
64,0,2,2,18,6,5,4,0.32150313152400845,0.1897018970189702,1.0
6,0,2,0,2,3,5,0,0.9478079331941547,0.22764227642276422,0.0
112,1,0,1,17,4,5,0,0.9457202505219209,0.5799457994579945,0.0
85,1,2,2,14,4,5,2,0.8893528183716073,0.5528455284552846,0.0
42,1,0,0,16,4,5,0,0.47599164926931103,0.8075880758807588,0.0
49,1,2,0,4,4,5,4,0.9394572025052192,0.5799457994579945,0.0
70,0,2,2,21,4,0,0,0.9791231732776617,0.010840108401084009,1.0
82,1,0,0,17,4,5,0,0.8768267223382047,0.5691056910569106,1.0
63,1,0,4,11,4,5,5,0.6805845511482254,0.05420054200542005,0.0
48,0,2,0,5,4,4,1,0.9185803757828812,0.03252032520325203,0.0
13,0,1,1,13,2,5,5,0.9519832985386223,0.17886178861788618,0.0
5,0,2,0,17,2,5,2,0.9394572025052192,0.13008130081300812,0.0
41,1,0,1,13,4,5,5,0.457202505219207,0.23848238482384823,0.0
55,0,0,0,17,0,5,0,0.8517745302713988,0.1951219512195122,1.0
13,1,0,1,19,4,5,0,0.9519832985386223,0.25474254742547425,0.0
64,1,1,0,19,4,5,5,0.32150313152400845,0.17886178861788618,0.0
30,1,0,2,0,4,5,5,0.8914405010438415,0.08130081300813008,0.0
4,0,2,3,8,4,5,1,0.6972860125260962,0.48780487804878053,0.0
49,0,2,0,16,4,5,0,0.9394572025052192,0.8834688346883468,0.0
79,0,2,2,16,4,5,0,0.1941544885177453,0.5528455284552846,1.0
49,0,2,0,21,4,5,5,0.9394572025052192,0.35772357723577236,0.0
13,0,2,0,21,7,5,4,0.9519832985386223,0.07046070460704607,0.0
5,0,2,4,18,4,5,0,0.9394572025052192,0.9701897018970189,0.0
5,1,0,0,16,3,4,4,0.9394572025052192,0.2981029810298103,1.0
13,0,2,2,4,1,5,1,0.9519832985386223,0.5149051490514904,0.0
11,1,0,0,14,4,5,5,0.16701461377870586,0.13008130081300812,0.0
42,0,2,0,13,4,5,1,0.47599164926931103,0.6504065040650406,0.0
100,0,2,0,8,1,5,1,0.6784968684759918,0.1084010840108401,0.0
64,0,2,2,7,5,5,1,0.32150313152400845,0.06504065040650406,1.0
82,0,2,0,21,7,0,4,0.8768267223382047,0.30352303523035234,0.0
103,0,2,0,6,4,5,4,0.9791231732776617,0.26558265582655827,1.0
31,1,2,0,20,4,5,0,0.7640918580375784,0.16260162601626016,1.0
64,1,0,1,0,4,5,5,0.32150313152400845,0.5365853658536585,0.0
5,0,2,0,21,3,5,3,0.9394572025052192,0.4715447154471545,0.0
5,0,2,0,19,0,5,0,0.9394572025052192,0.0921409214092141,1.0
75,0,2,0,15,4,5,0,0.676409185803758,0.9268292682926829,0.0
91,0,2,1,16,3,5,0,0.9248434237995826,0.010840108401084009,0.0
5,0,2,2,19,0,5,0,0.9394572025052192,0.11382113821138211,0.0
13,0,2,0,19,4,5,0,0.9519832985386223,0.6883468834688347,0.0
93,0,2,0,17,1,5,0,0.40918580375782887,0.6775067750677507,0.0
48,0,0,0,13,0,5,0,0.9185803757828812,0.34688346883468835,0.0
5,0,2,0,20,4,5,4,0.9394572025052192,0.46070460704607047,1.0
56,0,1,0,1,7,5,0,0.6388308977035491,0.16260162601626016,1.0
112,0,2,0,6,1,5,4,0.9457202505219209,0.03252032520325203,0.0
64,0,2,0,21,0,5,0,0.32150313152400845,0.981029810298103,1.0
30,1,0,2,18,4,5,0,0.8914405010438415,0.2710027100271003,0.0
5,0,2,0,11,4,3,0,0.9394572025052192,0.037940379403794036,0.0
5,0,2,0,21,0,5,4,0.9394572025052192,0.7533875338753387,0.0
112,0,2,0,4,1,5,0,0.9457202505219209,0.04878048780487805,0.0
64,1,0,4,11,4,5,0,0.32150313152400845,0.1084010840108401,1.0
4,0,2,2,11,3,5,1,0.6972860125260962,0.1842818428184282,0.0
48,1,2,0,13,3,5,0,0.9185803757828812,0.8455284552845528,0.0
5,0,0,0,14,4,5,2,0.9394572025052192,0.16802168021680217,1.0
5,0,2,0,15,7,5,0,0.9394572025052192,0.13550135501355012,0.0
64,0,2,2,15,3,5,1,0.32150313152400845,0.2981029810298103,1.0
13,0,0,0,17,1,5,0,0.9519832985386223,0.15176151761517614,0.0
5,0,2,0,21,4,5,4,0.9394572025052192,0.2222222222222222,1.0
48,1,2,2,6,3,5,4,0.9185803757828812,0.0921409214092141,0.0
64,0,2,0,14,4,5,0,0.32150313152400845,0.25474254742547425,1.0
13,0,2,2,21,3,5,0,0.9519832985386223,0.7533875338753387,0.0
5,1,2,2,12,1,2,3,0.9394572025052192,0.1842818428184282,0.0
5,0,2,1,3,4,2,1,0.9394572025052192,0.08130081300813008,0.0
7,0,2,0,21,4,5,3,0.676409185803758,0.07588075880758807,0.0
64,1,2,0,20,1,1,0,0.32150313152400845,0.1897018970189702,0.0
5,0,2,0,21,4,4,4,0.9394572025052192,0.22764227642276422,1.0
13,0,2,1,2,4,5,4,0.9519832985386223,0.13550135501355012,1.0
5,1,1,0,11,3,5,0,0.9394572025052192,0.027100271002710022,0.0
64,1,0,0,13,4,5,5,0.32150313152400845,0.23306233062330622,0.0
65,0,2,1,13,4,5,2,0.8956158663883091,0.1084010840108401,0.0
42,1,2,0,14,1,4,0,0.47599164926931103,0.13008130081300812,0.0
5,1,2,2,19,4,4,4,0.9394572025052192,0.06504065040650406,0.0
5,1,2,0,11,1,5,1,0.9394572025052192,0.5691056910569106,0.0
5,0,2,0,9,3,5,3,0.9394572025052192,0.5365853658536585,0.0
64,0,0,0,13,4,0,4,0.32150313152400845,0.7100271002710027,1.0
49,0,2,0,21,0,1,0,0.9394572025052192,0.10298102981029811,0.0
6,1,0,1,13,4,5,0,0.9478079331941547,0.11382113821138211,1.0
5,0,2,0,21,4,1,4,0.9394572025052192,0.41192411924119243,0.0
31,0,2,0,7,5,5,4,0.7640918580375784,0.13550135501355012,0.0
65,0,1,0,7,3,5,0,0.8956158663883091,0.43902439024390244,0.0
30,0,2,2,17,4,5,5,0.8914405010438415,0.10298102981029811,0.0
112,0,2,0,14,4,5,0,0.9457202505219209,1.0,0.0
5,0,2,0,6,1,5,1,0.9394572025052192,0.14634146341463414,1.0
64,1,2,0,11,4,5,5,0.32150313152400845,0.03252032520325203,1.0
5,0,1,0,14,3,5,3,0.9394572025052192,0.5365853658536585,0.0
103,0,2,1,13,4,5,0,0.9791231732776617,0.11382113821138211,0.0
5,0,2,0,7,4,5,0,0.9394572025052192,0.13008130081300812,1.0
5,0,2,0,15,7,5,0,0.9394572025052192,0.1084010840108401,0.0
83,1,0,0,13,4,2,4,0.6096033402922756,0.6558265582655827,1.0
5,0,0,0,15,4,5,0,0.9394572025052192,0.13008130081300812,1.0
5,0,2,2,21,4,5,1,0.9394572025052192,0.5203252032520325,1.0
70,0,2,2,21,4,5,5,0.9791231732776617,0.26558265582655827,0.0
31,0,1,1,19,4,5,1,0.7640918580375784,0.037940379403794036,0.0
5,0,2,0,17,4,5,0,0.9394572025052192,0.24390243902439024,1.0
51,0,2,0,16,1,5,5,0.9039665970772444,0.10298102981029811,0.0
94,1,2,0,21,4,5,2,0.6931106471816286,0.26558265582655827,0.0
5,0,2,0,19,1,5,0,0.9394572025052192,0.04336043360433604,0.0
13,0,2,0,6,1,5,0,0.9519832985386223,0.06504065040650406,0.0
4,0,0,0,21,2,5,0,0.6972860125260962,0.3631436314363144,0.0
49,0,0,2,19,1,5,1,0.9394572025052192,0.24932249322493225,0.0
5,0,2,3,21,4,5,4,0.9394572025052192,0.34688346883468835,0.0
64,0,2,0,11,3,5,0,0.32150313152400845,0.3631436314363144,0.0
120,1,0,0,11,4,5,1,0.9498956158663885,0.7317073170731707,1.0
5,0,2,0,5,2,5,0,0.9394572025052192,0.05420054200542005,0.0
93,0,2,0,14,7,5,2,0.40918580375782887,0.21138211382113822,0.0
30,0,2,2,5,0,1,5,0.8914405010438415,0.016260162601626015,0.0
64,1,0,0,14,4,5,5,0.32150313152400845,0.20596205962059622,1.0
49,0,2,0,21,1,5,4,0.9394572025052192,0.17344173441734417,0.0
49,1,2,0,18,1,5,0,0.9394572025052192,0.2168021680216802,0.0
95,1,0,1,11,4,5,5,0.8037578288100209,0.11382113821138211,0.0
64,0,2,2,13,0,5,0,0.32150313152400845,0.34146341463414637,1.0
11,0,2,0,18,4,5,0,0.16701461377870586,0.05420054200542005,0.0
48,0,2,0,2,5,5,0,0.9185803757828812,0.2710027100271003,0.0
5,0,2,0,21,6,5,4,0.9394572025052192,0.016260162601626015,1.0
13,1,2,1,14,4,5,5,0.9519832985386223,0.5582655826558265,0.0
51,0,2,2,21,7,0,0,0.9039665970772444,0.11924119241192412,0.0
55,0,2,0,12,6,5,4,0.8517745302713988,0.1897018970189702,0.0
30,0,2,2,15,3,2,0,0.8914405010438415,0.16260162601626016,0.0
64,0,2,0,19,4,5,0,0.32150313152400845,0.04336043360433604,0.0
89,0,0,2,4,1,5,1,0.826722338204593,0.0975609756097561,0.0
5,0,2,2,9,3,5,3,0.9394572025052192,0.010840108401084009,0.0
5,0,1,2,6,5,4,0,0.9394572025052192,0.04878048780487805,0.0
48,0,2,0,17,3,5,2,0.9185803757828812,0.2710027100271003,1.0
78,1,1,0,11,0,5,0,0.7453027139874742,1.0,0.0
95,1,0,1,14,4,5,0,0.8037578288100209,0.016260162601626015,0.0
41,0,2,0,2,4,5,0,0.457202505219207,0.2981029810298103,0.0
11,1,2,4,20,4,5,0,0.16701461377870586,1.0,0.0
5,1,2,0,16,3,5,0,0.9394572025052192,0.39566395663956644,0.0
30,0,2,0,6,7,5,4,0.8914405010438415,0.6558265582655827,1.0
91,0,2,2,14,5,5,0,0.9248434237995826,1.0,0.0
13,1,0,1,0,4,5,5,0.9519832985386223,0.34688346883468835,0.0
65,0,2,0,12,5,5,4,0.8956158663883091,0.07588075880758807,0.0
30,0,2,0,21,4,5,5,0.8914405010438415,0.1842818428184282,0.0
94,0,2,2,21,5,5,1,0.6931106471816286,0.8509485094850948,0.0
64,1,0,0,0,4,5,0,0.32150313152400845,1.0,1.0
5,0,2,0,21,3,5,1,0.9394572025052192,0.05420054200542005,0.0
5,1,0,0,0,4,5,5,0.9394572025052192,0.5907859078590786,0.0
61,0,2,0,13,4,4,1,0.4425887265135702,0.7533875338753387,1.0
49,1,0,1,18,1,4,1,0.9394572025052192,0.25474254742547425,0.0
5,0,2,0,2,2,5,1,0.9394572025052192,0.2168021680216802,0.0
5,1,2,0,2,1,5,0,0.9394572025052192,0.22764227642276422,0.0
83,0,1,0,19,1,5,0,0.6096033402922756,0.010840108401084009,0.0
112,1,2,2,17,1,5,0,0.9457202505219209,0.04878048780487805,0.0
49,0,2,0,2,4,5,2,0.9394572025052192,0.5474254742547425,0.0
48,0,2,0,11,4,1,0,0.9185803757828812,0.7913279132791328,0.0
30,1,1,0,13,4,5,0,0.8914405010438415,0.41734417344173447,1.0
96,0,2,0,1,4,5,0,0.8058455114822547,0.4715447154471545,0.0
5,0,2,0,4,3,5,2,0.9394572025052192,0.05962059620596205,0.0
64,0,2,0,1,3,5,0,0.32150313152400845,1.0,0.0
103,0,2,0,2,4,5,5,0.9791231732776617,0.2981029810298103,1.0
5,0,1,2,2,1,1,1,0.9394572025052192,0.5365853658536585,0.0
102,0,1,0,3,4,1,1,0.2275574112734864,0.25474254742547425,1.0
48,0,2,2,16,3,5,1,0.9185803757828812,0.6720867208672087,1.0
50,0,1,2,6,2,5,0,0.6200417536534448,0.6666666666666666,1.0
5,0,2,2,21,3,5,4,0.9394572025052192,0.4281842818428185,0.0
30,0,1,0,14,4,5,0,0.8914405010438415,0.5691056910569106,0.0
5,1,1,0,11,4,4,1,0.9394572025052192,0.16260162601626016,0.0
95,0,2,2,9,1,5,0,0.8037578288100209,1.0,0.0
64,0,2,0,0,6,5,0,0.32150313152400845,0.016260162601626015,1.0
78,0,2,0,21,0,5,2,0.7453027139874742,0.08130081300813008,0.0
101,1,2,2,12,4,5,2,0.5929018789144052,0.06504065040650406,1.0
48,1,2,0,16,4,5,5,0.9185803757828812,0.07046070460704607,1.0
116,0,2,0,19,0,5,0,0.47599164926931103,0.05420054200542005,0.0
85,0,2,0,3,4,5,1,0.8893528183716073,0.07588075880758807,0.0
6,1,2,2,2,1,5,0,0.9478079331941547,0.037940379403794036,0.0
109,1,2,1,0,4,5,5,0.7870563674321502,0.3089430894308943,0.0
5,0,1,0,13,7,5,0,0.9394572025052192,1.0,0.0
30,0,2,2,21,3,4,2,0.8914405010438415,1.0,0.0
49,0,2,0,7,1,5,0,0.9394572025052192,0.5691056910569106,0.0
64,1,2,2,15,1,1,0,0.32150313152400845,0.16260162601626016,0.0
13,0,0,0,21,2,2,4,0.9519832985386223,0.14634146341463414,0.0
103,0,2,2,21,4,5,4,0.9791231732776617,0.8401084010840109,0.0
49,0,0,0,6,4,5,4,0.9394572025052192,0.08130081300813008,0.0
103,1,1,1,13,4,4,1,0.9791231732776617,0.30352303523035234,0.0
51,0,2,0,21,1,5,1,0.9039665970772444,0.4769647696476965,0.0
42,0,2,0,16,4,5,0,0.47599164926931103,0.10298102981029811,0.0
5,0,2,0,6,2,2,4,0.9394572025052192,0.4823848238482385,0.0
64,0,2,0,18,6,5,5,0.32150313152400845,0.03252032520325203,1.0
97,1,0,2,14,4,5,0,0.3695198329853864,0.1897018970189702,0.0
5,0,2,0,12,3,4,0,0.9394572025052192,0.07046070460704607,0.0
64,0,0,0,13,3,5,1,0.32150313152400845,0.2005420054200542,0.0
50,1,0,0,11,4,5,5,0.6200417536534448,0.33062330623306235,1.0
48,1,2,0,21,1,5,0,0.9185803757828812,0.0921409214092141,0.0
49,0,2,0,5,4,5,0,0.9394572025052192,0.11924119241192412,0.0
99,0,2,2,11,6,5,0,0.8643006263048016,0.13550135501355012,0.0
30,0,2,0,11,7,0,0,0.8914405010438415,0.4010840108401084,0.0
48,0,2,0,1,6,5,0,0.9185803757828812,0.1084010840108401,0.0
99,0,2,0,18,1,4,2,0.8643006263048016,0.2764227642276423,0.0
49,0,2,0,15,1,5,1,0.9394572025052192,0.14092140921409213,0.0
11,1,2,2,16,4,5,0,0.16701461377870586,0.1084010840108401,1.0
48,0,2,0,14,2,5,0,0.9185803757828812,0.23306233062330622,0.0
99,0,0,0,4,1,2,0,0.8643006263048016,0.5365853658536585,0.0
64,0,2,0,8,6,5,1,0.32150313152400845,0.24932249322493225,1.0
48,0,2,0,13,3,2,1,0.9185803757828812,0.037940379403794036,0.0
49,0,2,0,21,5,1,4,0.9394572025052192,1.0,0.0
85,0,2,2,1,7,0,3,0.8893528183716073,0.04878048780487805,0.0
5,0,2,0,8,3,5,3,0.9394572025052192,0.31436314363143636,0.0
5,1,2,4,14,7,2,0,0.9394572025052192,0.5799457994579945,0.0
11,0,2,0,13,1,2,0,0.16701461377870586,0.7317073170731707,1.0
48,0,2,0,21,3,5,0,0.9185803757828812,0.0921409214092141,0.0
45,1,2,1,0,4,5,0,0.6242171189979124,0.15176151761517614,0.0
99,0,2,2,2,7,5,0,0.8643006263048016,0.1897018970189702,0.0
101,1,0,1,15,4,5,5,0.5929018789144052,0.6666666666666666,1.0
49,0,0,0,1,5,5,0,0.9394572025052192,0.4823848238482385,0.0
5,0,2,0,2,4,5,0,0.9394572025052192,0.16260162601626016,1.0
37,0,2,0,5,0,5,0,0.5636743215031317,0.1084010840108401,0.0
48,1,2,2,9,4,5,4,0.9185803757828812,0.29268292682926833,0.0
65,1,0,1,20,4,5,5,0.8956158663883091,0.1951219512195122,0.0
5,0,2,0,21,3,5,2,0.9394572025052192,0.027100271002710022,0.0
95,0,2,2,7,2,5,0,0.8037578288100209,1.0,0.0
5,0,2,0,4,4,5,4,0.9394572025052192,0.6775067750677507,1.0
5,1,0,0,19,4,5,0,0.9394572025052192,0.3902439024390244,0.0
24,1,0,1,20,4,5,5,0.11899791231732793,0.005420054200542005,1.0
64,0,2,0,20,3,5,5,0.32150313152400845,0.1897018970189702,1.0
13,0,2,0,2,1,5,1,0.9519832985386223,0.15718157181571815,1.0
5,0,2,0,4,2,5,0,0.9394572025052192,0.13008130081300812,1.0
48,0,2,0,1,4,5,4,0.9185803757828812,0.06504065040650406,0.0
5,0,2,0,11,4,1,0,0.9394572025052192,0.2710027100271003,0.0
120,0,2,2,5,5,4,3,0.9498956158663885,0.6016260162601625,0.0
78,0,2,0,7,1,2,0,0.7453027139874742,0.08672086720867209,1.0
13,0,2,1,14,7,1,0,0.9519832985386223,0.5149051490514904,0.0
5,1,2,0,8,4,5,0,0.9394572025052192,0.6287262872628726,1.0
102,0,0,0,16,0,5,0,0.2275574112734864,0.1084010840108401,1.0
74,1,0,4,13,4,5,0,0.8830897703549061,0.11382113821138211,0.0
13,1,2,2,21,3,5,5,0.9519832985386223,0.2764227642276423,0.0
64,0,2,2,17,4,5,1,0.32150313152400845,0.10298102981029811,0.0
101,0,2,0,2,2,5,0,0.5929018789144052,0.8401084010840109,0.0
49,0,1,0,19,4,5,2,0.9394572025052192,0.29268292682926833,0.0
64,0,2,2,21,6,5,0,0.32150313152400845,0.06504065040650406,1.0
21,1,1,1,11,4,5,0,0.5594989561586641,0.3902439024390244,0.0
64,1,0,1,13,4,5,5,0.32150313152400845,0.2764227642276423,0.0
48,0,2,0,18,2,5,0,0.9185803757828812,0.16802168021680217,0.0
64,0,2,0,16,5,1,3,0.32150313152400845,0.3089430894308943,1.0
64,0,2,0,3,6,5,0,0.32150313152400845,0.4661246612466125,1.0
64,0,2,0,15,1,5,2,0.32150313152400845,0.8943089430894309,1.0
18,0,2,0,5,2,5,0,0.3549060542797495,0.7967479674796748,0.0
5,0,2,0,14,3,5,0,0.9394572025052192,0.11924119241192412,0.0
13,0,2,0,19,7,5,0,0.9519832985386223,0.0975609756097561,0.0
78,0,2,0,11,0,5,5,0.7453027139874742,0.5745257452574526,0.0
101,1,2,0,16,4,5,5,0.5929018789144052,0.7208672086720866,1.0
30,0,2,2,16,6,5,0,0.8914405010438415,0.6504065040650406,0.0
5,1,2,0,14,4,5,0,0.9394572025052192,0.16802168021680217,0.0
118,0,2,0,19,4,5,1,0.8246346555323592,0.8184281842818428,1.0
64,0,2,0,15,4,5,2,0.32150313152400845,0.2981029810298103,1.0
121,1,2,1,0,4,5,5,1.0,0.16802168021680217,0.0
81,0,2,0,17,3,5,5,0.5323590814196242,0.8617886178861789,0.0
5,0,2,0,21,2,5,4,0.9394572025052192,0.04336043360433604,1.0
64,0,2,0,13,4,1,0,0.32150313152400845,0.06504065040650406,1.0
6,0,2,0,21,2,2,3,0.9478079331941547,0.26558265582655827,0.0
35,0,0,2,11,4,5,5,0.6116910229645096,0.29268292682926833,0.0
63,0,1,2,14,4,1,0,0.6805845511482254,0.39566395663956644,0.0
94,0,1,0,1,3,5,0,0.6931106471816286,0.11382113821138211,0.0
112,0,2,2,21,4,5,0,0.9457202505219209,0.06504065040650406,0.0
5,0,2,0,1,3,5,3,0.9394572025052192,0.8888888888888888,0.0
103,0,2,3,21,1,5,4,0.9791231732776617,0.30352303523035234,0.0
97,0,2,2,13,3,5,0,0.3695198329853864,0.5365853658536585,0.0
64,0,2,2,2,3,5,0,0.32150313152400845,0.2710027100271003,0.0
5,0,2,0,13,7,5,5,0.9394572025052192,0.29268292682926833,0.0
64,0,0,0,14,4,5,0,0.32150313152400845,0.04336043360433604,1.0
103,0,2,0,16,4,1,3,0.9791231732776617,0.2764227642276423,0.0
5,1,0,0,16,4,5,0,0.9394572025052192,0.8943089430894309,1.0
5,0,2,0,14,2,5,0,0.9394572025052192,0.2764227642276423,0.0
103,0,2,0,12,2,5,4,0.9791231732776617,0.13550135501355012,0.0
13,1,2,0,14,0,5,3,0.9519832985386223,0.0921409214092141,0.0
91,0,2,2,1,4,5,0,0.9248434237995826,0.31978319783197834,0.0
29,1,2,2,3,5,2,0,0.47599164926931103,0.8455284552845528,0.0
64,1,0,1,13,4,5,5,0.32150313152400845,0.17886178861788618,0.0
5,1,0,1,20,4,5,5,0.9394572025052192,0.10298102981029811,0.0
64,0,2,2,16,1,5,0,0.32150313152400845,0.4932249322493225,1.0
5,0,2,0,18,5,1,0,0.9394572025052192,0.7208672086720866,0.0
48,0,2,0,14,1,5,0,0.9185803757828812,0.10298102981029811,0.0
30,0,2,2,4,5,5,4,0.8914405010438415,0.02168021680216802,0.0
5,0,2,0,2,4,5,1,0.9394572025052192,0.14634146341463414,0.0
66,0,2,0,11,2,5,0,0.47599164926931103,0.11924119241192412,0.0
49,0,2,0,10,4,5,0,0.9394572025052192,0.34146341463414637,0.0
5,0,2,2,17,3,5,0,0.9394572025052192,0.04336043360433604,1.0
82,0,2,2,1,1,5,0,0.8768267223382047,0.30352303523035234,0.0
13,0,2,0,21,4,5,5,0.9519832985386223,0.8292682926829268,0.0
101,0,0,1,14,3,5,0,0.5929018789144052,0.8509485094850948,0.0
5,0,2,0,21,2,5,4,0.9394572025052192,0.23306233062330622,0.0
48,1,2,1,15,4,5,0,0.9185803757828812,0.2222222222222222,0.0
13,1,2,1,18,4,5,0,0.9519832985386223,0.8346883468834688,1.0
81,1,2,0,6,4,5,0,0.5323590814196242,0.0975609756097561,0.0
5,0,2,2,3,4,5,0,0.9394572025052192,0.0,1.0
64,1,0,1,16,4,5,5,0.32150313152400845,0.1951219512195122,1.0
6,0,2,0,19,3,4,1,0.9478079331941547,0.23848238482384823,0.0
31,1,0,0,18,5,5,0,0.7640918580375784,0.03252032520325203,0.0
5,0,2,0,13,3,5,0,0.9394572025052192,0.2764227642276423,0.0
5,0,2,0,15,6,2,1,0.9394572025052192,0.13008130081300812,0.0
64,0,2,0,18,5,5,0,0.32150313152400845,0.29268292682926833,0.0
49,1,2,0,21,1,2,0,0.9394572025052192,0.03252032520325203,0.0
38,0,2,0,14,4,5,0,0.7724425887265136,0.05420054200542005,1.0
5,0,2,0,15,0,0,0,0.9394572025052192,0.5257452574525745,0.0
99,0,2,0,17,4,1,0,0.8643006263048016,0.43360433604336046,0.0
94,1,0,0,18,4,5,0,0.6931106471816286,0.1897018970189702,1.0
94,0,2,1,1,4,5,4,0.6931106471816286,0.6287262872628726,1.0
64,0,2,0,11,7,0,0,0.32150313152400845,0.016260162601626015,0.0
2,1,2,1,14,4,5,5,0.8705636743215033,0.7967479674796748,0.0
64,1,0,1,18,4,5,5,0.32150313152400845,1.0,0.0
31,0,2,0,15,4,5,0,0.7640918580375784,0.037940379403794036,0.0
65,0,2,0,21,4,1,0,0.8956158663883091,0.6124661246612466,0.0
101,0,1,0,13,4,5,4,0.5929018789144052,0.20596205962059622,0.0
71,0,2,0,18,4,5,0,0.47599164926931103,0.07588075880758807,0.0
5,0,2,0,5,4,5,0,0.9394572025052192,0.8509485094850948,1.0
13,0,2,0,5,2,5,1,0.9519832985386223,0.3360433604336044,0.0
13,0,2,2,10,3,5,0,0.9519832985386223,1.0,0.0
13,1,0,0,15,3,5,0,0.9519832985386223,0.037940379403794036,1.0
5,0,2,0,21,4,5,4,0.9394572025052192,0.4715447154471545,0.0
64,0,2,0,3,4,5,5,0.32150313152400845,0.04878048780487805,0.0
78,0,2,2,21,0,5,4,0.7453027139874742,0.41734417344173447,0.0
5,1,2,0,21,3,5,1,0.9394572025052192,0.8401084010840109,0.0
30,0,2,2,16,0,5,0,0.8914405010438415,0.3739837398373984,0.0
7,0,1,0,19,4,5,0,0.676409185803758,0.05420054200542005,0.0
49,1,2,0,21,2,5,0,0.9394572025052192,1.0,1.0
30,0,2,0,17,7,5,2,0.8914405010438415,0.14092140921409213,0.0
5,0,2,0,9,3,5,4,0.9394572025052192,0.23848238482384823,0.0
5,0,2,0,1,2,5,0,0.9394572025052192,1.0,0.0
13,0,2,2,6,0,5,5,0.9519832985386223,1.0,0.0
13,0,2,3,21,4,5,4,0.9519832985386223,0.13008130081300812,0.0
5,1,2,0,6,1,5,0,0.9394572025052192,1.0,0.0
13,1,2,1,13,4,5,5,0.9519832985386223,0.4823848238482385,0.0
64,0,2,2,17,4,5,0,0.32150313152400845,0.05962059620596205,1.0
64,0,2,0,1,4,5,0,0.32150313152400845,1.0,0.0
11,0,2,0,21,2,5,0,0.16701461377870586,0.24390243902439024,0.0
101,1,0,0,15,4,5,5,0.5929018789144052,0.06504065040650406,0.0
11,1,0,0,13,4,5,5,0.16701461377870586,0.07046070460704607,1.0
5,0,2,2,5,4,5,1,0.9394572025052192,0.34146341463414637,0.0
65,0,2,0,1,0,1,0,0.8956158663883091,0.23848238482384823,0.0
93,0,2,0,11,4,5,0,0.40918580375782887,0.03252032520325203,0.0
64,0,2,0,20,4,5,0,0.32150313152400845,0.5853658536585366,1.0
114,1,2,1,20,4,5,5,0.9498956158663885,0.3848238482384824,0.0
5,0,2,0,15,3,5,1,0.9394572025052192,0.5040650406504065,1.0
120,0,2,0,17,4,5,0,0.9498956158663885,0.3685636856368564,0.0
48,0,2,2,8,4,1,0,0.9185803757828812,0.3252032520325204,0.0
64,0,2,0,15,1,5,3,0.32150313152400845,0.14634146341463414,0.0
48,1,2,2,15,3,5,5,0.9185803757828812,0.16260162601626016,0.0
98,0,0,0,1,1,5,1,0.47599164926931103,0.03252032520325203,1.0
5,0,2,0,13,2,5,1,0.9394572025052192,0.02168021680216802,0.0
5,0,2,0,4,3,5,0,0.9394572025052192,0.5040650406504065,1.0
5,0,2,0,3,0,5,5,0.9394572025052192,0.13008130081300812,0.0
5,0,2,1,21,4,5,4,0.9394572025052192,0.17344173441734417,0.0
74,0,2,1,21,3,5,4,0.8830897703549061,0.1842818428184282,0.0
55,0,2,0,8,0,5,4,0.8517745302713988,0.22764227642276422,0.0
5,0,2,2,17,4,5,0,0.9394572025052192,0.2222222222222222,1.0
13,0,2,0,21,1,5,0,0.9519832985386223,0.1084010840108401,0.0
105,0,2,4,3,1,5,0,0.7515657620041754,0.22764227642276422,0.0
78,0,2,2,17,4,5,0,0.7453027139874742,0.2981029810298103,0.0
64,0,2,0,9,4,5,4,0.32150313152400845,0.11382113821138211,0.0
103,0,2,0,21,3,5,1,0.9791231732776617,0.1084010840108401,0.0
5,0,2,0,17,4,5,0,0.9394572025052192,0.14092140921409213,0.0
116,0,2,0,21,4,5,1,0.47599164926931103,0.1951219512195122,0.0
64,0,2,0,16,0,5,0,0.32150313152400845,0.016260162601626015,1.0
30,0,2,0,11,4,5,1,0.8914405010438415,0.3523035230352304,0.0
64,0,2,0,9,3,5,5,0.32150313152400845,0.2981029810298103,0.0
3,0,2,0,15,0,0,0,0.1837160751565763,0.7588075880758808,0.0
5,0,2,2,21,1,2,3,0.9394572025052192,0.21138211382113822,0.0
94,0,2,0,10,4,5,4,0.6931106471816286,0.4661246612466125,0.0
48,0,2,0,21,3,5,4,0.9185803757828812,0.3089430894308943,1.0
48,0,2,2,5,7,5,3,0.9185803757828812,0.4715447154471545,0.0
5,1,2,1,14,4,5,0,0.9394572025052192,0.34146341463414637,0.0
5,0,2,0,14,4,5,0,0.9394572025052192,0.2764227642276423,0.0
101,0,2,2,4,0,0,1,0.5929018789144052,0.2872628726287263,0.0
30,0,2,2,5,3,5,4,0.8914405010438415,0.08130081300813008,0.0
5,0,2,2,17,3,5,3,0.9394572025052192,0.07046070460704607,0.0
5,1,0,1,15,4,5,0,0.9394572025052192,0.5691056910569106,1.0
103,0,2,0,17,1,5,0,0.9791231732776617,0.03252032520325203,0.0
5,0,2,2,3,3,5,3,0.9394572025052192,0.23306233062330622,0.0
113,0,2,2,4,4,5,4,0.47599164926931103,0.6558265582655827,1.0
49,0,2,0,7,3,5,3,0.9394572025052192,0.16802168021680217,0.0
5,0,2,0,21,4,5,4,0.9394572025052192,0.4932249322493225,0.0
30,0,2,2,5,3,5,1,0.8914405010438415,0.5257452574525745,0.0
15,0,2,2,19,1,5,3,0.5699373695198331,0.04336043360433604,0.0
5,1,2,1,20,4,5,0,0.9394572025052192,0.027100271002710022,0.0
24,0,1,1,11,4,5,0,0.11899791231732793,0.26558265582655827,1.0
5,0,2,0,15,1,5,1,0.9394572025052192,0.39566395663956644,1.0
121,1,2,2,21,7,5,4,1.0,0.7317073170731707,0.0
48,0,2,2,2,7,0,0,0.9185803757828812,0.42276422764227645,0.0
5,0,0,0,13,3,5,0,0.9394572025052192,0.2710027100271003,0.0
64,0,2,0,13,3,5,0,0.32150313152400845,0.25474254742547425,1.0
21,0,2,0,1,2,5,1,0.5594989561586641,0.1084010840108401,0.0
5,1,2,0,21,4,5,4,0.9394572025052192,0.08672086720867209,0.0
5,0,2,0,8,4,5,4,0.9394572025052192,0.11924119241192412,0.0
64,0,0,2,16,4,5,3,0.32150313152400845,0.40650406504065045,1.0
1,1,0,0,15,4,5,0,0.8872651356993737,0.10298102981029811,1.0
5,0,2,0,12,1,5,0,0.9394572025052192,0.10298102981029811,0.0
64,1,2,0,0,4,0,0,0.32150313152400845,0.17886178861788618,1.0
120,0,2,2,19,4,5,0,0.9498956158663885,0.17886178861788618,0.0
30,0,2,0,5,1,5,0,0.8914405010438415,0.08130081300813008,0.0
102,1,0,0,20,4,5,5,0.2275574112734864,0.16260162601626016,0.0
64,0,0,0,13,0,5,0,0.32150313152400845,0.41734417344173447,1.0
5,1,0,1,15,4,5,0,0.9394572025052192,0.5799457994579945,0.0
5,0,2,0,6,7,5,0,0.9394572025052192,0.3523035230352304,0.0
64,0,2,2,1,1,5,4,0.32150313152400845,0.5149051490514904,1.0
64,0,2,0,16,4,4,1,0.32150313152400845,0.23848238482384823,1.0
31,0,2,0,19,3,5,0,0.7640918580375784,0.08672086720867209,0.0
49,0,2,0,14,3,5,5,0.9394572025052192,0.08672086720867209,0.0
5,0,2,0,10,1,2,0,0.9394572025052192,0.1084010840108401,0.0
5,0,2,0,11,1,5,1,0.9394572025052192,0.959349593495935,0.0
114,0,2,2,4,4,4,0,0.9498956158663885,0.8130081300813008,0.0
64,1,0,1,15,4,5,5,0.32150313152400845,0.13550135501355012,0.0
2,0,1,1,13,0,5,0,0.8705636743215033,0.07046070460704607,0.0
48,0,2,2,13,0,5,0,0.9185803757828812,1.0,0.0
5,1,2,0,20,4,5,5,0.9394572025052192,0.1084010840108401,0.0
103,0,2,2,21,2,5,0,0.9791231732776617,0.2981029810298103,0.0
121,1,2,0,5,4,5,5,1.0,0.3739837398373984,0.0
30,0,1,0,0,4,5,0,0.8914405010438415,1.0,0.0
103,0,2,0,21,4,5,0,0.9791231732776617,0.04336043360433604,0.0
89,1,0,1,15,4,5,5,0.826722338204593,0.0975609756097561,0.0
89,0,2,0,21,2,5,0,0.826722338204593,0.11924119241192412,0.0
5,0,2,2,4,3,5,1,0.9394572025052192,0.11382113821138211,0.0
5,1,0,0,21,0,5,0,0.9394572025052192,0.2168021680216802,1.0
1,1,2,4,17,4,5,5,0.8872651356993737,1.0,0.0
30,0,1,2,17,4,5,0,0.8914405010438415,0.34688346883468835,0.0
57,0,1,0,2,4,5,0,0.6137787056367434,0.12466124661246611,1.0
48,0,2,0,18,0,5,0,0.9185803757828812,0.1951219512195122,0.0
99,1,0,2,19,4,5,0,0.8643006263048016,0.5365853658536585,1.0
106,0,0,1,13,4,5,0,0.2275574112734864,1.0,1.0
48,1,0,1,15,4,5,0,0.9185803757828812,0.35772357723577236,1.0
77,0,2,0,15,4,5,0,0.6388308977035491,0.5257452574525745,0.0
5,0,2,0,3,4,5,0,0.9394572025052192,0.9159891598915989,0.0
13,0,0,2,1,4,4,3,0.9519832985386223,0.14634146341463414,0.0
5,0,2,0,19,3,5,0,0.9394572025052192,0.3848238482384824,0.0
51,0,2,0,3,7,2,2,0.9039665970772444,0.2872628726287263,1.0
120,0,0,0,8,1,5,0,0.9498956158663885,0.25474254742547425,0.0
5,0,2,0,6,1,1,4,0.9394572025052192,0.5474254742547425,0.0
95,1,0,1,14,2,5,0,0.8037578288100209,0.6070460704607046,0.0
5,0,2,0,19,2,5,4,0.9394572025052192,0.08130081300813008,0.0
78,0,2,2,21,2,5,4,0.7453027139874742,0.037940379403794036,0.0
83,0,2,0,19,7,1,3,0.6096033402922756,0.005420054200542005,0.0
5,0,2,0,18,4,5,1,0.9394572025052192,0.29268292682926833,0.0
48,0,2,0,19,7,1,0,0.9185803757828812,0.16802168021680217,0.0
101,0,2,2,10,1,5,4,0.5929018789144052,0.39566395663956644,0.0
65,0,2,0,4,5,5,0,0.8956158663883091,0.26558265582655827,0.0
48,0,2,0,7,0,5,4,0.9185803757828812,0.07588075880758807,0.0
15,0,0,1,1,2,5,0,0.5699373695198331,0.26558265582655827,0.0
82,0,0,0,11,4,5,0,0.8768267223382047,0.46070460704607047,0.0
49,0,2,0,21,2,5,3,0.9394572025052192,0.14634146341463414,1.0
15,0,2,2,5,4,5,0,0.5699373695198331,0.6449864498644986,1.0
13,1,2,1,14,4,5,5,0.9519832985386223,0.1951219512195122,0.0
15,0,2,2,4,2,5,0,0.5699373695198331,0.0921409214092141,0.0
26,0,2,2,8,1,5,0,0.7453027139874742,0.34146341463414637,0.0
5,0,2,0,1,1,5,0,0.9394572025052192,0.23306233062330622,0.0
5,0,2,0,21,2,5,3,0.9394572025052192,0.5582655826558265,0.0
89,0,2,2,21,2,5,4,0.826722338204593,0.07588075880758807,0.0
64,0,2,2,1,3,5,4,0.32150313152400845,0.037940379403794036,0.0
109,0,2,0,4,4,5,1,0.7870563674321502,0.5582655826558265,0.0
78,0,2,0,21,4,5,2,0.7453027139874742,0.5257452574525745,0.0
48,1,2,0,1,5,5,2,0.9185803757828812,0.037940379403794036,0.0
5,0,2,0,6,2,2,1,0.9394572025052192,0.05420054200542005,0.0
64,0,0,0,11,7,5,1,0.32150313152400845,0.7588075880758808,1.0
5,0,0,1,14,4,5,0,0.9394572025052192,0.6233062330623306,0.0
85,0,2,2,21,2,4,4,0.8893528183716073,0.07588075880758807,0.0
48,1,0,0,0,4,5,5,0.9185803757828812,0.07046070460704607,0.0
102,0,2,0,0,0,5,0,0.2275574112734864,0.24932249322493225,0.0
30,1,0,0,14,4,5,0,0.8914405010438415,0.06504065040650406,0.0
64,0,2,0,14,3,5,1,0.32150313152400845,0.13550135501355012,1.0
5,0,2,0,21,3,5,4,0.9394572025052192,0.6233062330623306,0.0
104,0,2,2,17,3,5,2,0.47599164926931103,0.25474254742547425,0.0
30,0,2,1,21,2,5,4,0.8914405010438415,0.5474254742547425,0.0
48,0,2,0,18,1,5,0,0.9185803757828812,0.07588075880758807,0.0
99,0,2,2,5,4,5,4,0.8643006263048016,0.04878048780487805,0.0
64,1,0,2,0,4,5,0,0.32150313152400845,0.43902439024390244,1.0
64,0,0,0,13,4,5,5,0.32150313152400845,0.14634146341463414,0.0
91,0,2,2,7,1,5,1,0.9248434237995826,0.4281842818428185,0.0
13,0,2,2,21,1,5,4,0.9519832985386223,0.39566395663956644,0.0
103,0,2,2,8,0,5,0,0.9791231732776617,0.07046070460704607,0.0
49,0,2,0,2,3,5,4,0.9394572025052192,0.6558265582655827,1.0
5,0,2,0,9,2,5,3,0.9394572025052192,0.11924119241192412,0.0
13,1,2,1,14,4,5,0,0.9519832985386223,0.6775067750677507,1.0
64,0,2,0,15,1,5,0,0.32150313152400845,0.6991869918699186,1.0
5,0,2,0,21,3,5,4,0.9394572025052192,0.30352303523035234,0.0
99,1,2,0,21,4,5,4,0.8643006263048016,0.16260162601626016,1.0
5,1,0,1,14,4,5,3,0.9394572025052192,0.1842818428184282,1.0
13,0,2,2,21,5,5,2,0.9519832985386223,0.6124661246612466,0.0
64,0,2,0,16,3,5,2,0.32150313152400845,0.11924119241192412,1.0
48,0,2,1,1,7,1,0,0.9185803757828812,0.5040650406504065,0.0
64,0,2,0,13,3,5,0,0.32150313152400845,0.24932249322493225,0.0
49,0,2,0,3,1,5,4,0.9394572025052192,0.8997289972899729,0.0
24,0,2,0,16,4,5,3,0.11899791231732793,1.0,1.0
48,1,2,4,13,4,5,5,0.9185803757828812,0.5040650406504065,0.0
101,0,1,1,15,0,5,1,0.5929018789144052,0.43902439024390244,0.0
82,0,2,2,2,4,5,0,0.8768267223382047,0.10298102981029811,0.0
48,0,2,2,19,4,5,0,0.9185803757828812,0.016260162601626015,0.0
49,0,2,0,6,5,5,4,0.9394572025052192,0.0921409214092141,0.0
83,0,2,0,3,4,1,0,0.6096033402922756,0.11382113821138211,0.0
64,0,2,2,15,3,5,0,0.32150313152400845,1.0,0.0
13,1,2,1,17,4,5,5,0.9519832985386223,0.11382113821138211,0.0
64,0,2,0,18,5,5,1,0.32150313152400845,0.6070460704607046,0.0
48,0,2,2,18,4,5,0,0.9185803757828812,0.42276422764227645,0.0
5,0,2,0,19,4,1,1,0.9394572025052192,0.11382113821138211,0.0
64,0,2,0,16,3,5,3,0.32150313152400845,0.41734417344173447,1.0
50,0,0,2,1,5,5,1,0.6200417536534448,0.04878048780487805,0.0
15,0,0,0,17,4,1,0,0.5699373695198331,0.07588075880758807,0.0
64,0,0,0,11,3,5,0,0.32150313152400845,0.11924119241192412,0.0
114,0,2,0,3,4,5,0,0.9498956158663885,0.41734417344173447,0.0
5,0,2,0,5,4,5,5,0.9394572025052192,1.0,0.0
95,0,2,0,1,4,1,4,0.8037578288100209,0.42276422764227645,0.0
5,0,2,0,7,1,5,5,0.9394572025052192,0.7642276422764227,0.0
31,1,2,4,0,4,5,5,0.7640918580375784,0.08672086720867209,0.0
103,0,2,0,21,5,5,0,0.9791231732776617,0.31436314363143636,0.0
5,0,2,2,7,4,0,0,0.9394572025052192,0.3902439024390244,0.0
30,0,2,2,18,4,5,0,0.8914405010438415,0.7154471544715447,0.0
13,1,0,1,11,0,5,1,0.9519832985386223,0.26558265582655827,0.0
74,1,0,0,4,4,5,0,0.8830897703549061,0.14634146341463414,0.0
116,0,0,2,3,1,5,0,0.47599164926931103,0.17344173441734417,0.0
64,0,2,0,18,4,5,0,0.32150313152400845,1.0,1.0
21,1,2,0,11,4,5,5,0.5594989561586641,0.2710027100271003,1.0
5,0,2,0,21,5,5,4,0.9394572025052192,0.20596205962059622,0.0
6,0,2,2,17,7,1,2,0.9478079331941547,0.4010840108401084,0.0
5,0,2,0,10,5,1,0,0.9394572025052192,1.0,0.0
13,0,2,0,6,5,5,4,0.9519832985386223,0.2981029810298103,0.0
5,0,2,0,15,3,5,0,0.9394572025052192,0.14634146341463414,0.0
50,1,0,2,19,1,2,4,0.6200417536534448,0.12466124661246611,1.0
64,0,2,2,7,6,5,0,0.32150313152400845,0.4715447154471545,0.0
48,0,2,0,21,4,5,4,0.9185803757828812,0.2168021680216802,0.0
5,1,2,1,15,4,5,0,0.9394572025052192,0.10298102981029811,1.0
30,1,1,0,17,2,4,1,0.8914405010438415,0.2818428184281843,0.0
95,0,2,0,21,4,5,1,0.8037578288100209,0.8021680216802167,0.0
11,1,2,0,18,4,5,0,0.16701461377870586,0.30352303523035234,0.0
44,0,2,0,16,4,5,0,0.1795407098121089,0.17886178861788618,1.0
5,0,2,0,13,4,5,0,0.9394572025052192,0.9701897018970189,0.0
48,0,2,2,5,3,5,0,0.9185803757828812,0.8509485094850948,0.0
64,0,2,2,18,2,5,1,0.32150313152400845,0.23848238482384823,0.0
4,1,0,4,17,4,5,5,0.6972860125260962,0.5040650406504065,0.0
4,1,0,0,14,4,5,5,0.6972860125260962,0.2872628726287263,0.0
64,0,0,0,13,3,5,0,0.32150313152400845,0.5691056910569106,0.0
5,0,0,1,18,3,5,0,0.9394572025052192,0.20596205962059622,0.0
49,0,2,0,14,0,1,0,0.9394572025052192,0.5474254742547425,0.0
64,1,2,0,20,0,5,5,0.32150313152400845,0.3523035230352304,1.0
101,1,0,1,14,4,5,3,0.5929018789144052,0.22764227642276422,1.0
13,1,2,2,21,7,5,4,0.9519832985386223,1.0,0.0
61,0,2,0,14,4,5,2,0.4425887265135702,0.43902439024390244,1.0
5,0,2,0,11,4,1,0,0.9394572025052192,0.06504065040650406,0.0
31,0,2,3,21,4,5,5,0.7640918580375784,0.22764227642276422,0.0
5,1,2,1,14,4,5,1,0.9394572025052192,0.14634146341463414,0.0
55,0,0,1,13,7,5,0,0.8517745302713988,0.23848238482384823,0.0
5,1,2,1,14,4,5,5,0.9394572025052192,0.15176151761517614,0.0
64,1,2,0,13,4,5,0,0.32150313152400845,0.2222222222222222,0.0
70,1,2,2,14,4,5,0,0.9791231732776617,0.0921409214092141,0.0
13,0,0,2,2,2,4,0,0.9519832985386223,0.06504065040650406,0.0
2,1,1,0,18,4,5,5,0.8705636743215033,0.1084010840108401,1.0
2,0,2,2,0,6,5,0,0.8705636743215033,0.5907859078590786,0.0
64,0,2,2,20,4,5,0,0.32150313152400845,0.23306233062330622,1.0
6,0,2,0,16,4,5,0,0.9478079331941547,0.2818428184281843,0.0
5,0,2,0,1,6,5,1,0.9394572025052192,0.24932249322493225,1.0
49,0,0,0,13,7,5,0,0.9394572025052192,0.2981029810298103,0.0
112,0,2,0,17,1,5,0,0.9457202505219209,0.24932249322493225,0.0
30,0,0,2,19,3,5,0,0.8914405010438415,0.06504065040650406,0.0
64,0,2,2,14,4,1,0,0.32150313152400845,1.0,1.0
64,0,2,0,4,3,5,4,0.32150313152400845,0.4715447154471545,1.0
64,1,0,1,17,4,5,0,0.32150313152400845,0.13550135501355012,1.0
48,0,2,0,18,3,5,4,0.9185803757828812,0.03252032520325203,0.0
2,1,0,0,16,4,5,5,0.8705636743215033,0.2222222222222222,1.0
11,0,2,0,18,4,5,0,0.16701461377870586,0.11924119241192412,1.0
94,0,2,1,2,4,5,0,0.6931106471816286,0.4552845528455285,0.0
5,0,2,0,21,4,5,0,0.9394572025052192,1.0,0.0
48,1,0,1,16,4,5,5,0.9185803757828812,0.2710027100271003,0.0
116,1,2,0,11,4,5,0,0.47599164926931103,0.25474254742547425,0.0
82,1,0,0,17,4,5,0,0.8768267223382047,0.8184281842818428,1.0
49,0,2,0,16,4,5,1,0.9394572025052192,0.05962059620596205,0.0
64,0,2,0,6,3,5,4,0.32150313152400845,0.02168021680216802,0.0
30,0,1,0,16,3,4,3,0.8914405010438415,0.13008130081300812,0.0
42,1,2,2,15,4,5,0,0.47599164926931103,0.4769647696476965,0.0
13,0,2,1,7,4,5,1,0.9519832985386223,0.14634146341463414,0.0
5,0,2,0,21,2,4,4,0.9394572025052192,1.0,0.0
13,1,2,0,5,4,5,5,0.9519832985386223,0.3631436314363144,0.0
3,0,2,0,18,5,5,3,0.1837160751565763,0.43902439024390244,0.0
5,1,2,3,15,1,2,0,0.9394572025052192,0.3252032520325204,0.0
49,0,2,0,21,6,5,4,0.9394572025052192,0.3902439024390244,0.0
49,1,2,0,19,1,5,2,0.9394572025052192,0.22764227642276422,0.0
101,1,2,1,20,4,5,5,0.5929018789144052,0.3631436314363144,0.0
13,0,2,2,21,3,5,4,0.9519832985386223,0.2222222222222222,1.0
48,0,2,0,21,2,5,4,0.9185803757828812,0.3631436314363144,1.0
48,0,2,0,12,4,5,0,0.9185803757828812,0.34146341463414637,0.0
5,1,1,0,11,0,5,0,0.9394572025052192,0.2764227642276423,0.0
30,0,2,2,15,7,5,0,0.8914405010438415,0.14092140921409213,0.0
64,0,2,2,5,2,5,3,0.32150313152400845,0.2981029810298103,1.0
4,0,2,0,2,4,5,0,0.6972860125260962,0.24390243902439024,0.0
13,0,2,1,2,0,5,0,0.9519832985386223,0.6449864498644986,0.0
64,0,2,2,20,4,5,2,0.32150313152400845,0.2710027100271003,1.0
89,1,1,0,13,4,5,4,0.826722338204593,0.08130081300813008,1.0
8,0,2,3,21,4,5,5,0.47599164926931103,0.02168021680216802,0.0
2,0,2,2,21,4,5,4,0.8705636743215033,0.3360433604336044,0.0
5,0,2,0,21,4,5,4,0.9394572025052192,0.02168021680216802,1.0
5,0,2,0,12,3,5,0,0.9394572025052192,0.08130081300813008,0.0
49,0,2,0,1,4,5,4,0.9394572025052192,0.9159891598915989,0.0
5,0,2,0,18,7,0,0,0.9394572025052192,0.4823848238482385,0.0
5,0,2,2,4,3,5,0,0.9394572025052192,0.4823848238482385,0.0
30,0,2,2,7,4,5,3,0.8914405010438415,0.40650406504065045,0.0
53,0,2,1,5,1,5,0,0.9415448851774533,0.13550135501355012,0.0
13,1,0,0,4,4,5,5,0.9519832985386223,0.17886178861788618,0.0
116,1,0,0,19,4,5,5,0.47599164926931103,1.0,0.0
30,0,2,2,3,4,5,4,0.8914405010438415,0.1842818428184282,0.0
64,0,2,0,15,4,1,0,0.32150313152400845,0.29268292682926833,1.0
6,0,2,1,2,4,5,0,0.9478079331941547,0.2872628726287263,0.0
112,1,2,4,21,4,5,5,0.9457202505219209,1.0,0.0
30,0,2,2,21,5,5,0,0.8914405010438415,0.7804878048780487,0.0
59,0,2,0,15,7,1,0,0.7390396659707728,0.08130081300813008,0.0
5,0,2,0,4,1,5,0,0.9394572025052192,0.16802168021680217,0.0
5,0,2,0,2,4,5,0,0.9394572025052192,0.1951219512195122,0.0
13,0,2,2,1,2,5,0,0.9519832985386223,0.33062330623306235,0.0
64,1,2,0,14,0,5,1,0.32150313152400845,0.07046070460704607,1.0
5,0,2,0,7,0,5,0,0.9394572025052192,0.4281842818428185,0.0
31,0,2,0,21,0,5,4,0.7640918580375784,0.04878048780487805,0.0
78,0,2,2,9,5,5,4,0.7453027139874742,0.13550135501355012,0.0
6,0,2,0,21,4,5,4,0.9478079331941547,0.07588075880758807,0.0
64,1,2,1,17,4,5,5,0.32150313152400845,0.7317073170731707,1.0
5,1,0,0,1,2,5,0,0.9394572025052192,0.5203252032520325,1.0
11,0,2,0,1,7,5,5,0.16701461377870586,0.26558265582655827,1.0
5,0,2,0,6,4,1,1,0.9394572025052192,0.08672086720867209,0.0
13,1,2,0,21,4,5,5,0.9519832985386223,0.5040650406504065,0.0
106,0,2,0,2,4,5,0,0.2275574112734864,0.04878048780487805,1.0
11,0,2,0,14,4,5,0,0.16701461377870586,0.39566395663956644,0.0
102,0,2,0,20,0,5,0,0.2275574112734864,0.2601626016260163,1.0
5,0,2,0,1,4,5,0,0.9394572025052192,0.20596205962059622,1.0
95,1,2,1,0,4,5,5,0.8037578288100209,0.5149051490514904,0.0
93,1,0,0,15,4,5,0,0.40918580375782887,0.2005420054200542,1.0
64,1,2,0,15,4,5,0,0.32150313152400845,0.41192411924119243,0.0
37,0,0,1,20,4,5,0,0.5636743215031317,0.1842818428184282,1.0
117,1,0,1,11,4,5,0,0.4613778705636744,0.005420054200542005,1.0
99,0,2,1,1,4,5,0,0.8643006263048016,0.5149051490514904,0.0
13,1,0,0,19,4,5,5,0.9519832985386223,0.4010840108401084,1.0
49,0,2,2,6,1,5,0,0.9394572025052192,0.0975609756097561,0.0
5,0,2,0,13,2,5,0,0.9394572025052192,0.016260162601626015,0.0
64,1,0,2,14,4,4,0,0.32150313152400845,0.3523035230352304,1.0
95,1,2,3,0,4,5,0,0.8037578288100209,0.037940379403794036,0.0
5,1,0,0,14,4,5,0,0.9394572025052192,0.2005420054200542,0.0
64,0,0,0,16,3,5,0,0.32150313152400845,0.43902439024390244,1.0
48,0,2,0,12,4,5,0,0.9185803757828812,0.016260162601626015,1.0
13,1,0,0,14,4,5,0,0.9519832985386223,0.23306233062330622,0.0
48,0,2,2,4,1,5,4,0.9185803757828812,0.17886178861788618,0.0
5,0,2,0,7,4,4,0,0.9394572025052192,0.2710027100271003,0.0
91,0,2,0,1,3,5,2,0.9248434237995826,0.2981029810298103,0.0
13,1,0,1,11,3,5,1,0.9519832985386223,0.05420054200542005,0.0
49,1,2,0,7,7,5,4,0.9394572025052192,0.20596205962059622,0.0
5,0,2,0,1,1,5,1,0.9394572025052192,0.07588075880758807,0.0
5,0,2,2,5,3,4,2,0.9394572025052192,0.29268292682926833,0.0
94,0,0,1,18,4,5,5,0.6931106471816286,0.05962059620596205,0.0
5,0,2,0,2,4,1,0,0.9394572025052192,0.6070460704607046,0.0
5,1,2,4,17,4,5,5,0.9394572025052192,0.13008130081300812,0.0
48,0,2,2,21,1,2,4,0.9185803757828812,0.15718157181571815,0.0
48,0,2,0,6,1,5,2,0.9185803757828812,0.8726287262872628,0.0
74,0,2,2,21,4,5,0,0.8830897703549061,0.35772357723577236,0.0
30,0,2,3,21,1,4,4,0.8914405010438415,0.29268292682926833,0.0
64,0,2,0,14,1,5,1,0.32150313152400845,0.41734417344173447,0.0
64,1,2,0,20,4,5,5,0.32150313152400845,0.06504065040650406,1.0
5,1,2,0,1,3,5,4,0.9394572025052192,1.0,0.0
13,0,2,2,5,1,5,1,0.9519832985386223,0.4281842818428185,0.0
13,1,0,4,15,4,5,5,0.9519832985386223,0.2764227642276423,0.0
48,1,2,2,17,1,2,0,0.9185803757828812,0.07046070460704607,0.0
84,1,1,0,20,4,5,0,0.04801670146137793,0.4932249322493225,1.0
31,0,0,0,13,4,5,1,0.7640918580375784,0.05420054200542005,0.0
50,0,2,2,16,4,5,2,0.6200417536534448,0.15176151761517614,1.0
64,0,2,0,16,4,5,5,0.32150313152400845,0.05420054200542005,0.0
5,1,2,1,14,4,5,5,0.9394572025052192,0.11924119241192412,0.0
96,0,2,0,21,4,5,4,0.8058455114822547,1.0,0.0
102,0,2,0,16,1,5,0,0.2275574112734864,0.037940379403794036,0.0
5,0,2,0,1,0,5,0,0.9394572025052192,0.2764227642276423,0.0
49,1,0,1,15,4,5,5,0.9394572025052192,1.0,0.0
13,0,2,0,7,4,5,3,0.9519832985386223,0.24390243902439024,0.0
39,1,1,0,20,4,5,0,0.1774530271398751,0.2222222222222222,0.0
49,0,2,0,4,0,5,4,0.9394572025052192,0.17886178861788618,0.0
5,0,2,2,19,1,5,0,0.9394572025052192,0.7750677506775068,0.0
50,0,1,2,16,3,5,0,0.6200417536534448,0.6124661246612466,1.0
22,1,2,4,11,4,5,5,0.018789144050104567,0.8997289972899729,0.0
64,0,2,0,13,1,5,0,0.32150313152400845,0.4281842818428185,0.0
4,0,2,2,21,4,5,0,0.6972860125260962,0.07046070460704607,0.0
79,1,0,0,11,0,5,0,0.1941544885177453,0.10298102981029811,1.0
48,0,2,0,3,4,5,0,0.9185803757828812,0.11382113821138211,0.0
5,1,2,0,15,2,4,1,0.9394572025052192,0.1951219512195122,0.0
64,1,2,0,19,4,5,0,0.32150313152400845,0.06504065040650406,1.0
74,0,2,0,5,4,0,3,0.8830897703549061,0.4281842818428185,0.0
48,0,2,2,21,7,0,0,0.9185803757828812,0.29268292682926833,0.0
5,0,2,0,19,4,5,0,0.9394572025052192,0.5365853658536585,0.0
5,0,2,0,15,4,5,1,0.9394572025052192,0.3848238482384824,0.0
70,1,2,1,14,4,5,1,0.9791231732776617,0.05962059620596205,0.0
48,0,0,0,5,4,5,1,0.9185803757828812,0.24390243902439024,1.0
101,0,1,2,11,1,5,1,0.5929018789144052,0.20596205962059622,1.0
5,0,2,3,21,5,2,4,0.9394572025052192,0.991869918699187,0.0
5,1,0,0,11,4,5,5,0.9394572025052192,0.25474254742547425,1.0
85,0,2,2,1,3,5,0,0.8893528183716073,0.29268292682926833,0.0
65,0,2,1,19,1,1,0,0.8956158663883091,0.7208672086720866,0.0
48,0,2,2,18,2,5,0,0.9185803757828812,0.07046070460704607,0.0
112,0,0,2,17,4,0,1,0.9457202505219209,0.16260162601626016,0.0
5,1,2,1,13,4,5,5,0.9394572025052192,0.005420054200542005,0.0
5,0,2,0,19,3,2,0,0.9394572025052192,0.05962059620596205,0.0
5,1,2,0,21,4,5,4,0.9394572025052192,0.03252032520325203,1.0
13,0,1,0,16,6,2,5,0.9519832985386223,0.16260162601626016,0.0
65,1,1,1,14,4,5,0,0.8956158663883091,0.5907859078590786,0.0
5,0,2,0,21,3,5,4,0.9394572025052192,0.42276422764227645,0.0
30,1,0,0,15,4,5,0,0.8914405010438415,0.6937669376693767,0.0
5,0,2,0,15,4,1,0,0.9394572025052192,0.16260162601626016,0.0
121,0,2,2,4,0,5,3,1.0,0.1842818428184282,0.0
5,1,0,1,15,4,5,0,0.9394572025052192,0.16802168021680217,1.0
5,1,2,0,20,1,1,0,0.9394572025052192,0.08672086720867209,1.0
101,0,2,0,4,4,5,0,0.5929018789144052,0.6883468834688347,1.0
48,0,2,0,7,2,5,0,0.9185803757828812,0.24390243902439024,0.0
5,0,2,0,15,0,5,0,0.9394572025052192,0.14092140921409213,0.0
5,0,2,0,21,1,5,4,0.9394572025052192,1.0,0.0
48,0,2,0,21,5,1,1,0.9185803757828812,0.10298102981029811,1.0
116,0,0,0,17,4,1,0,0.47599164926931103,0.8021680216802167,0.0
84,0,2,0,16,4,2,0,0.04801670146137793,0.07588075880758807,1.0
64,1,0,2,0,4,5,5,0.32150313152400845,0.14092140921409213,1.0
49,1,2,0,18,4,4,0,0.9394572025052192,0.2981029810298103,1.0
64,0,0,0,13,4,5,0,0.32150313152400845,0.4281842818428185,1.0
5,0,2,2,1,3,4,0,0.9394572025052192,0.4932249322493225,0.0
48,0,0,0,15,0,5,0,0.9185803757828812,0.5853658536585366,0.0
48,0,2,0,21,6,5,0,0.9185803757828812,0.8943089430894309,0.0
5,1,0,0,17,4,5,5,0.9394572025052192,0.1897018970189702,0.0
64,0,2,0,18,4,5,0,0.32150313152400845,0.34688346883468835,0.0
30,0,2,2,7,1,5,1,0.8914405010438415,0.3848238482384824,0.0
55,0,2,0,21,4,5,1,0.8517745302713988,0.12466124661246611,0.0
64,0,2,2,14,4,5,0,0.32150313152400845,0.23848238482384823,0.0
5,0,2,0,16,1,5,0,0.9394572025052192,0.15718157181571815,1.0
5,0,2,0,19,1,5,1,0.9394572025052192,0.29268292682926833,0.0
61,0,2,0,19,2,4,2,0.4425887265135702,0.14634146341463414,0.0
94,0,2,0,6,1,5,0,0.6931106471816286,0.8401084010840109,0.0
113,0,2,2,6,4,5,1,0.47599164926931103,0.5149051490514904,1.0
13,0,2,0,19,4,5,4,0.9519832985386223,0.34688346883468835,0.0
5,1,2,0,11,4,5,5,0.9394572025052192,0.26558265582655827,0.0
13,0,2,0,21,1,5,0,0.9519832985386223,0.22764227642276422,0.0
48,1,0,0,16,4,5,0,0.9185803757828812,0.4823848238482385,1.0
5,0,2,2,6,2,5,1,0.9394572025052192,0.2818428184281843,0.0
38,0,2,2,1,4,5,3,0.7724425887265136,0.3685636856368564,0.0
95,1,0,1,11,0,0,0,0.8037578288100209,0.2872628726287263,0.0
30,0,2,2,15,4,5,0,0.8914405010438415,0.8075880758807588,0.0
13,0,2,0,21,4,5,4,0.9519832985386223,0.07046070460704607,0.0
64,0,2,0,13,1,5,2,0.32150313152400845,0.41192411924119243,0.0
13,0,2,0,10,0,1,1,0.9519832985386223,0.23848238482384823,0.0
68,0,1,0,15,4,5,0,0.47599164926931103,0.12466124661246611,0.0
5,0,2,0,11,0,5,5,0.9394572025052192,0.9051490514905148,0.0
48,0,2,2,0,4,5,5,0.9185803757828812,1.0,0.0
5,0,2,0,21,1,1,0,0.9394572025052192,0.016260162601626015,0.0
5,0,2,0,3,0,0,3,0.9394572025052192,0.26558265582655827,0.0
5,0,2,0,16,4,1,1,0.9394572025052192,0.3523035230352304,0.0
70,0,2,2,15,0,5,0,0.9791231732776617,0.29268292682926833,1.0
112,0,2,2,21,1,5,1,0.9457202505219209,0.13550135501355012,0.0
79,0,0,3,20,4,5,0,0.1941544885177453,0.22764227642276422,1.0
5,1,2,0,21,5,4,5,0.9394572025052192,0.31978319783197834,0.0
30,0,2,2,7,4,5,0,0.8914405010438415,0.4281842818428185,0.0
33,0,2,0,7,6,5,1,0.47599164926931103,0.3848238482384824,0.0
114,1,2,2,21,3,5,2,0.9498956158663885,0.981029810298103,0.0
5,0,2,2,18,4,5,2,0.9394572025052192,0.4823848238482385,1.0
104,1,2,0,0,4,5,5,0.47599164926931103,0.2222222222222222,0.0
64,0,2,0,0,4,5,0,0.32150313152400845,0.26558265582655827,1.0
30,0,2,0,19,5,5,3,0.8914405010438415,0.13008130081300812,0.0
41,0,2,0,10,0,5,0,0.457202505219207,0.05420054200542005,0.0
64,0,0,2,2,3,5,2,0.32150313152400845,0.48780487804878053,1.0
49,0,0,0,18,4,5,2,0.9394572025052192,0.5691056910569106,0.0
64,0,2,0,19,3,5,4,0.32150313152400845,0.7100271002710027,1.0
5,1,0,0,1,1,4,0,0.9394572025052192,0.016260162601626015,0.0
30,0,2,0,2,2,5,0,0.8914405010438415,0.010840108401084009,0.0
106,0,2,0,16,4,5,5,0.2275574112734864,0.15176151761517614,0.0
41,1,0,1,0,4,5,0,0.457202505219207,0.15718157181571815,1.0
5,0,2,0,19,4,5,1,0.9394572025052192,0.11382113821138211,0.0
13,1,0,1,19,1,5,0,0.9519832985386223,0.3089430894308943,0.0
43,1,0,0,20,1,0,0,0.47599164926931103,0.13008130081300812,0.0
64,0,0,0,20,7,2,4,0.32150313152400845,0.0921409214092141,1.0
102,0,2,0,16,3,5,0,0.2275574112734864,1.0,1.0
6,0,2,0,3,0,5,0,0.9478079331941547,0.44986449864498645,0.0
39,0,2,2,10,3,5,1,0.1774530271398751,0.30352303523035234,1.0
5,0,2,0,17,4,5,1,0.9394572025052192,0.037940379403794036,0.0
64,0,2,2,17,4,5,0,0.32150313152400845,0.1084010840108401,1.0
4,0,2,2,3,5,5,1,0.6972860125260962,0.3089430894308943,0.0
5,0,2,0,6,5,1,1,0.9394572025052192,0.34146341463414637,0.0
115,0,0,0,15,7,5,5,0.5699373695198331,0.3685636856368564,0.0
104,1,0,0,17,4,5,1,0.47599164926931103,0.2872628726287263,1.0
64,0,2,0,1,1,5,1,0.32150313152400845,0.05962059620596205,0.0
48,0,2,1,16,4,5,0,0.9185803757828812,0.46070460704607047,0.0
48,0,2,0,21,0,5,1,0.9185803757828812,0.26558265582655827,0.0
5,0,2,0,10,3,5,0,0.9394572025052192,0.06504065040650406,1.0
13,0,2,2,21,7,5,4,0.9519832985386223,0.037940379403794036,0.0
112,0,0,0,14,3,5,0,0.9457202505219209,0.14634146341463414,0.0
49,1,2,0,13,4,4,2,0.9394572025052192,0.4281842818428185,0.0
7,0,0,0,20,4,5,0,0.676409185803758,0.0921409214092141,0.0
120,0,2,2,16,4,5,2,0.9498956158663885,0.04878048780487805,0.0
55,0,1,4,18,4,5,0,0.8517745302713988,0.016260162601626015,0.0
49,1,0,0,14,4,5,0,0.9394572025052192,0.3089430894308943,0.0
49,1,0,1,14,4,5,5,0.9394572025052192,0.08672086720867209,0.0
48,0,2,0,7,4,5,0,0.9185803757828812,0.22764227642276422,0.0
64,1,0,1,17,4,5,5,0.32150313152400845,0.08672086720867209,1.0
13,1,0,0,16,4,2,0,0.9519832985386223,0.2710027100271003,1.0
5,0,2,0,5,1,5,0,0.9394572025052192,1.0,0.0
5,1,2,0,20,4,5,0,0.9394572025052192,0.26558265582655827,0.0
13,1,0,0,1,1,5,0,0.9519832985386223,0.016260162601626015,1.0
51,0,2,0,8,2,5,2,0.9039665970772444,0.24932249322493225,0.0
64,0,2,0,16,1,1,1,0.32150313152400845,0.1897018970189702,0.0
94,1,2,0,16,1,5,4,0.6931106471816286,0.13550135501355012,0.0
13,1,0,1,16,4,5,5,0.9519832985386223,0.3252032520325204,0.0
85,0,2,0,5,0,5,3,0.8893528183716073,0.14634146341463414,1.0
13,0,2,1,5,1,5,4,0.9519832985386223,0.39566395663956644,0.0
30,0,2,2,16,3,5,0,0.8914405010438415,0.8617886178861789,0.0
5,0,1,2,1,4,2,1,0.9394572025052192,0.7859078590785907,0.0
13,1,0,2,5,5,4,0,0.9519832985386223,0.037940379403794036,0.0
11,0,2,0,8,5,5,0,0.16701461377870586,0.11382113821138211,0.0
64,0,2,0,13,4,5,1,0.32150313152400845,0.14634146341463414,0.0
30,1,2,0,8,4,5,4,0.8914405010438415,0.2710027100271003,0.0
68,0,2,1,2,1,5,0,0.47599164926931103,1.0,0.0
5,1,0,1,14,4,5,5,0.9394572025052192,1.0,0.0
15,0,0,2,17,4,4,0,0.5699373695198331,0.08672086720867209,0.0
5,1,0,0,11,4,5,0,0.9394572025052192,0.2601626016260163,1.0
64,1,0,2,14,4,5,5,0.32150313152400845,0.06504065040650406,0.0
5,1,0,0,16,4,5,0,0.9394572025052192,0.13008130081300812,1.0
74,0,1,0,1,1,5,2,0.8830897703549061,1.0,0.0
5,0,2,0,21,4,5,1,0.9394572025052192,0.14634146341463414,1.0
64,0,2,2,17,7,0,1,0.32150313152400845,0.8455284552845528,0.0
13,0,2,2,16,7,5,0,0.9519832985386223,0.07588075880758807,0.0
5,0,2,0,1,1,4,4,0.9394572025052192,0.005420054200542005,0.0
15,0,2,2,5,1,5,3,0.5699373695198331,0.24932249322493225,0.0
101,1,2,2,7,4,5,4,0.5929018789144052,0.2981029810298103,0.0
116,1,1,0,16,4,2,1,0.47599164926931103,0.7262872628726287,1.0
99,0,2,0,21,1,0,1,0.8643006263048016,0.16802168021680217,0.0
64,1,2,0,20,3,5,0,0.32150313152400845,0.4715447154471545,1.0
77,0,0,2,6,1,1,1,0.6388308977035491,0.20596205962059622,0.0
4,0,2,0,4,4,5,0,0.6972860125260962,0.11382113821138211,0.0
117,1,2,2,1,3,5,1,0.4613778705636744,0.46070460704607047,0.0
94,0,0,2,15,1,5,3,0.6931106471816286,0.6666666666666666,0.0
89,0,2,0,2,0,5,0,0.826722338204593,0.1951219512195122,0.0
101,1,1,2,21,4,5,0,0.5929018789144052,0.39566395663956644,1.0
43,0,2,0,21,4,5,0,0.47599164926931103,0.005420054200542005,0.0
30,0,2,2,17,3,5,3,0.8914405010438415,0.2222222222222222,0.0
5,0,2,0,9,4,5,1,0.9394572025052192,0.1897018970189702,0.0
64,0,0,0,18,1,5,0,0.32150313152400845,0.17344173441734417,0.0
5,0,1,0,10,2,5,0,0.9394572025052192,0.3631436314363144,0.0
64,0,2,0,1,3,5,0,0.32150313152400845,0.8401084010840109,0.0
5,0,2,0,7,4,5,4,0.9394572025052192,0.04878048780487805,1.0
101,0,2,0,4,1,5,2,0.5929018789144052,0.24932249322493225,1.0
5,0,2,0,2,6,5,0,0.9394572025052192,0.5907859078590786,0.0
74,0,2,2,19,4,5,4,0.8830897703549061,0.15176151761517614,0.0
101,1,2,0,19,3,4,4,0.5929018789144052,0.07588075880758807,0.0
41,0,2,1,18,4,5,0,0.457202505219207,0.037940379403794036,0.0
64,1,2,1,20,4,5,0,0.32150313152400845,0.005420054200542005,0.0
5,0,2,0,14,5,3,0,0.9394572025052192,0.08130081300813008,0.0
64,1,2,0,18,3,5,5,0.32150313152400845,0.13550135501355012,1.0
49,0,2,0,9,4,4,1,0.9394572025052192,0.15176151761517614,0.0
64,1,0,1,19,4,5,0,0.32150313152400845,0.037940379403794036,0.0
102,0,0,0,18,4,5,0,0.2275574112734864,0.1084010840108401,0.0
49,1,2,1,16,0,5,1,0.9394572025052192,0.3739837398373984,0.0
13,0,1,2,7,4,2,2,0.9519832985386223,0.3089430894308943,0.0
65,0,2,0,7,4,5,1,0.8956158663883091,0.037940379403794036,0.0
64,0,2,2,17,1,5,0,0.32150313152400845,0.13550135501355012,0.0
48,0,2,0,18,2,5,0,0.9185803757828812,0.4823848238482385,0.0
5,0,2,0,1,4,1,1,0.9394572025052192,0.04336043360433604,0.0
13,1,0,0,11,0,4,1,0.9519832985386223,0.2710027100271003,1.0
121,0,2,1,6,1,5,4,1.0,0.13550135501355012,0.0
36,0,2,0,11,4,5,0,0.536534446764092,0.2222222222222222,0.0
64,1,2,1,20,4,5,5,0.32150313152400845,0.07588075880758807,0.0
30,0,2,2,19,3,5,4,0.8914405010438415,0.2222222222222222,0.0
5,0,1,0,19,4,5,3,0.9394572025052192,0.8726287262872628,0.0
11,0,1,0,16,5,5,0,0.16701461377870586,0.11924119241192412,1.0
66,1,2,1,14,4,5,5,0.47599164926931103,0.1951219512195122,0.0
5,0,2,0,11,1,2,0,0.9394572025052192,0.7696476964769647,0.0
31,0,2,0,21,1,5,3,0.7640918580375784,0.05962059620596205,0.0
13,0,2,0,13,3,5,0,0.9519832985386223,0.29268292682926833,0.0
55,0,2,2,6,0,5,4,0.8517745302713988,0.5365853658536585,0.0
64,0,2,0,5,1,5,4,0.32150313152400845,0.23848238482384823,1.0
43,1,2,0,21,7,5,5,0.47599164926931103,0.2981029810298103,0.0
95,0,2,2,16,0,5,1,0.8037578288100209,0.7859078590785907,0.0
5,1,2,3,12,2,4,0,0.9394572025052192,0.22764227642276422,1.0
37,1,0,0,17,4,5,5,0.5636743215031317,0.06504065040650406,1.0
89,1,2,3,19,1,5,4,0.826722338204593,0.2818428184281843,0.0
5,0,2,2,21,1,5,4,0.9394572025052192,0.010840108401084009,0.0
99,1,2,0,7,4,5,4,0.8643006263048016,0.4281842818428185,0.0
5,0,2,0,14,3,5,0,0.9394572025052192,0.6341463414634146,0.0
64,0,2,0,19,2,5,3,0.32150313152400845,0.10298102981029811,0.0
66,0,2,2,19,4,5,4,0.47599164926931103,0.5149051490514904,0.0
2,0,2,0,5,2,5,0,0.8705636743215033,0.0975609756097561,0.0
64,0,2,0,13,7,5,0,0.32150313152400845,0.11924119241192412,1.0
95,0,1,0,14,7,5,0,0.8037578288100209,0.7588075880758808,0.0
120,0,2,2,4,2,5,0,0.9498956158663885,0.20596205962059622,0.0
16,1,0,1,0,4,5,0,0.47599164926931103,0.35772357723577236,0.0
64,0,2,0,13,4,5,0,0.32150313152400845,0.06504065040650406,1.0
64,0,2,2,17,3,5,5,0.32150313152400845,1.0,1.0
48,0,2,0,13,4,5,4,0.9185803757828812,0.005420054200542005,0.0
5,0,2,3,6,2,5,0,0.9394572025052192,0.25474254742547425,0.0
5,0,2,2,15,3,5,0,0.9394572025052192,1.0,0.0
82,0,0,0,16,4,5,0,0.8768267223382047,0.25474254742547425,0.0
48,1,2,4,21,4,5,0,0.9185803757828812,0.2168021680216802,0.0
2,0,2,0,21,5,5,4,0.8705636743215033,0.016260162601626015,0.0
13,1,2,3,21,4,5,4,0.9519832985386223,0.16260162601626016,1.0
49,0,2,2,17,5,5,0,0.9394572025052192,0.10298102981029811,0.0
102,0,0,2,13,4,5,0,0.2275574112734864,0.1084010840108401,1.0
39,1,2,0,20,4,5,5,0.1774530271398751,0.13008130081300812,1.0
94,1,2,1,14,4,5,0,0.6931106471816286,0.11924119241192412,0.0
37,0,2,0,8,4,1,1,0.5636743215031317,0.2872628726287263,0.0
71,0,1,0,15,4,5,1,0.47599164926931103,0.027100271002710022,0.0
5,0,2,0,2,0,5,3,0.9394572025052192,0.9051490514905148,1.0
64,0,2,2,19,4,1,0,0.32150313152400845,0.11924119241192412,1.0
82,0,1,2,18,4,4,1,0.8768267223382047,0.43360433604336046,1.0
48,0,2,0,3,4,5,4,0.9185803757828812,0.5149051490514904,0.0
5,0,2,0,21,2,5,4,0.9394572025052192,0.016260162601626015,0.0
41,0,2,0,17,0,2,0,0.457202505219207,1.0,0.0
5,0,2,0,14,4,4,1,0.9394572025052192,0.7642276422764227,0.0
5,1,2,0,3,5,5,0,0.9394572025052192,1.0,0.0
48,0,2,0,10,4,5,1,0.9185803757828812,1.0,1.0
3,1,2,2,14,4,5,0,0.1837160751565763,0.24390243902439024,1.0
6,0,2,2,21,4,5,0,0.9478079331941547,0.34688346883468835,0.0
122,0,2,0,17,6,5,4,0.9290187891440502,0.3739837398373984,0.0
102,1,0,0,16,4,5,5,0.2275574112734864,0.20596205962059622,1.0
64,0,2,0,13,1,5,0,0.32150313152400845,0.6124661246612466,1.0
64,1,1,0,15,4,5,0,0.32150313152400845,0.16802168021680217,0.0
5,0,2,2,21,1,1,0,0.9394572025052192,0.05420054200542005,1.0
30,0,2,2,21,4,1,0,0.8914405010438415,0.13550135501355012,0.0
65,0,1,1,1,3,4,4,0.8956158663883091,0.3523035230352304,0.0
30,0,1,2,13,3,5,0,0.8914405010438415,0.3523035230352304,0.0
5,0,2,0,16,1,5,0,0.9394572025052192,0.26558265582655827,0.0
5,1,0,0,15,5,5,0,0.9394572025052192,0.15718157181571815,0.0
13,1,0,1,4,4,5,5,0.9519832985386223,0.30352303523035234,0.0
5,0,2,0,21,3,5,3,0.9394572025052192,0.30352303523035234,0.0
5,0,2,0,13,1,1,0,0.9394572025052192,0.43902439024390244,0.0
5,0,2,0,6,5,5,4,0.9394572025052192,0.13550135501355012,0.0
5,0,2,0,15,3,5,0,0.9394572025052192,0.08130081300813008,0.0
5,0,2,0,2,4,5,1,0.9394572025052192,0.43902439024390244,0.0
35,0,2,2,19,1,5,0,0.6116910229645096,0.3089430894308943,0.0
64,0,2,0,18,3,5,5,0.32150313152400845,0.1951219512195122,1.0
101,1,2,3,6,4,5,0,0.5929018789144052,0.2168021680216802,0.0
122,0,2,0,19,5,5,0,0.9290187891440502,0.14634146341463414,1.0
94,1,2,0,1,3,5,0,0.6931106471816286,0.02168021680216802,0.0
15,0,2,1,0,2,5,0,0.5699373695198331,0.7100271002710027,0.0
5,0,2,0,17,1,5,4,0.9394572025052192,0.16260162601626016,0.0
48,0,2,0,16,0,5,2,0.9185803757828812,0.2222222222222222,0.0
5,0,2,0,21,4,5,0,0.9394572025052192,0.2168021680216802,1.0
95,0,2,0,5,4,5,1,0.8037578288100209,0.3848238482384824,0.0
41,0,2,0,21,4,5,5,0.457202505219207,0.10298102981029811,0.0
50,0,0,0,13,4,4,0,0.6200417536534448,0.29268292682926833,0.0
5,0,2,0,21,4,1,3,0.9394572025052192,0.3252032520325204,0.0
5,0,2,0,21,4,5,3,0.9394572025052192,0.6883468834688347,0.0
64,1,2,1,11,4,5,5,0.32150313152400845,0.5365853658536585,1.0
15,0,2,0,21,5,4,2,0.5699373695198331,0.14634146341463414,0.0
70,0,2,2,19,4,5,0,0.9791231732776617,0.04878048780487805,0.0
122,1,2,0,6,1,5,0,0.9290187891440502,1.0,0.0
64,0,2,0,14,4,5,2,0.32150313152400845,0.037940379403794036,0.0
48,0,2,0,2,4,5,0,0.9185803757828812,0.3631436314363144,1.0
30,0,2,2,14,0,5,1,0.8914405010438415,0.17886178861788618,0.0
85,0,2,0,7,6,4,4,0.8893528183716073,0.26558265582655827,0.0
5,1,2,0,15,4,5,5,0.9394572025052192,0.35772357723577236,0.0
64,0,2,0,16,4,5,1,0.32150313152400845,0.15176151761517614,0.0
64,0,2,0,18,1,5,4,0.32150313152400845,0.5365853658536585,1.0
48,0,2,0,3,4,5,0,0.9185803757828812,0.5257452574525745,0.0
30,0,2,0,1,4,5,0,0.8914405010438415,0.24932249322493225,0.0
49,0,2,0,21,1,5,4,0.9394572025052192,0.43902439024390244,0.0
13,1,2,0,13,4,5,5,0.9519832985386223,0.24932249322493225,0.0
5,0,2,0,21,4,5,4,0.9394572025052192,0.15176151761517614,1.0
48,1,2,0,2,1,2,4,0.9185803757828812,0.6558265582655827,0.0
49,0,2,2,18,3,5,0,0.9394572025052192,0.17344173441734417,0.0
95,0,2,2,19,4,5,0,0.8037578288100209,0.6070460704607046,0.0
0,0,2,0,13,4,5,1,0.7870563674321502,0.40650406504065045,0.0
13,1,2,1,11,4,5,0,0.9519832985386223,0.34146341463414637,0.0
13,0,2,2,21,4,5,4,0.9519832985386223,0.11924119241192412,0.0
115,0,2,2,19,1,2,0,0.5699373695198331,0.7859078590785907,0.0
64,0,2,0,17,4,5,4,0.32150313152400845,0.15176151761517614,1.0
6,0,2,0,2,7,0,0,0.9478079331941547,0.44986449864498645,0.0
65,0,2,2,10,0,5,1,0.8956158663883091,0.8075880758807588,0.0
18,1,2,2,16,3,5,0,0.3549060542797495,0.31436314363143636,0.0
64,0,0,0,15,4,5,5,0.32150313152400845,0.26558265582655827,1.0
13,0,2,2,1,4,5,0,0.9519832985386223,0.04336043360433604,0.0
5,1,2,3,21,4,5,4,0.9394572025052192,1.0,0.0
57,0,2,0,16,7,1,0,0.6137787056367434,0.23848238482384823,0.0
49,1,2,4,14,4,5,5,0.9394572025052192,0.13550135501355012,0.0
5,0,2,2,21,3,5,0,0.9394572025052192,0.2764227642276423,0.0
13,0,2,2,6,1,5,5,0.9519832985386223,0.08130081300813008,0.0
1,0,2,2,21,4,5,0,0.8872651356993737,0.5962059620596206,0.0
50,0,1,0,20,4,5,0,0.6200417536534448,0.2872628726287263,1.0
5,0,2,0,13,4,1,0,0.9394572025052192,0.0921409214092141,0.0
21,0,2,0,11,1,5,0,0.5594989561586641,0.05962059620596205,0.0
13,0,1,0,6,0,5,4,0.9519832985386223,0.3902439024390244,0.0
30,0,1,0,13,6,5,5,0.8914405010438415,0.10298102981029811,0.0
64,0,2,0,15,7,0,0,0.32150313152400845,0.3631436314363144,1.0
103,0,2,0,21,4,5,4,0.9791231732776617,0.5528455284552846,0.0
64,0,2,0,4,6,5,3,0.32150313152400845,0.2005420054200542,0.0
30,1,1,0,18,3,5,1,0.8914405010438415,0.027100271002710022,0.0
5,0,0,0,15,4,5,4,0.9394572025052192,0.16260162601626016,1.0
13,0,2,2,8,4,5,4,0.9519832985386223,0.4769647696476965,0.0
5,0,2,0,21,4,5,4,0.9394572025052192,0.44986449864498645,0.0
11,0,2,0,1,0,5,4,0.16701461377870586,0.06504065040650406,0.0
103,1,2,0,14,4,5,5,0.9791231732776617,0.03252032520325203,1.0
11,0,2,2,11,1,5,0,0.16701461377870586,0.2981029810298103,0.0
5,0,1,0,1,4,5,1,0.9394572025052192,0.4281842818428185,0.0
5,0,2,0,2,1,1,0,0.9394572025052192,0.12466124661246611,0.0
13,0,2,0,16,1,5,0,0.9519832985386223,0.16802168021680217,0.0
64,0,0,0,15,1,5,0,0.32150313152400845,0.17886178861788618,0.0
100,0,2,1,15,2,5,0,0.6784968684759918,0.2601626016260163,0.0
30,0,2,2,5,3,5,2,0.8914405010438415,0.17886178861788618,0.0
64,1,0,0,11,4,5,0,0.32150313152400845,1.0,1.0
64,1,2,0,11,0,5,5,0.32150313152400845,0.31436314363143636,1.0
5,0,2,0,19,2,5,0,0.9394572025052192,0.027100271002710022,0.0
70,0,2,2,7,5,5,4,0.9791231732776617,0.26558265582655827,0.0
15,0,2,0,15,4,5,0,0.5699373695198331,0.8509485094850948,0.0
64,0,1,0,17,1,5,4,0.32150313152400845,0.16260162601626016,0.0
49,0,2,0,15,4,5,0,0.9394572025052192,0.16260162601626016,1.0
116,0,0,0,5,7,5,0,0.47599164926931103,0.05962059620596205,1.0
0,0,2,2,1,4,5,0,0.7870563674321502,0.31436314363143636,0.0
49,1,2,4,13,4,5,0,0.9394572025052192,0.08672086720867209,0.0
49,1,2,0,6,4,5,0,0.9394572025052192,0.8726287262872628,1.0
64,0,2,0,21,2,5,0,0.32150313152400845,0.1897018970189702,1.0
70,1,0,0,5,3,5,0,0.9791231732776617,0.2222222222222222,0.0
13,0,2,2,21,4,5,4,0.9519832985386223,0.39566395663956644,0.0
48,1,2,0,16,1,5,0,0.9185803757828812,0.037940379403794036,1.0
65,0,2,0,13,0,1,0,0.8956158663883091,0.5094850948509485,0.0
49,1,2,2,20,3,5,1,0.9394572025052192,0.11924119241192412,0.0
48,0,2,0,9,1,5,4,0.9185803757828812,0.3252032520325204,0.0
30,0,2,2,18,4,5,0,0.8914405010438415,0.14092140921409213,0.0
5,1,2,0,15,6,5,4,0.9394572025052192,0.7588075880758808,0.0
64,0,2,0,3,4,5,1,0.32150313152400845,0.23848238482384823,0.0
5,0,2,0,21,4,5,4,0.9394572025052192,0.1951219512195122,0.0
64,1,2,1,14,4,5,0,0.32150313152400845,0.14634146341463414,1.0
83,0,2,0,1,0,5,4,0.6096033402922756,0.29268292682926833,0.0
15,0,2,3,4,4,5,0,0.5699373695198331,0.11924119241192412,0.0
48,0,2,0,21,4,5,3,0.9185803757828812,0.17886178861788618,1.0
66,0,2,2,19,7,5,2,0.47599164926931103,0.4661246612466125,0.0
5,0,2,2,11,7,0,0,0.9394572025052192,0.016260162601626015,0.0
5,0,2,0,19,3,5,0,0.9394572025052192,0.43902439024390244,0.0
95,0,2,0,1,0,5,0,0.8037578288100209,0.13550135501355012,0.0
13,0,2,0,21,7,5,5,0.9519832985386223,0.5203252032520325,0.0
56,0,2,0,10,2,5,4,0.6388308977035491,0.43360433604336046,0.0
119,0,1,1,19,4,5,3,0.47599164926931103,0.39566395663956644,0.0
64,0,0,0,14,2,5,0,0.32150313152400845,0.39566395663956644,0.0
99,0,2,0,16,5,5,0,0.8643006263048016,0.7208672086720866,1.0
64,0,2,0,17,5,5,1,0.32150313152400845,0.005420054200542005,1.0
5,0,2,0,17,3,5,0,0.9394572025052192,0.2981029810298103,0.0
64,0,2,2,13,4,5,5,0.32150313152400845,0.9051490514905148,1.0
65,1,1,1,14,4,5,0,0.8956158663883091,0.07046070460704607,0.0
64,0,2,2,13,4,0,1,0.32150313152400845,0.5907859078590786,1.0
70,1,0,1,13,1,5,2,0.9791231732776617,0.08672086720867209,0.0
42,1,2,0,11,4,5,5,0.47599164926931103,0.7696476964769647,1.0
14,0,2,0,9,1,4,1,0.665970772442589,0.31978319783197834,0.0
19,0,2,0,21,4,5,0,0.6471816283924845,0.7425474254742547,0.0
64,1,2,0,11,4,5,0,0.32150313152400845,0.26558265582655827,1.0
4,0,2,0,21,3,5,3,0.6972860125260962,0.29268292682926833,0.0
13,0,2,0,15,0,5,3,0.9519832985386223,0.4444444444444445,0.0
64,0,2,2,13,4,1,0,0.32150313152400845,0.4715447154471545,0.0
5,0,0,2,1,7,2,0,0.9394572025052192,0.24390243902439024,0.0
31,0,2,0,18,4,5,0,0.7640918580375784,0.05962059620596205,0.0
13,0,0,0,21,1,5,0,0.9519832985386223,0.1842818428184282,0.0
5,0,2,2,19,4,5,1,0.9394572025052192,0.037940379403794036,0.0
61,0,2,0,19,4,5,0,0.4425887265135702,0.14634146341463414,0.0
99,0,2,2,21,0,5,3,0.8643006263048016,1.0,0.0
5,0,2,0,6,3,5,3,0.9394572025052192,0.5149051490514904,0.0
30,0,2,2,19,6,5,1,0.8914405010438415,0.010840108401084009,0.0
88,0,1,0,3,1,5,1,0.5615866388308981,0.34146341463414637,0.0
23,1,0,0,1,4,5,0,0.5741127348643007,0.20596205962059622,1.0
49,0,2,0,7,4,1,0,0.9394572025052192,0.17886178861788618,0.0
78,0,2,0,21,2,5,4,0.7453027139874742,0.3739837398373984,0.0
94,0,2,0,19,0,5,4,0.6931106471816286,0.4010840108401084,0.0
94,0,2,0,3,1,5,4,0.6931106471816286,0.24932249322493225,0.0
49,0,0,0,13,2,5,0,0.9394572025052192,0.15176151761517614,1.0
13,0,2,0,19,0,5,2,0.9519832985386223,0.04878048780487805,0.0
93,0,0,0,21,3,5,0,0.40918580375782887,0.037940379403794036,0.0
55,1,2,3,21,1,5,4,0.8517745302713988,0.11382113821138211,0.0
99,0,2,2,9,1,4,1,0.8643006263048016,0.08130081300813008,0.0
3,0,0,2,9,4,5,0,0.1837160751565763,0.9159891598915989,1.0
48,0,2,3,21,1,2,0,0.9185803757828812,0.11924119241192412,0.0
48,0,1,0,14,2,5,3,0.9185803757828812,0.2981029810298103,0.0
112,1,2,0,5,3,5,1,0.9457202505219209,0.9051490514905148,0.0
78,0,2,0,19,2,5,0,0.7453027139874742,0.40650406504065045,1.0
61,1,0,1,18,4,5,0,0.4425887265135702,0.26558265582655827,0.0
2,1,0,2,21,3,4,5,0.8705636743215033,0.46070460704607047,0.0
5,0,2,0,17,4,1,0,0.9394572025052192,0.15176151761517614,0.0
116,1,2,2,21,7,5,4,0.47599164926931103,0.3739837398373984,0.0
5,1,0,2,17,4,5,2,0.9394572025052192,0.9051490514905148,0.0
48,0,2,0,21,5,5,4,0.9185803757828812,0.25474254742547425,0.0
13,0,2,1,2,0,5,1,0.9519832985386223,0.13008130081300812,1.0
99,0,2,2,7,4,5,4,0.8643006263048016,0.6449864498644986,0.0
64,1,2,0,19,0,5,2,0.32150313152400845,0.26558265582655827,1.0
64,1,0,0,0,4,5,5,0.32150313152400845,0.23306233062330622,1.0
95,1,2,4,0,4,5,0,0.8037578288100209,0.9485094850948509,0.0
65,0,2,0,21,3,5,4,0.8956158663883091,0.03252032520325203,1.0
38,0,2,0,19,6,5,4,0.7724425887265136,0.17344173441734417,0.0
91,1,0,1,3,4,5,4,0.9248434237995826,0.4444444444444445,0.0
64,1,0,1,13,4,5,5,0.32150313152400845,0.7967479674796748,1.0
64,0,2,0,3,0,5,4,0.32150313152400845,0.7208672086720866,1.0
64,0,2,0,14,0,5,5,0.32150313152400845,0.4769647696476965,0.0
13,0,2,0,16,1,5,0,0.9519832985386223,0.0,0.0
5,0,0,0,1,5,1,1,0.9394572025052192,0.1084010840108401,0.0
75,0,2,0,19,4,5,0,0.676409185803758,0.1897018970189702,0.0
112,0,2,0,21,1,1,2,0.9457202505219209,0.5365853658536585,0.0
13,0,1,0,14,0,1,1,0.9519832985386223,1.0,0.0
48,1,2,1,1,4,5,5,0.9185803757828812,0.2222222222222222,0.0
48,1,0,1,13,4,5,0,0.9185803757828812,0.037940379403794036,0.0
5,0,2,4,21,7,1,1,0.9394572025052192,0.1842818428184282,0.0
4,1,2,0,13,4,5,5,0.6972860125260962,0.2818428184281843,1.0
77,1,0,0,15,4,5,0,0.6388308977035491,1.0,0.0
122,1,0,0,15,4,5,0,0.9290187891440502,0.0921409214092141,1.0
5,0,2,0,21,4,5,1,0.9394572025052192,0.9701897018970189,1.0
5,0,2,0,17,4,5,4,0.9394572025052192,1.0,1.0
82,1,2,0,19,4,5,2,0.8768267223382047,0.2710027100271003,0.0
64,1,2,0,18,3,5,5,0.32150313152400845,0.8943089430894309,0.0
48,0,2,0,21,4,5,0,0.9185803757828812,0.07046070460704607,0.0
13,0,2,1,2,4,5,0,0.9519832985386223,0.17886178861788618,0.0
83,0,0,0,3,1,5,2,0.6096033402922756,0.027100271002710022,0.0
64,0,2,0,15,5,5,4,0.32150313152400845,0.2168021680216802,0.0
5,1,1,0,13,0,4,0,0.9394572025052192,0.20596205962059622,1.0
5,1,0,1,11,5,5,0,0.9394572025052192,0.21138211382113822,0.0
5,0,2,0,6,4,5,2,0.9394572025052192,0.21138211382113822,0.0
78,0,0,0,16,6,5,0,0.7453027139874742,0.9159891598915989,1.0
13,1,2,1,13,4,5,5,0.9519832985386223,0.2981029810298103,0.0
64,0,2,0,17,4,5,3,0.32150313152400845,0.17344173441734417,0.0
85,0,2,0,21,4,5,3,0.8893528183716073,0.35772357723577236,0.0
5,0,2,2,21,1,5,4,0.9394572025052192,0.35772357723577236,0.0
95,0,2,2,21,3,5,4,0.8037578288100209,0.3739837398373984,0.0
120,0,2,0,21,4,5,4,0.9498956158663885,0.26558265582655827,0.0
4,0,2,0,19,2,5,4,0.6972860125260962,0.13550135501355012,0.0
5,0,2,0,14,4,1,0,0.9394572025052192,0.13550135501355012,0.0
94,0,0,0,13,4,5,0,0.6931106471816286,0.13008130081300812,0.0
65,0,2,2,21,4,0,1,0.8956158663883091,0.6449864498644986,0.0
102,0,2,0,1,0,5,1,0.2275574112734864,0.16802168021680217,1.0
13,0,2,0,4,1,5,4,0.9519832985386223,0.5745257452574526,0.0
94,0,2,0,17,3,5,0,0.6931106471816286,0.0975609756097561,0.0
36,0,2,0,9,1,5,4,0.536534446764092,0.981029810298103,0.0
103,0,2,0,8,3,4,4,0.9791231732776617,0.30352303523035234,1.0
74,0,1,0,4,2,5,1,0.8830897703549061,0.04878048780487805,0.0
5,0,2,0,18,4,5,5,0.9394572025052192,0.26558265582655827,1.0
5,0,2,2,4,3,5,1,0.9394572025052192,0.3739837398373984,0.0
4,1,2,0,20,4,5,4,0.6972860125260962,0.7642276422764227,1.0
4,0,2,2,16,5,5,1,0.6972860125260962,0.4823848238482385,0.0
48,1,0,2,6,4,4,2,0.9185803757828812,0.17344173441734417,0.0
5,0,2,2,21,3,5,0,0.9394572025052192,0.1842818428184282,0.0
11,1,0,0,15,0,5,0,0.16701461377870586,0.5474254742547425,1.0
64,0,2,0,13,4,5,1,0.32150313152400845,0.44986449864498645,1.0
5,0,2,0,10,4,5,1,0.9394572025052192,0.1951219512195122,0.0
101,0,2,0,13,4,5,0,0.5929018789144052,0.22764227642276422,1.0
11,0,0,0,11,4,5,0,0.16701461377870586,0.34688346883468835,1.0
49,0,2,2,6,4,5,4,0.9394572025052192,0.0921409214092141,0.0
5,0,2,0,13,4,5,0,0.9394572025052192,0.33062330623306235,0.0
64,0,2,0,15,4,5,0,0.32150313152400845,0.1084010840108401,0.0
5,0,2,0,8,4,5,3,0.9394572025052192,0.8888888888888888,0.0
26,0,2,0,21,6,5,4,0.7453027139874742,0.08130081300813008,0.0
64,1,1,0,20,0,5,0,0.32150313152400845,0.04878048780487805,1.0
120,0,2,0,16,0,5,0,0.9498956158663885,0.5636856368563685,0.0
11,0,2,0,15,0,4,0,0.16701461377870586,0.2222222222222222,1.0
64,0,2,0,13,4,5,0,0.32150313152400845,0.2005420054200542,1.0
114,0,2,0,15,5,5,0,0.9498956158663885,0.4010840108401084,0.0
105,0,2,2,19,4,5,0,0.7515657620041754,0.3523035230352304,0.0
64,0,2,0,2,2,5,0,0.32150313152400845,0.13008130081300812,1.0
48,0,2,0,21,2,5,2,0.9185803757828812,0.1842818428184282,0.0
5,1,2,0,13,1,0,0,0.9394572025052192,0.5853658536585366,0.0
24,0,2,0,4,4,5,0,0.11899791231732793,0.7859078590785907,1.0
78,0,2,0,21,4,5,4,0.7453027139874742,0.8184281842818428,0.0
5,0,2,0,15,3,5,1,0.9394572025052192,0.21138211382113822,0.0
52,0,2,1,15,4,5,5,0.373695198329854,0.13008130081300812,0.0
5,1,2,0,0,4,5,5,0.9394572025052192,0.07588075880758807,1.0
5,0,2,0,4,1,5,1,0.9394572025052192,0.34146341463414637,0.0
101,0,0,2,19,4,5,1,0.5929018789144052,0.15176151761517614,0.0
64,1,0,0,13,4,5,5,0.32150313152400845,0.25474254742547425,1.0
5,0,0,0,19,0,5,3,0.9394572025052192,0.05962059620596205,0.0
5,1,0,0,15,4,4,0,0.9394572025052192,0.5420054200542005,0.0
50,0,2,0,13,0,1,0,0.6200417536534448,0.11382113821138211,0.0
94,0,2,0,2,4,5,0,0.6931106471816286,0.25474254742547425,1.0
3,1,0,0,19,4,5,5,0.1837160751565763,0.1951219512195122,1.0
5,1,0,0,11,4,5,0,0.9394572025052192,1.0,1.0
42,0,1,0,11,0,5,0,0.47599164926931103,0.4552845528455285,0.0
64,0,0,2,20,4,5,4,0.32150313152400845,0.41734417344173447,1.0
42,1,0,3,21,3,4,4,0.47599164926931103,0.010840108401084009,0.0
49,0,2,0,21,1,5,3,0.9394572025052192,0.2222222222222222,0.0
48,1,2,1,1,4,5,0,0.9185803757828812,0.2710027100271003,0.0
11,0,2,0,15,4,5,0,0.16701461377870586,0.7859078590785907,1.0
49,0,2,0,21,4,5,1,0.9394572025052192,0.5853658536585366,0.0
14,0,2,0,18,4,5,0,0.665970772442589,0.04878048780487805,0.0
30,1,0,3,16,1,4,0,0.8914405010438415,0.8509485094850948,0.0
64,1,2,0,14,1,5,2,0.32150313152400845,0.8834688346883468,1.0
5,0,2,0,4,6,5,1,0.9394572025052192,0.4769647696476965,0.0
5,0,2,0,19,3,5,0,0.9394572025052192,0.9051490514905148,0.0
99,0,2,0,15,3,5,0,0.8643006263048016,0.03252032520325203,0.0
73,0,1,2,16,4,5,0,0.0,0.0921409214092141,1.0
5,0,2,0,21,2,5,4,0.9394572025052192,0.11924119241192412,1.0
64,1,0,0,0,4,5,0,0.32150313152400845,0.6666666666666666,1.0
64,1,2,0,20,4,5,2,0.32150313152400845,0.06504065040650406,1.0
64,1,2,0,20,4,4,0,0.32150313152400845,0.5094850948509485,1.0
5,0,2,2,18,3,5,0,0.9394572025052192,0.15718157181571815,0.0
64,0,2,2,14,5,5,0,0.32150313152400845,0.11924119241192412,0.0
60,1,2,0,11,4,5,5,0.47599164926931103,0.06504065040650406,0.0
64,0,0,0,11,7,4,1,0.32150313152400845,0.4444444444444445,0.0
70,0,2,0,6,3,5,4,0.9791231732776617,0.17886178861788618,0.0
64,0,0,0,15,4,5,1,0.32150313152400845,0.16802168021680217,1.0
5,0,2,0,21,7,5,2,0.9394572025052192,0.05420054200542005,0.0
21,0,2,0,8,6,5,2,0.5594989561586641,0.005420054200542005,0.0
64,0,2,0,15,4,5,0,0.32150313152400845,0.21138211382113822,1.0
82,0,1,0,15,4,5,0,0.8768267223382047,0.07046070460704607,0.0
5,0,2,4,3,1,5,1,0.9394572025052192,0.2601626016260163,0.0
85,1,2,0,21,4,5,5,0.8893528183716073,0.027100271002710022,0.0
5,0,2,0,4,7,5,3,0.9394572025052192,0.15718157181571815,1.0
64,0,2,2,15,3,5,1,0.32150313152400845,0.34688346883468835,1.0
50,1,2,1,17,4,5,5,0.6200417536534448,0.6233062330623306,0.0
64,1,0,2,16,4,5,5,0.32150313152400845,0.07588075880758807,1.0
5,0,2,0,2,4,5,4,0.9394572025052192,1.0,0.0
42,0,2,0,1,7,5,0,0.47599164926931103,0.07046070460704607,0.0
5,1,2,0,13,4,5,0,0.9394572025052192,0.991869918699187,1.0
5,0,2,0,6,2,5,0,0.9394572025052192,0.3631436314363144,0.0
5,1,0,1,13,4,5,0,0.9394572025052192,0.010840108401084009,0.0
5,0,2,0,14,2,5,1,0.9394572025052192,0.08672086720867209,0.0
5,1,2,0,13,4,5,0,0.9394572025052192,0.2222222222222222,0.0
5,0,2,0,15,4,1,0,0.9394572025052192,0.33062330623306235,0.0
64,0,2,0,1,6,5,0,0.32150313152400845,0.35772357723577236,1.0
30,0,2,2,14,6,4,0,0.8914405010438415,0.6991869918699186,0.0
13,0,2,0,21,4,5,2,0.9519832985386223,0.02168021680216802,0.0
13,0,2,2,2,3,5,0,0.9519832985386223,0.20596205962059622,0.0
30,0,2,0,21,3,4,0,0.8914405010438415,0.5799457994579945,0.0
49,0,2,2,21,0,2,4,0.9394572025052192,1.0,0.0
48,0,2,0,9,4,5,0,0.9185803757828812,0.3739837398373984,0.0
5,0,2,0,13,7,5,2,0.9394572025052192,0.06504065040650406,0.0
70,0,2,1,16,7,0,5,0.9791231732776617,0.16260162601626016,0.0
5,0,2,0,21,4,5,4,0.9394572025052192,0.17886178861788618,1.0
64,1,0,0,20,7,5,0,0.32150313152400845,0.08672086720867209,1.0
64,0,2,0,18,2,5,5,0.32150313152400845,0.8780487804878049,0.0
97,1,2,0,0,4,5,5,0.3695198329853864,0.17344173441734417,0.0
5,0,2,0,1,4,5,1,0.9394572025052192,0.016260162601626015,0.0
112,0,2,0,6,4,5,0,0.9457202505219209,1.0,0.0
49,0,2,0,21,1,5,4,0.9394572025052192,0.10298102981029811,0.0
103,1,2,2,21,4,5,4,0.9791231732776617,0.4932249322493225,0.0
5,0,2,0,17,4,5,1,0.9394572025052192,0.9701897018970189,0.0
64,0,2,2,10,3,4,0,0.32150313152400845,0.6666666666666666,1.0
103,0,2,0,19,4,5,5,0.9791231732776617,0.4281842818428185,0.0
116,0,2,0,1,4,5,0,0.47599164926931103,0.13550135501355012,0.0
48,0,2,0,1,4,5,2,0.9185803757828812,0.16802168021680217,0.0
5,1,0,1,18,4,5,0,0.9394572025052192,0.42276422764227645,0.0
57,1,2,0,2,0,5,4,0.6137787056367434,0.07046070460704607,0.0
51,0,2,2,10,7,1,1,0.9039665970772444,0.11924119241192412,1.0
30,0,2,2,19,3,5,1,0.8914405010438415,0.24932249322493225,0.0
48,0,2,0,21,4,5,0,0.9185803757828812,0.2872628726287263,0.0
64,0,2,2,1,2,5,1,0.32150313152400845,0.07046070460704607,0.0
48,0,2,0,10,4,5,3,0.9185803757828812,0.4932249322493225,0.0
77,0,0,0,1,4,5,0,0.6388308977035491,0.17344173441734417,1.0
109,1,0,4,10,0,5,0,0.7870563674321502,0.07588075880758807,0.0
64,0,2,0,13,5,5,0,0.32150313152400845,0.10298102981029811,0.0
103,1,2,0,21,1,5,4,0.9791231732776617,0.1084010840108401,0.0
48,1,2,0,19,4,5,0,0.9185803757828812,1.0,0.0
83,0,2,2,9,2,3,3,0.6096033402922756,0.2710027100271003,0.0
64,0,2,0,16,4,5,0,0.32150313152400845,0.41734417344173447,1.0
112,0,2,0,18,4,5,5,0.9457202505219209,1.0,0.0
70,0,2,2,3,3,5,2,0.9791231732776617,0.5691056910569106,0.0
102,0,2,2,15,4,5,0,0.2275574112734864,0.42276422764227645,1.0
64,1,2,2,4,3,5,0,0.32150313152400845,0.2764227642276423,1.0
64,0,2,0,13,4,1,0,0.32150313152400845,0.03252032520325203,1.0
116,0,2,3,1,4,5,0,0.47599164926931103,0.39566395663956644,0.0
2,0,2,1,8,1,5,0,0.8705636743215033,0.7154471544715447,0.0
13,0,2,0,7,1,5,4,0.9519832985386223,0.037940379403794036,1.0
13,0,0,1,17,1,5,1,0.9519832985386223,1.0,0.0
4,0,2,0,21,4,1,0,0.6972860125260962,0.5799457994579945,0.0
64,1,0,0,1,4,5,5,0.32150313152400845,0.2981029810298103,1.0
64,0,0,2,17,3,5,2,0.32150313152400845,0.4661246612466125,1.0
109,0,2,0,16,4,4,3,0.7870563674321502,0.4661246612466125,0.0
5,0,2,2,21,2,4,4,0.9394572025052192,0.7046070460704607,0.0
55,0,2,2,6,4,5,0,0.8517745302713988,1.0,0.0
5,0,2,0,1,3,4,4,0.9394572025052192,0.8943089430894309,0.0
112,0,2,0,21,4,5,1,0.9457202505219209,0.2981029810298103,1.0
55,0,2,1,7,1,1,0,0.8517745302713988,0.11382113821138211,0.0
48,0,2,0,19,4,5,0,0.9185803757828812,0.04336043360433604,0.0
21,0,0,2,18,3,5,0,0.5594989561586641,0.17886178861788618,0.0
65,0,2,0,7,2,5,5,0.8956158663883091,0.02168021680216802,0.0
101,1,2,0,6,0,5,4,0.5929018789144052,0.25474254742547425,1.0
74,1,0,0,13,2,5,0,0.8830897703549061,0.08130081300813008,1.0
30,0,2,2,15,1,5,1,0.8914405010438415,0.04336043360433604,0.0
77,0,2,0,14,4,5,1,0.6388308977035491,0.4769647696476965,1.0
48,0,2,0,21,2,5,0,0.9185803757828812,0.2981029810298103,0.0
63,0,2,0,18,3,5,1,0.6805845511482254,0.2872628726287263,0.0
64,1,2,0,11,4,5,1,0.32150313152400845,0.22764227642276422,1.0
82,1,0,2,11,4,5,0,0.8768267223382047,0.027100271002710022,0.0
83,0,2,0,7,3,5,1,0.6096033402922756,0.2818428184281843,0.0
48,0,2,2,7,4,5,5,0.9185803757828812,0.016260162601626015,0.0
95,0,2,2,6,0,5,0,0.8037578288100209,0.3360433604336044,0.0
64,1,2,0,4,3,5,4,0.32150313152400845,0.33062330623306235,1.0
95,1,0,2,8,4,5,1,0.8037578288100209,0.0921409214092141,0.0
48,0,2,1,21,4,5,4,0.9185803757828812,0.04336043360433604,0.0
116,1,0,0,0,4,5,5,0.47599164926931103,0.04878048780487805,0.0
1,0,2,2,21,1,5,0,0.8872651356993737,0.13008130081300812,0.0
5,1,2,0,13,4,5,2,0.9394572025052192,0.7967479674796748,0.0
5,0,2,0,16,2,5,2,0.9394572025052192,0.7967479674796748,0.0
99,0,2,2,21,1,5,0,0.8643006263048016,0.2981029810298103,0.0
98,0,0,0,15,5,5,0,0.47599164926931103,0.8943089430894309,0.0
8,0,2,2,16,4,5,0,0.47599164926931103,0.5257452574525745,1.0
4,0,2,2,6,2,5,2,0.6972860125260962,0.11382113821138211,0.0
33,0,2,0,11,0,5,0,0.47599164926931103,1.0,1.0
13,0,2,3,21,2,4,0,0.9519832985386223,0.24932249322493225,0.0
64,0,2,2,18,3,5,0,0.32150313152400845,0.1897018970189702,1.0
61,0,2,0,19,4,5,0,0.4425887265135702,0.3523035230352304,0.0
70,0,2,2,19,5,4,2,0.9791231732776617,0.7588075880758808,0.0
49,0,0,0,18,4,5,0,0.9394572025052192,0.1951219512195122,1.0
101,0,2,0,15,1,5,2,0.5929018789144052,0.14634146341463414,0.0
48,0,2,2,9,2,5,0,0.9185803757828812,0.1084010840108401,0.0
48,0,2,2,18,4,5,2,0.9185803757828812,0.24932249322493225,1.0
5,1,2,0,15,4,5,0,0.9394572025052192,0.2168021680216802,0.0
64,0,2,0,0,6,5,5,0.32150313152400845,0.35772357723577236,1.0
5,0,2,0,9,1,2,3,0.9394572025052192,0.8455284552845528,0.0
5,0,2,0,4,4,5,1,0.9394572025052192,0.43902439024390244,0.0
87,0,2,0,21,0,1,3,0.8058455114822547,0.3902439024390244,0.0
5,0,2,0,16,5,5,3,0.9394572025052192,0.13008130081300812,0.0
5,0,2,2,21,4,5,1,0.9394572025052192,0.20596205962059622,0.0
5,0,2,0,9,1,0,4,0.9394572025052192,0.8943089430894309,0.0
24,0,2,0,19,7,0,0,0.11899791231732793,0.5040650406504065,0.0
114,1,0,0,17,4,5,1,0.9498956158663885,0.41734417344173447,1.0
64,0,2,0,14,2,5,1,0.32150313152400845,0.8021680216802167,1.0
115,1,0,1,14,4,5,5,0.5699373695198331,0.11382113821138211,0.0
116,0,1,0,17,1,5,0,0.47599164926931103,0.29268292682926833,0.0
24,1,0,1,17,4,5,0,0.11899791231732793,0.23306233062330622,1.0
61,1,0,0,11,4,5,5,0.4425887265135702,0.16802168021680217,0.0
64,0,2,2,19,7,5,2,0.32150313152400845,1.0,1.0
13,1,0,0,21,4,5,4,0.9519832985386223,0.1897018970189702,0.0
48,0,2,0,2,4,5,0,0.9185803757828812,0.2005420054200542,0.0
21,0,2,0,21,1,5,0,0.5594989561586641,0.04336043360433604,1.0
5,0,2,0,21,3,5,4,0.9394572025052192,0.5149051490514904,0.0
64,0,2,2,1,4,5,0,0.32150313152400845,0.05962059620596205,0.0
5,0,2,2,6,1,1,1,0.9394572025052192,0.39566395663956644,0.0
94,0,2,0,6,7,5,4,0.6931106471816286,0.1897018970189702,0.0
5,0,2,0,9,7,0,3,0.9394572025052192,0.5474254742547425,0.0
64,0,2,0,3,4,5,0,0.32150313152400845,0.5257452574525745,1.0
5,0,2,2,14,4,2,3,0.9394572025052192,0.2872628726287263,0.0
14,0,2,0,21,4,5,0,0.665970772442589,0.2168021680216802,0.0
48,0,2,0,10,4,5,0,0.9185803757828812,0.027100271002710022,0.0
41,0,0,0,1,4,5,0,0.457202505219207,0.4823848238482385,1.0
70,1,2,3,2,4,4,4,0.9791231732776617,0.12466124661246611,0.0
31,0,2,2,21,3,5,4,0.7640918580375784,0.04878048780487805,1.0
99,1,2,0,9,4,5,4,0.8643006263048016,0.0921409214092141,0.0
94,0,0,0,11,0,5,1,0.6931106471816286,0.26558265582655827,0.0
11,0,2,2,15,0,0,3,0.16701461377870586,0.04336043360433604,1.0
5,0,2,0,18,4,5,0,0.9394572025052192,0.05962059620596205,0.0
13,0,2,2,3,1,5,4,0.9519832985386223,0.8292682926829268,0.0
5,0,2,0,4,4,1,0,0.9394572025052192,0.5149051490514904,0.0
5,0,2,0,14,1,1,0,0.9394572025052192,0.1084010840108401,0.0
5,0,2,0,17,7,5,0,0.9394572025052192,1.0,0.0
64,0,2,0,14,0,5,0,0.32150313152400845,0.5636856368563685,0.0
64,1,0,0,17,4,5,5,0.32150313152400845,0.13550135501355012,1.0
5,0,2,2,1,3,5,0,0.9394572025052192,0.2981029810298103,0.0
2,0,2,0,5,7,5,0,0.8705636743215033,0.34146341463414637,0.0
14,1,0,0,0,1,2,0,0.665970772442589,0.1842818428184282,0.0
5,0,2,0,16,4,5,3,0.9394572025052192,1.0,0.0
48,0,2,0,15,1,5,0,0.9185803757828812,0.5420054200542005,0.0
33,0,2,0,14,0,1,3,0.47599164926931103,0.016260162601626015,0.0
64,0,2,0,11,0,0,0,0.32150313152400845,0.17886178861788618,1.0
51,0,2,3,14,6,4,1,0.9039665970772444,0.1084010840108401,1.0
47,0,2,2,2,1,5,0,0.778705636743215,0.3631436314363144,0.0
91,0,2,0,21,1,5,0,0.9248434237995826,0.06504065040650406,0.0
5,0,2,0,4,4,5,5,0.9394572025052192,0.04336043360433604,0.0
114,1,2,2,13,4,5,5,0.9498956158663885,0.5203252032520325,0.0
13,0,2,2,5,4,5,0,0.9519832985386223,0.3360433604336044,0.0
21,0,0,0,1,4,5,0,0.5594989561586641,0.5474254742547425,1.0
65,0,0,0,13,7,4,0,0.8956158663883091,0.037940379403794036,0.0
5,0,2,3,19,1,1,0,0.9394572025052192,0.21138211382113822,0.0
102,1,0,0,14,1,5,0,0.2275574112734864,0.17886178861788618,1.0
95,0,2,1,11,7,5,0,0.8037578288100209,0.33062330623306235,0.0
101,0,2,2,21,4,5,0,0.5929018789144052,0.4932249322493225,0.0
5,1,2,0,21,4,5,0,0.9394572025052192,0.0921409214092141,1.0
95,0,2,0,17,2,5,1,0.8037578288100209,0.5365853658536585,1.0
74,0,2,0,12,1,4,0,0.8830897703549061,0.5149051490514904,0.0
13,0,2,0,15,0,0,0,0.9519832985386223,0.5636856368563685,0.0
91,0,2,3,21,4,0,4,0.9248434237995826,0.0975609756097561,0.0
22,0,2,4,10,4,5,5,0.018789144050104567,0.33062330623306235,1.0
64,0,2,0,15,0,0,1,0.32150313152400845,0.02168021680216802,1.0
13,1,2,1,13,4,5,0,0.9519832985386223,0.6016260162601625,0.0
95,0,0,0,17,3,5,0,0.8037578288100209,0.17886178861788618,0.0
64,0,2,0,11,4,0,0,0.32150313152400845,0.04336043360433604,0.0
110,1,2,4,0,4,5,5,0.5427974947807934,0.3360433604336044,0.0
5,0,2,0,21,7,5,4,0.9394572025052192,0.959349593495935,0.0
5,1,2,2,5,6,4,4,0.9394572025052192,0.3523035230352304,1.0
48,0,2,0,7,2,3,4,0.9185803757828812,0.35772357723577236,0.0
70,1,1,0,3,4,5,4,0.9791231732776617,0.23306233062330622,0.0
64,1,2,1,16,4,5,4,0.32150313152400845,0.08672086720867209,1.0
43,0,2,2,21,5,5,2,0.47599164926931103,0.2710027100271003,0.0
64,0,2,0,5,4,5,4,0.32150313152400845,0.981029810298103,0.0
5,0,2,2,19,2,5,3,0.9394572025052192,0.12466124661246611,1.0
6,0,2,3,21,3,5,0,0.9478079331941547,0.7533875338753387,0.0
31,1,2,0,1,4,5,0,0.7640918580375784,0.2222222222222222,0.0
48,0,2,0,21,5,5,4,0.9185803757828812,0.8021680216802167,0.0
2,1,2,0,15,7,5,1,0.8705636743215033,0.23848238482384823,1.0
5,1,1,0,18,4,5,0,0.9394572025052192,0.04336043360433604,1.0
5,1,2,1,13,2,4,0,0.9394572025052192,0.29268292682926833,0.0
5,1,0,0,0,2,4,0,0.9394572025052192,0.04878048780487805,1.0
103,1,2,0,17,4,4,5,0.9791231732776617,0.3848238482384824,1.0
48,0,0,0,18,4,5,0,0.9185803757828812,0.027100271002710022,0.0
102,0,2,0,17,1,4,2,0.2275574112734864,0.04878048780487805,0.0
15,0,2,0,3,1,5,2,0.5699373695198331,0.5365853658536585,0.0
41,0,2,0,3,0,0,0,0.457202505219207,0.44986449864498645,0.0
11,0,2,2,8,2,4,4,0.16701461377870586,0.5745257452574526,0.0
49,1,2,0,11,4,5,0,0.9394572025052192,0.10298102981029811,1.0
49,0,0,0,15,4,5,0,0.9394572025052192,0.5149051490514904,1.0
5,0,2,0,9,2,5,3,0.9394572025052192,0.11382113821138211,0.0
5,1,0,1,15,4,5,0,0.9394572025052192,0.2981029810298103,0.0
101,0,1,0,14,0,5,0,0.5929018789144052,0.5149051490514904,0.0
50,0,2,1,3,4,5,0,0.6200417536534448,0.3631436314363144,0.0
94,0,2,0,15,7,1,1,0.6931106471816286,0.05420054200542005,0.0
98,0,2,0,19,0,1,1,0.47599164926931103,0.41192411924119243,0.0
5,0,1,0,8,4,5,0,0.9394572025052192,0.41192411924119243,0.0
2,0,2,2,21,1,5,4,0.8705636743215033,0.25474254742547425,0.0
103,0,2,2,15,4,5,1,0.9791231732776617,0.6016260162601625,0.0
13,0,2,2,8,2,5,4,0.9519832985386223,0.4823848238482385,0.0
14,1,0,0,16,4,5,5,0.665970772442589,0.13008130081300812,0.0
15,0,0,2,6,4,5,0,0.5699373695198331,0.3848238482384824,1.0
64,0,2,0,16,3,5,0,0.32150313152400845,0.23848238482384823,0.0
5,1,2,4,15,4,5,5,0.9394572025052192,0.13008130081300812,0.0
102,0,2,0,16,4,5,3,0.2275574112734864,0.14092140921409213,1.0
13,0,2,2,2,3,5,4,0.9519832985386223,0.41734417344173447,0.0
99,1,0,0,14,4,5,0,0.8643006263048016,0.34146341463414637,1.0
13,1,2,0,18,4,5,0,0.9519832985386223,0.46070460704607047,0.0
51,0,2,0,5,3,5,2,0.9039665970772444,0.21138211382113822,1.0
77,1,2,2,7,4,5,5,0.6388308977035491,0.31436314363143636,0.0
48,1,2,0,0,3,5,0,0.9185803757828812,0.05420054200542005,1.0
48,0,2,0,14,3,3,0,0.9185803757828812,0.24932249322493225,0.0
13,0,2,1,7,7,5,3,0.9519832985386223,0.2981029810298103,0.0
24,1,2,1,13,4,5,5,0.11899791231732793,0.17886178861788618,0.0
11,0,2,0,11,1,5,0,0.16701461377870586,0.29268292682926833,0.0
49,0,2,0,3,4,5,4,0.9394572025052192,1.0,0.0
5,1,0,0,16,4,5,0,0.9394572025052192,0.0921409214092141,1.0
94,1,0,0,19,1,5,5,0.6931106471816286,0.07046070460704607,0.0
13,0,2,0,4,7,5,0,0.9519832985386223,0.08672086720867209,0.0
48,0,2,0,15,4,5,0,0.9185803757828812,0.15176151761517614,0.0
103,0,2,0,16,1,5,2,0.9791231732776617,0.13008130081300812,0.0
61,1,1,0,16,1,4,0,0.4425887265135702,0.5907859078590786,0.0
30,0,1,0,14,1,5,2,0.8914405010438415,0.21138211382113822,0.0
5,1,0,2,1,4,5,0,0.9394572025052192,0.5636856368563685,0.0
78,0,2,0,7,4,5,4,0.7453027139874742,1.0,0.0
5,1,0,0,13,3,5,1,0.9394572025052192,0.2168021680216802,0.0
5,1,2,4,15,4,5,5,0.9394572025052192,0.23306233062330622,0.0
5,0,2,0,4,1,5,1,0.9394572025052192,0.2981029810298103,0.0
5,1,0,1,16,4,5,0,0.9394572025052192,0.23848238482384823,1.0
48,1,2,0,21,4,5,0,0.9185803757828812,0.25474254742547425,0.0
13,0,2,0,2,4,5,4,0.9519832985386223,0.26558265582655827,0.0
64,1,2,0,0,7,5,0,0.32150313152400845,0.15176151761517614,0.0
24,1,2,0,15,1,5,0,0.11899791231732793,0.07588075880758807,0.0
31,0,2,2,10,1,2,0,0.7640918580375784,0.07046070460704607,0.0
5,0,2,2,21,1,5,1,0.9394572025052192,0.25474254742547425,0.0
5,0,2,0,9,4,5,0,0.9394572025052192,0.04878048780487805,1.0
5,0,2,0,21,4,5,1,0.9394572025052192,0.26558265582655827,0.0
5,0,2,0,16,2,5,0,0.9394572025052192,0.5691056910569106,0.0
64,0,2,0,14,4,5,0,0.32150313152400845,0.31436314363143636,1.0
65,0,2,2,21,7,0,0,0.8956158663883091,0.07588075880758807,0.0
48,1,2,4,16,4,5,5,0.9185803757828812,0.010840108401084009,0.0
122,0,2,0,19,4,5,1,0.9290187891440502,0.29268292682926833,0.0
48,1,2,4,13,4,5,5,0.9185803757828812,0.25474254742547425,0.0
95,1,2,0,11,4,5,0,0.8037578288100209,0.6991869918699186,0.0
93,0,2,0,5,1,5,1,0.40918580375782887,1.0,0.0
5,0,2,2,7,6,2,4,0.9394572025052192,0.3089430894308943,0.0
33,0,2,2,5,7,5,1,0.47599164926931103,0.08130081300813008,0.0
51,0,2,0,19,1,5,0,0.9039665970772444,0.42276422764227645,0.0
5,0,2,0,1,2,5,4,0.9394572025052192,0.8943089430894309,0.0
120,1,2,3,10,1,4,4,0.9498956158663885,0.3523035230352304,0.0
48,1,2,4,11,4,5,5,0.9185803757828812,0.05962059620596205,0.0
5,0,2,0,7,4,5,5,0.9394572025052192,0.08672086720867209,1.0
2,1,0,3,17,2,4,4,0.8705636743215033,0.6666666666666666,0.0
13,1,2,1,16,7,5,2,0.9519832985386223,0.3848238482384824,0.0
7,0,1,2,15,6,5,0,0.676409185803758,1.0,0.0
64,0,2,0,17,3,5,3,0.32150313152400845,0.3523035230352304,0.0
95,0,2,2,12,1,5,1,0.8037578288100209,0.2981029810298103,0.0
85,0,2,2,6,3,5,4,0.8893528183716073,0.11924119241192412,1.0
55,1,2,2,0,7,5,0,0.8517745302713988,0.5257452574525745,0.0
47,0,2,0,5,7,5,1,0.778705636743215,0.07046070460704607,0.0
48,0,2,0,18,4,5,0,0.9185803757828812,0.06504065040650406,0.0
30,0,2,2,13,4,5,1,0.8914405010438415,0.14634146341463414,0.0
121,0,2,0,21,7,1,1,1.0,0.1842818428184282,0.0
5,0,2,2,21,3,5,4,0.9394572025052192,0.17344173441734417,1.0
2,0,2,0,5,4,5,0,0.8705636743215033,0.07588075880758807,1.0
83,0,1,0,12,4,5,4,0.6096033402922756,0.24390243902439024,1.0
95,0,2,2,1,1,5,3,0.8037578288100209,0.6124661246612466,0.0
97,1,0,0,11,4,5,5,0.3695198329853864,0.29268292682926833,0.0
5,0,2,3,21,1,1,2,0.9394572025052192,0.17886178861788618,0.0
74,1,2,0,11,4,5,0,0.8830897703549061,0.23848238482384823,1.0
13,1,2,2,5,2,5,1,0.9519832985386223,0.11924119241192412,0.0
13,0,0,0,15,0,4,0,0.9519832985386223,0.2818428184281843,0.0
74,0,2,0,15,4,5,1,0.8830897703549061,0.15176151761517614,0.0
5,0,2,0,7,3,5,4,0.9394572025052192,0.25474254742547425,0.0
64,1,0,2,14,4,5,0,0.32150313152400845,0.12466124661246611,1.0
49,0,2,0,15,0,5,0,0.9394572025052192,0.2005420054200542,0.0
105,0,2,0,15,4,5,0,0.7515657620041754,0.0975609756097561,0.0
5,0,2,0,21,4,5,0,0.9394572025052192,0.20596205962059622,1.0
50,0,2,0,16,4,5,0,0.6200417536534448,0.24390243902439024,0.0
95,1,0,1,17,4,5,0,0.8037578288100209,0.29268292682926833,1.0
31,0,2,0,14,4,5,0,0.7640918580375784,0.7588075880758808,1.0
76,0,2,2,19,4,5,0,0.8935281837160753,0.04878048780487805,0.0
64,0,0,0,13,0,5,4,0.32150313152400845,0.6233062330623306,1.0
101,0,0,1,14,4,5,0,0.5929018789144052,0.2764227642276423,1.0
5,0,2,0,7,1,1,0,0.9394572025052192,1.0,0.0
64,1,2,0,14,1,5,0,0.32150313152400845,0.5745257452574526,1.0
5,1,1,0,13,1,5,0,0.9394572025052192,0.05962059620596205,1.0
64,0,2,0,20,1,5,0,0.32150313152400845,0.4010840108401084,1.0
5,0,0,0,17,0,4,0,0.9394572025052192,0.1897018970189702,1.0
2,1,0,1,15,4,5,5,0.8705636743215033,0.991869918699187,0.0
2,0,2,2,21,1,5,1,0.8705636743215033,0.20596205962059622,0.0
4,0,2,2,4,0,0,0,0.6972860125260962,0.05962059620596205,0.0
13,1,2,0,0,4,5,0,0.9519832985386223,0.0921409214092141,0.0
5,0,2,0,21,4,5,4,0.9394572025052192,0.29268292682926833,1.0
5,1,2,4,11,4,5,5,0.9394572025052192,0.0921409214092141,0.0
48,0,2,1,4,6,4,4,0.9185803757828812,0.2764227642276423,1.0
2,0,2,3,7,4,1,0,0.8705636743215033,1.0,1.0
50,0,2,0,18,1,5,0,0.6200417536534448,0.33062330623306235,0.0
64,0,0,0,16,1,5,0,0.32150313152400845,1.0,0.0
30,0,2,2,4,4,1,0,0.8914405010438415,0.2710027100271003,0.0
5,0,2,0,21,5,5,4,0.9394572025052192,0.13008130081300812,0.0
116,1,2,1,11,4,5,5,0.47599164926931103,0.40650406504065045,0.0
5,0,2,0,21,4,5,0,0.9394572025052192,0.05962059620596205,1.0
5,1,2,3,1,4,5,0,0.9394572025052192,0.1084010840108401,1.0
5,0,2,0,8,6,2,4,0.9394572025052192,0.7967479674796748,0.0
64,0,0,2,0,0,5,0,0.32150313152400845,0.11382113821138211,1.0
64,0,2,0,20,3,5,0,0.32150313152400845,0.14634146341463414,1.0
5,0,2,0,7,0,5,0,0.9394572025052192,0.15176151761517614,0.0
8,0,2,0,9,3,5,3,0.47599164926931103,0.20596205962059622,0.0
5,0,2,0,18,4,5,1,0.9394572025052192,0.5365853658536585,0.0
13,1,0,0,8,4,4,3,0.9519832985386223,0.10298102981029811,0.0
95,0,2,0,2,4,5,3,0.8037578288100209,0.5853658536585366,1.0
4,1,0,1,13,2,5,0,0.6972860125260962,0.016260162601626015,0.0
5,0,2,0,17,6,5,0,0.9394572025052192,0.3794037940379404,0.0
4,0,0,0,16,6,5,0,0.6972860125260962,0.16802168021680217,0.0
5,0,2,0,21,0,5,2,0.9394572025052192,0.5040650406504065,0.0
64,0,2,0,16,4,5,1,0.32150313152400845,0.20596205962059622,1.0
5,0,2,2,21,4,2,3,0.9394572025052192,0.11382113821138211,0.0
5,1,0,1,16,4,5,0,0.9394572025052192,0.07046070460704607,0.0
2,1,2,1,13,4,5,5,0.8705636743215033,0.05962059620596205,0.0
30,0,2,2,2,2,5,4,0.8914405010438415,0.05962059620596205,0.0
5,0,2,0,21,4,5,4,0.9394572025052192,0.25474254742547425,1.0
64,0,2,2,16,7,5,0,0.32150313152400845,0.5962059620596206,1.0
5,1,0,0,14,4,5,5,0.9394572025052192,0.11382113821138211,1.0
6,0,2,0,21,4,5,0,0.9478079331941547,0.3685636856368564,0.0
64,1,0,0,11,4,5,5,0.32150313152400845,0.12466124661246611,0.0
102,1,2,0,11,4,5,0,0.2275574112734864,0.959349593495935,1.0
48,1,1,0,15,0,5,0,0.9185803757828812,0.15718157181571815,1.0
13,0,2,0,15,2,5,4,0.9519832985386223,0.1951219512195122,0.0
30,1,0,0,14,4,5,5,0.8914405010438415,0.7859078590785907,0.0
64,0,2,0,11,3,5,0,0.32150313152400845,0.5853658536585366,0.0
64,0,2,0,21,4,5,4,0.32150313152400845,0.5582655826558265,0.0
5,0,2,2,21,4,5,3,0.9394572025052192,0.10298102981029811,1.0
21,0,2,0,5,0,1,0,0.5594989561586641,0.24932249322493225,0.0
49,0,2,0,7,1,5,0,0.9394572025052192,0.3739837398373984,0.0
61,0,2,0,21,1,5,1,0.4425887265135702,0.40650406504065045,0.0
78,0,2,0,8,1,5,0,0.7453027139874742,0.15718157181571815,0.0
64,1,0,0,20,3,5,3,0.32150313152400845,0.3523035230352304,1.0
64,1,1,2,4,4,5,0,0.32150313152400845,0.20596205962059622,1.0
48,0,2,0,17,0,5,0,0.9185803757828812,0.20596205962059622,0.0
30,1,0,0,14,4,5,5,0.8914405010438415,0.07046070460704607,1.0
48,0,2,1,16,4,5,0,0.9185803757828812,0.1897018970189702,0.0
64,1,2,1,0,4,5,0,0.32150313152400845,0.3685636856368564,1.0
5,0,2,2,21,4,5,0,0.9394572025052192,0.46070460704607047,1.0
114,0,2,0,21,3,5,0,0.9498956158663885,0.016260162601626015,0.0
5,0,2,2,21,1,5,4,0.9394572025052192,0.31436314363143636,1.0
15,0,2,2,16,2,5,0,0.5699373695198331,0.016260162601626015,0.0
116,0,1,0,17,1,5,0,0.47599164926931103,1.0,0.0
91,0,2,2,21,4,1,0,0.9248434237995826,0.43902439024390244,0.0
64,0,2,0,21,4,5,4,0.32150313152400845,0.10298102981029811,1.0
49,0,2,2,13,4,5,1,0.9394572025052192,0.14634146341463414,0.0
64,0,2,0,8,3,5,2,0.32150313152400845,0.2222222222222222,0.0
5,0,0,2,3,4,5,1,0.9394572025052192,0.39566395663956644,1.0
64,0,2,0,20,7,0,0,0.32150313152400845,0.5474254742547425,1.0
95,0,2,2,21,1,1,4,0.8037578288100209,0.3523035230352304,0.0
5,0,2,0,11,1,1,1,0.9394572025052192,0.02168021680216802,0.0
5,0,2,0,18,3,5,0,0.9394572025052192,0.027100271002710022,0.0
95,0,1,0,16,1,5,0,0.8037578288100209,0.5257452574525745,0.0
48,1,2,0,21,3,5,4,0.9185803757828812,1.0,0.0
49,0,2,0,16,4,5,0,0.9394572025052192,0.15718157181571815,0.0
13,0,0,3,11,3,5,5,0.9519832985386223,0.24932249322493225,0.0
64,1,0,0,20,4,5,0,0.32150313152400845,0.06504065040650406,1.0
48,0,2,1,1,1,5,1,0.9185803757828812,0.3848238482384824,0.0
94,0,2,0,2,0,5,1,0.6931106471816286,0.6016260162601625,0.0
6,0,2,0,18,7,5,0,0.9478079331941547,0.2872628726287263,0.0
82,0,2,0,1,1,5,1,0.8768267223382047,0.41734417344173447,0.0
13,0,2,2,7,2,5,3,0.9519832985386223,0.07588075880758807,0.0
104,0,2,0,21,0,5,3,0.47599164926931103,1.0,0.0
5,0,2,2,5,6,5,2,0.9394572025052192,0.29268292682926833,1.0
47,0,2,2,9,4,1,1,0.778705636743215,0.08672086720867209,0.0
24,1,2,1,20,4,5,5,0.11899791231732793,0.29268292682926833,0.0
116,1,1,2,17,4,5,0,0.47599164926931103,0.12466124661246611,1.0
5,0,2,0,1,3,5,0,0.9394572025052192,0.14634146341463414,0.0
64,0,0,2,8,3,5,0,0.32150313152400845,0.6937669376693767,1.0
13,1,2,3,21,3,5,3,0.9519832985386223,0.22764227642276422,0.0
64,0,2,0,15,5,5,2,0.32150313152400845,0.6016260162601625,1.0
8,0,2,0,13,0,5,0,0.47599164926931103,0.05962059620596205,0.0
49,0,2,0,7,2,4,4,0.9394572025052192,0.2872628726287263,0.0
5,1,2,0,11,4,5,5,0.9394572025052192,0.4281842818428185,0.0
112,1,0,0,11,1,2,0,0.9457202505219209,0.3252032520325204,0.0
5,1,2,2,17,4,5,3,0.9394572025052192,0.08130081300813008,0.0
64,0,2,0,14,1,5,1,0.32150313152400845,0.08672086720867209,0.0
39,0,2,0,11,1,0,0,0.1774530271398751,0.10298102981029811,0.0
95,1,0,1,18,0,5,0,0.8037578288100209,0.0921409214092141,0.0
64,0,2,0,2,3,5,4,0.32150313152400845,0.14634146341463414,0.0
5,0,2,0,5,4,5,4,0.9394572025052192,0.3523035230352304,1.0
5,0,2,0,3,2,5,4,0.9394572025052192,0.35772357723577236,0.0
30,0,2,2,18,5,5,0,0.8914405010438415,0.07046070460704607,0.0
13,0,0,1,15,1,5,0,0.9519832985386223,0.6233062330623306,0.0
48,0,2,2,21,3,5,1,0.9185803757828812,0.959349593495935,0.0
5,0,2,0,21,7,5,0,0.9394572025052192,0.5636856368563685,0.0
4,0,2,2,18,1,5,0,0.6972860125260962,0.41734417344173447,0.0
5,0,2,0,18,0,1,0,0.9394572025052192,0.30352303523035234,0.0
96,0,2,0,3,2,5,1,0.8058455114822547,1.0,0.0
64,0,2,0,11,6,5,0,0.32150313152400845,0.14092140921409213,1.0
39,0,2,0,14,0,1,0,0.1774530271398751,0.7208672086720866,1.0
48,0,2,4,5,1,1,0,0.9185803757828812,0.1897018970189702,0.0
48,1,0,2,5,4,5,1,0.9185803757828812,0.40650406504065045,1.0
5,0,2,3,6,4,1,3,0.9394572025052192,0.5799457994579945,0.0
85,0,0,2,18,2,5,5,0.8893528183716073,0.5203252032520325,0.0
64,0,2,2,13,7,5,5,0.32150313152400845,0.13008130081300812,1.0
5,0,2,0,14,4,1,0,0.9394572025052192,0.8726287262872628,0.0
5,0,2,0,16,4,1,0,0.9394572025052192,0.4281842818428185,0.0
95,0,0,0,15,3,5,1,0.8037578288100209,0.14634146341463414,1.0
5,1,0,0,11,7,5,0,0.9394572025052192,0.30352303523035234,0.0
5,0,2,0,1,3,5,0,0.9394572025052192,0.2005420054200542,0.0
5,0,2,0,21,4,5,4,0.9394572025052192,0.5907859078590786,1.0
112,0,2,0,21,4,5,4,0.9457202505219209,0.6395663956639566,0.0
48,1,2,0,11,4,5,5,0.9185803757828812,0.1897018970189702,0.0
51,1,2,0,21,4,2,4,0.9039665970772444,0.0921409214092141,0.0
13,0,0,0,17,4,5,0,0.9519832985386223,0.7533875338753387,0.0
5,0,2,0,16,0,5,3,0.9394572025052192,0.11924119241192412,1.0
5,1,0,0,14,4,5,2,0.9394572025052192,0.31978319783197834,1.0
95,0,2,2,19,1,5,4,0.8037578288100209,0.4715447154471545,1.0
13,0,2,1,15,7,5,5,0.9519832985386223,0.027100271002710022,0.0
30,1,0,0,14,3,4,0,0.8914405010438415,0.24932249322493225,0.0
11,0,0,0,14,1,5,0,0.16701461377870586,0.5691056910569106,0.0
64,0,2,2,5,6,5,0,0.32150313152400845,0.4661246612466125,1.0
5,0,2,0,21,0,5,5,0.9394572025052192,0.16260162601626016,0.0
64,0,2,0,7,6,5,3,0.32150313152400845,0.4932249322493225,0.0
77,1,0,1,14,2,5,5,0.6388308977035491,0.2872628726287263,1.0
99,0,2,0,10,4,5,4,0.8643006263048016,0.12466124661246611,0.0
5,0,2,0,16,5,5,1,0.9394572025052192,0.29268292682926833,0.0
85,0,2,0,21,4,5,1,0.8893528183716073,0.9051490514905148,0.0
49,1,0,1,16,4,5,5,0.9394572025052192,0.1084010840108401,0.0
95,0,0,2,18,1,5,4,0.8037578288100209,1.0,0.0
64,1,0,4,0,7,4,5,0.32150313152400845,0.07588075880758807,1.0
5,1,2,0,6,3,5,1,0.9394572025052192,0.0975609756097561,0.0
5,1,2,0,1,0,5,4,0.9394572025052192,0.1897018970189702,1.0
64,0,2,0,16,7,5,4,0.32150313152400845,0.1842818428184282,0.0
43,0,0,2,5,4,5,1,0.47599164926931103,0.027100271002710022,0.0
5,1,2,3,5,2,5,0,0.9394572025052192,0.07588075880758807,0.0
48,0,2,0,21,1,3,4,0.9185803757828812,0.12466124661246611,0.0
61,1,2,1,20,4,5,5,0.4425887265135702,0.33062330623306235,0.0
5,0,2,0,6,4,5,0,0.9394572025052192,1.0,0.0
70,0,2,0,14,1,5,0,0.9791231732776617,0.7262872628726287,0.0
121,0,2,2,19,1,5,1,1.0,0.15176151761517614,0.0
5,0,2,0,10,5,5,1,0.9394572025052192,0.08672086720867209,0.0
4,0,2,2,16,5,5,0,0.6972860125260962,0.2168021680216802,0.0
30,0,2,0,15,3,5,0,0.8914405010438415,0.05420054200542005,0.0
49,1,2,0,14,4,5,0,0.9394572025052192,0.6449864498644986,0.0
5,1,2,0,11,5,4,0,0.9394572025052192,0.03252032520325203,1.0
13,1,2,4,15,4,5,5,0.9519832985386223,0.0975609756097561,0.0
5,0,2,0,19,4,5,1,0.9394572025052192,0.22764227642276422,0.0
64,0,2,0,9,4,1,1,0.32150313152400845,0.3631436314363144,1.0
48,0,2,0,21,4,5,0,0.9185803757828812,0.22764227642276422,1.0
93,1,0,1,14,4,5,0,0.40918580375782887,0.2168021680216802,0.0
5,1,2,0,21,4,5,2,0.9394572025052192,0.17886178861788618,0.0
5,0,2,0,21,4,5,4,0.9394572025052192,0.2710027100271003,0.0
13,1,2,0,3,1,5,4,0.9519832985386223,0.03252032520325203,0.0
5,1,2,1,13,4,5,5,0.9394572025052192,0.0975609756097561,0.0
5,0,2,2,21,4,5,1,0.9394572025052192,0.05420054200542005,1.0
48,0,0,0,11,6,5,0,0.9185803757828812,0.9159891598915989,0.0
87,0,2,0,11,4,5,0,0.8058455114822547,0.16802168021680217,1.0
83,0,2,0,15,1,5,0,0.6096033402922756,0.8726287262872628,0.0
13,0,2,0,4,4,5,4,0.9519832985386223,0.2764227642276423,0.0
91,0,2,2,3,4,5,0,0.9248434237995826,0.2764227642276423,0.0
69,0,2,0,6,4,5,3,0.7891440501043843,1.0,1.0
36,0,1,0,17,1,5,1,0.536534446764092,0.6829268292682926,0.0
64,0,2,0,11,4,5,1,0.32150313152400845,0.6016260162601625,1.0
49,0,2,0,2,4,5,4,0.9394572025052192,0.23848238482384823,0.0
5,0,2,2,10,1,1,0,0.9394572025052192,1.0,0.0
64,0,0,2,19,4,0,5,0.32150313152400845,1.0,1.0
50,0,0,0,16,5,2,0,0.6200417536534448,0.8346883468834688,0.0
4,0,2,0,16,4,5,0,0.6972860125260962,0.1897018970189702,0.0
99,0,2,2,11,7,5,0,0.8643006263048016,1.0,0.0
85,1,0,0,15,4,5,5,0.8893528183716073,0.7804878048780487,0.0
5,0,2,0,11,3,5,0,0.9394572025052192,0.4932249322493225,0.0
47,1,1,0,18,3,5,1,0.778705636743215,0.05420054200542005,0.0
5,0,1,0,16,3,5,0,0.9394572025052192,0.16802168021680217,0.0
64,1,2,0,20,3,5,0,0.32150313152400845,0.08130081300813008,1.0
51,0,0,0,16,0,1,4,0.9039665970772444,0.6395663956639566,0.0
5,0,2,0,19,3,5,1,0.9394572025052192,0.2981029810298103,1.0
5,0,2,0,21,1,5,0,0.9394572025052192,0.23306233062330622,0.0
5,0,2,2,4,2,2,2,0.9394572025052192,1.0,0.0
70,1,1,1,14,1,5,5,0.9791231732776617,0.03252032520325203,0.0
3,1,2,1,13,4,5,0,0.1837160751565763,0.4281842818428185,1.0
64,0,0,0,7,1,5,0,0.32150313152400845,0.5636856368563685,0.0
63,1,0,1,16,4,5,5,0.6805845511482254,0.2168021680216802,0.0
64,1,0,1,15,4,5,5,0.32150313152400845,0.5962059620596206,1.0
64,0,2,2,17,4,5,0,0.32150313152400845,0.2981029810298103,0.0
91,0,2,3,21,1,5,0,0.9248434237995826,0.22764227642276422,1.0
5,1,2,4,13,4,5,5,0.9394572025052192,0.41734417344173447,0.0
5,0,2,0,6,5,5,2,0.9394572025052192,0.2710027100271003,0.0
102,1,0,0,0,4,5,0,0.2275574112734864,0.08130081300813008,1.0
5,0,2,0,16,1,5,0,0.9394572025052192,0.14092140921409213,0.0
6,1,0,1,14,4,5,1,0.9478079331941547,0.2818428184281843,0.0
33,0,2,0,7,4,5,0,0.47599164926931103,0.23306233062330622,0.0
5,0,2,2,4,2,5,4,0.9394572025052192,0.15176151761517614,0.0
70,0,2,3,2,7,5,0,0.9791231732776617,0.7154471544715447,0.0
67,0,2,0,16,4,5,0,0.47599164926931103,1.0,0.0
49,0,2,0,21,7,5,5,0.9394572025052192,0.07046070460704607,0.0
99,0,2,0,14,2,5,3,0.8643006263048016,0.05420054200542005,0.0
64,0,2,2,1,3,5,5,0.32150313152400845,0.07046070460704607,0.0
50,0,0,0,4,1,5,0,0.6200417536534448,0.16802168021680217,0.0
112,0,2,0,15,4,5,4,0.9457202505219209,0.07588075880758807,0.0
5,0,2,0,8,1,5,4,0.9394572025052192,0.5691056910569106,0.0
49,0,2,0,1,0,5,0,0.9394572025052192,0.23306233062330622,0.0
51,0,0,0,1,5,5,2,0.9039665970772444,0.016260162601626015,0.0
49,0,2,0,15,4,5,1,0.9394572025052192,0.2168021680216802,0.0
5,1,2,0,17,1,1,0,0.9394572025052192,0.20596205962059622,0.0
5,1,1,0,16,3,5,4,0.9394572025052192,0.30352303523035234,0.0
86,1,0,0,15,4,5,0,0.5636743215031317,1.0,0.0
5,1,2,4,14,4,5,5,0.9394572025052192,0.07046070460704607,0.0
13,1,2,2,10,2,4,4,0.9519832985386223,0.25474254742547425,0.0
48,1,2,0,13,7,5,1,0.9185803757828812,0.12466124661246611,0.0
13,1,2,3,17,5,2,5,0.9519832985386223,0.24390243902439024,0.0
64,1,0,0,14,4,5,5,0.32150313152400845,0.17886178861788618,1.0
64,0,2,0,21,4,5,0,0.32150313152400845,0.010840108401084009,1.0
85,1,0,1,11,4,5,5,0.8893528183716073,0.2872628726287263,0.0
13,0,2,0,6,6,5,4,0.9519832985386223,0.2710027100271003,0.0
64,0,2,0,1,4,5,0,0.32150313152400845,0.8726287262872628,1.0
70,1,0,0,17,4,5,1,0.9791231732776617,0.16260162601626016,1.0
13,0,2,0,7,0,5,4,0.9519832985386223,0.0921409214092141,0.0
11,0,0,1,13,4,5,0,0.16701461377870586,1.0,1.0
13,0,2,1,14,6,5,0,0.9519832985386223,0.22764227642276422,0.0
30,0,2,2,1,1,5,0,0.8914405010438415,0.02168021680216802,0.0
85,1,2,2,21,4,5,4,0.8893528183716073,0.13550135501355012,0.0
94,0,2,2,19,2,5,1,0.6931106471816286,0.2710027100271003,0.0
17,0,2,2,21,7,5,4,0.5260960334029228,0.3739837398373984,1.0
95,0,2,0,7,4,1,1,0.8037578288100209,0.08130081300813008,0.0
5,0,2,0,21,2,4,2,0.9394572025052192,0.04336043360433604,0.0
5,0,0,0,21,4,5,0,0.9394572025052192,0.1951219512195122,0.0
5,1,2,0,14,3,5,2,0.9394572025052192,0.959349593495935,1.0
101,0,2,2,17,4,5,4,0.5929018789144052,0.2168021680216802,0.0
82,0,2,2,21,4,5,0,0.8768267223382047,0.15718157181571815,0.0
74,0,2,0,8,7,5,4,0.8830897703549061,0.33062330623306235,0.0
13,1,1,1,14,4,5,5,0.9519832985386223,0.31436314363143636,0.0
13,0,2,2,1,3,5,0,0.9519832985386223,0.2222222222222222,0.0
103,0,2,0,2,4,1,1,0.9791231732776617,0.08672086720867209,0.0
30,1,0,0,11,4,5,0,0.8914405010438415,0.24390243902439024,1.0
51,1,0,1,11,7,5,0,0.9039665970772444,0.04878048780487805,0.0
30,1,2,0,14,4,5,0,0.8914405010438415,1.0,0.0
5,0,2,0,14,3,5,0,0.9394572025052192,0.5203252032520325,0.0
5,0,2,0,21,4,5,1,0.9394572025052192,0.14634146341463414,0.0
5,1,2,0,17,4,5,0,0.9394572025052192,0.010840108401084009,0.0
101,0,2,0,21,4,5,4,0.5929018789144052,0.7208672086720866,0.0
5,0,2,0,17,3,5,0,0.9394572025052192,0.41192411924119243,0.0
95,1,0,0,5,4,5,0,0.8037578288100209,0.8401084010840109,0.0
77,0,2,2,8,4,1,0,0.6388308977035491,0.1951219512195122,0.0
30,0,2,2,5,0,0,1,0.8914405010438415,0.10298102981029811,0.0
48,0,2,0,1,1,5,0,0.9185803757828812,0.43902439024390244,0.0
41,0,2,1,13,4,5,5,0.457202505219207,0.5311653116531165,1.0
5,0,2,0,21,0,3,4,0.9394572025052192,0.16260162601626016,0.0
78,0,2,0,17,1,5,0,0.7453027139874742,0.04878048780487805,0.0
49,0,2,2,15,3,5,4,0.9394572025052192,0.027100271002710022,0.0
65,1,2,2,7,4,5,5,0.8956158663883091,0.1842818428184282,0.0
48,1,2,0,19,4,5,1,0.9185803757828812,0.2981029810298103,1.0
49,0,2,2,21,4,5,4,0.9394572025052192,0.6449864498644986,1.0
5,1,1,1,16,4,1,0,0.9394572025052192,0.2872628726287263,0.0
5,1,2,0,0,4,5,5,0.9394572025052192,0.2222222222222222,1.0
77,0,2,1,0,0,5,0,0.6388308977035491,0.4769647696476965,0.0
64,0,2,0,2,4,1,0,0.32150313152400845,1.0,1.0
30,1,2,3,2,2,5,0,0.8914405010438415,0.8075880758807588,0.0
5,1,2,0,13,4,5,0,0.9394572025052192,0.16802168021680217,0.0
5,0,2,0,21,4,5,4,0.9394572025052192,0.6937669376693767,0.0
50,1,0,0,19,4,5,5,0.6200417536534448,0.15176151761517614,1.0
26,0,0,1,17,2,5,0,0.7453027139874742,0.41192411924119243,0.0
48,1,2,0,3,4,5,2,0.9185803757828812,0.8075880758807588,1.0
5,1,2,0,21,5,5,0,0.9394572025052192,0.04336043360433604,0.0
122,1,0,1,14,4,5,0,0.9290187891440502,0.6070460704607046,0.0
13,0,2,0,17,1,5,2,0.9519832985386223,0.05420054200542005,1.0
95,0,1,0,14,4,5,0,0.8037578288100209,1.0,0.0
30,0,2,0,17,4,5,5,0.8914405010438415,0.005420054200542005,0.0
93,0,2,0,21,4,5,3,0.40918580375782887,0.11382113821138211,0.0
29,1,2,0,0,4,5,5,0.47599164926931103,0.3631436314363144,0.0
50,1,0,1,14,7,0,0,0.6200417536534448,0.22764227642276422,0.0
5,0,2,2,21,1,1,4,0.9394572025052192,0.4823848238482385,0.0
5,1,2,0,11,4,5,0,0.9394572025052192,0.0921409214092141,1.0
48,0,2,0,21,4,5,3,0.9185803757828812,0.13008130081300812,0.0
49,0,2,0,18,1,5,2,0.9394572025052192,0.46070460704607047,0.0
95,0,2,2,2,1,5,0,0.8037578288100209,0.027100271002710022,0.0
48,0,2,0,20,2,5,0,0.9185803757828812,0.31978319783197834,0.0
120,0,1,2,19,4,5,3,0.9498956158663885,0.2764227642276423,0.0
64,0,2,0,6,3,5,0,0.32150313152400845,0.02168021680216802,1.0
109,1,2,0,20,7,5,0,0.7870563674321502,0.21138211382113822,1.0
30,1,2,2,2,0,5,3,0.8914405010438415,0.5691056910569106,0.0
74,0,2,0,15,7,0,0,0.8830897703549061,0.14092140921409213,0.0
13,0,2,2,19,4,5,0,0.9519832985386223,0.23306233062330622,0.0
103,0,0,1,16,4,5,0,0.9791231732776617,0.14634146341463414,0.0
99,0,2,0,0,4,5,0,0.8643006263048016,0.33062330623306235,1.0
64,1,0,0,20,4,5,5,0.32150313152400845,0.15718157181571815,0.0
32,0,2,2,20,4,5,5,0.03549060542797511,0.05962059620596205,1.0
37,0,2,0,21,3,5,0,0.5636743215031317,0.21138211382113822,0.0
49,0,2,0,21,0,0,1,0.9394572025052192,0.04336043360433604,0.0
64,0,2,0,9,4,5,4,0.32150313152400845,0.5040650406504065,1.0
91,0,2,4,9,4,5,1,0.9248434237995826,0.2872628726287263,0.0
39,1,0,1,11,4,5,5,0.1774530271398751,0.17886178861788618,1.0
5,0,2,0,21,3,5,3,0.9394572025052192,0.4552845528455285,0.0
64,0,2,0,14,4,0,0,0.32150313152400845,0.43902439024390244,0.0
48,0,2,0,21,3,5,4,0.9185803757828812,0.2005420054200542,0.0
5,0,1,0,13,4,5,0,0.9394572025052192,0.15718157181571815,0.0
47,0,2,0,8,4,1,0,0.778705636743215,0.3739837398373984,1.0
13,0,2,1,15,2,5,5,0.9519832985386223,0.5474254742547425,0.0
95,0,2,0,19,4,5,2,0.8037578288100209,0.2005420054200542,0.0
99,0,1,0,21,3,5,4,0.8643006263048016,0.5311653116531165,0.0
48,0,0,0,11,0,5,0,0.9185803757828812,0.1897018970189702,0.0
74,0,2,1,12,4,5,0,0.8830897703549061,0.8997289972899729,0.0
28,0,2,0,13,4,5,1,0.5678496868475993,1.0,0.0
64,0,2,0,0,0,0,5,0.32150313152400845,0.10298102981029811,0.0
22,1,1,2,19,4,5,0,0.018789144050104567,0.5311653116531165,1.0
5,1,0,0,11,4,1,0,0.9394572025052192,0.04336043360433604,0.0
65,0,2,0,15,3,5,0,0.8956158663883091,0.44986449864498645,0.0
5,0,2,0,13,1,5,0,0.9394572025052192,0.0975609756097561,0.0
3,0,2,0,3,4,5,1,0.1837160751565763,0.3252032520325204,0.0
49,0,2,2,21,4,5,2,0.9394572025052192,0.24390243902439024,1.0
94,1,2,2,5,4,5,0,0.6931106471816286,0.05420054200542005,1.0
13,0,2,0,6,2,5,0,0.9519832985386223,0.7804878048780487,0.0
5,0,2,0,5,7,5,0,0.9394572025052192,0.3631436314363144,0.0
41,0,2,0,10,4,5,5,0.457202505219207,0.5094850948509485,0.0
112,0,2,0,7,7,5,2,0.9457202505219209,0.4769647696476965,0.0
49,1,2,1,0,4,5,0,0.9394572025052192,0.41734417344173447,0.0
94,0,2,0,14,1,5,5,0.6931106471816286,0.24390243902439024,0.0
5,0,2,0,21,4,4,4,0.9394572025052192,0.03252032520325203,0.0
64,0,0,2,19,4,5,1,0.32150313152400845,0.24390243902439024,1.0
64,1,0,0,11,4,5,5,0.32150313152400845,0.15176151761517614,1.0
13,0,0,2,6,5,5,4,0.9519832985386223,0.41734417344173447,0.0
5,1,0,0,1,4,5,5,0.9394572025052192,0.016260162601626015,0.0
121,0,2,2,8,7,5,0,1.0,0.7208672086720866,0.0
48,0,2,0,4,4,5,0,0.9185803757828812,0.3360433604336044,0.0
5,0,2,2,21,5,5,0,0.9394572025052192,0.23306233062330622,0.0
116,0,2,2,2,1,2,0,0.47599164926931103,0.1897018970189702,0.0
64,0,0,2,18,2,5,0,0.32150313152400845,0.8021680216802167,0.0
102,0,0,0,0,7,5,0,0.2275574112734864,0.5420054200542005,0.0
65,0,2,0,3,4,5,0,0.8956158663883091,0.10298102981029811,0.0
61,1,0,1,14,4,5,5,0.4425887265135702,0.8184281842818428,1.0
83,0,2,0,19,1,2,0,0.6096033402922756,0.05420054200542005,0.0
64,0,2,0,2,3,5,0,0.32150313152400845,0.2710027100271003,1.0
30,1,0,2,15,4,5,0,0.8914405010438415,0.16260162601626016,0.0
5,1,2,0,8,6,5,4,0.9394572025052192,0.35772357723577236,0.0
5,1,2,2,6,4,5,1,0.9394572025052192,0.1084010840108401,0.0
30,0,2,2,2,1,5,5,0.8914405010438415,0.010840108401084009,0.0
64,0,0,2,14,4,5,0,0.32150313152400845,0.7046070460704607,1.0
30,0,2,2,8,4,5,0,0.8914405010438415,0.0975609756097561,0.0
6,0,2,0,15,4,5,0,0.9478079331941547,0.29268292682926833,0.0
64,0,0,2,1,7,5,0,0.32150313152400845,0.40650406504065045,1.0
48,0,2,0,0,4,5,0,0.9185803757828812,0.44986449864498645,0.0
5,0,2,0,4,5,5,1,0.9394572025052192,0.027100271002710022,0.0
64,1,1,0,14,1,5,5,0.32150313152400845,0.3739837398373984,1.0
13,0,2,2,21,4,5,5,0.9519832985386223,0.44986449864498645,0.0
91,0,2,4,2,4,1,0,0.9248434237995826,0.43360433604336046,1.0
91,0,2,0,21,3,5,4,0.9248434237995826,0.31436314363143636,0.0
11,1,0,0,20,4,3,5,0.16701461377870586,0.3848238482384824,1.0
60,0,2,0,13,4,5,2,0.47599164926931103,0.30352303523035234,0.0
6,1,0,0,15,4,5,0,0.9478079331941547,0.05420054200542005,1.0
91,0,2,0,3,7,5,0,0.9248434237995826,0.8617886178861789,0.0
1,0,2,0,9,4,1,0,0.8872651356993737,0.12466124661246611,0.0
64,1,2,0,11,3,5,5,0.32150313152400845,0.34146341463414637,0.0
47,0,2,0,6,5,5,3,0.778705636743215,0.8509485094850948,0.0
13,0,2,1,4,1,5,4,0.9519832985386223,0.6341463414634146,0.0
2,0,2,0,15,4,5,0,0.8705636743215033,0.3631436314363144,0.0
5,0,2,2,7,4,5,0,0.9394572025052192,0.8346883468834688,0.0
30,1,2,2,21,4,5,0,0.8914405010438415,0.04878048780487805,0.0
48,1,1,0,20,3,5,1,0.9185803757828812,0.20596205962059622,0.0
61,1,0,0,13,4,5,0,0.4425887265135702,0.16802168021680217,1.0
5,0,2,0,8,7,5,3,0.9394572025052192,0.1084010840108401,0.0
48,0,2,0,1,3,5,3,0.9185803757828812,0.9485094850948509,0.0
48,0,2,0,15,4,1,0,0.9185803757828812,0.07046070460704607,0.0
5,0,2,0,4,4,5,0,0.9394572025052192,0.4661246612466125,1.0
49,0,0,1,14,4,5,0,0.9394572025052192,0.8292682926829268,0.0
30,0,2,2,6,2,5,2,0.8914405010438415,0.23848238482384823,1.0
94,0,2,0,4,0,0,4,0.6931106471816286,0.027100271002710022,0.0
5,1,2,0,2,1,1,0,0.9394572025052192,0.11382113821138211,0.0
64,0,2,0,18,1,5,0,0.32150313152400845,0.6016260162601625,1.0
48,0,2,0,15,4,5,0,0.9185803757828812,0.0975609756097561,0.0
1,0,2,2,8,7,0,0,0.8872651356993737,0.2222222222222222,0.0
5,0,2,1,13,4,5,0,0.9394572025052192,0.2005420054200542,0.0
103,0,2,0,21,4,5,4,0.9791231732776617,0.14634146341463414,0.0
5,0,2,0,5,4,5,4,0.9394572025052192,1.0,1.0
64,0,2,0,11,3,5,0,0.32150313152400845,0.48780487804878053,0.0
118,0,2,0,11,7,5,0,0.8246346555323592,0.20596205962059622,0.0
99,1,0,0,15,4,5,0,0.8643006263048016,0.2981029810298103,0.0
7,0,0,0,13,4,5,1,0.676409185803758,0.14092140921409213,1.0
13,1,0,0,15,4,5,0,0.9519832985386223,0.14634146341463414,0.0
85,0,2,2,8,3,5,1,0.8893528183716073,0.41734417344173447,0.0
64,0,2,2,19,4,5,0,0.32150313152400845,0.13550135501355012,1.0
5,0,2,0,11,4,5,0,0.9394572025052192,0.05962059620596205,0.0
64,1,2,0,0,4,5,0,0.32150313152400845,0.2981029810298103,1.0
64,0,2,0,13,3,5,0,0.32150313152400845,1.0,1.0
14,1,0,3,10,4,2,4,0.665970772442589,0.03252032520325203,0.0
48,0,2,1,11,4,5,0,0.9185803757828812,0.2981029810298103,0.0
5,0,2,0,1,4,5,0,0.9394572025052192,0.5582655826558265,0.0
5,1,2,0,3,4,5,4,0.9394572025052192,0.15718157181571815,1.0
101,0,2,0,4,4,5,3,0.5929018789144052,0.8130081300813008,0.0
13,1,2,1,15,2,5,2,0.9519832985386223,0.20596205962059622,0.0
48,0,2,1,11,0,5,0,0.9185803757828812,0.13008130081300812,0.0
5,0,2,0,21,5,2,0,0.9394572025052192,0.41192411924119243,0.0
70,0,2,0,19,3,5,3,0.9791231732776617,0.11382113821138211,0.0
55,0,2,2,19,4,5,2,0.8517745302713988,0.07046070460704607,0.0
14,1,2,0,8,4,5,4,0.665970772442589,0.21138211382113822,0.0
26,0,2,2,4,2,5,5,0.7453027139874742,0.07588075880758807,0.0
49,0,2,0,21,1,1,0,0.9394572025052192,0.2764227642276423,0.0
113,0,2,0,21,0,5,4,0.47599164926931103,0.46070460704607047,0.0
6,0,2,0,5,4,1,1,0.9478079331941547,0.1084010840108401,0.0
73,0,2,0,17,4,5,0,0.0,0.14634146341463414,0.0
4,0,2,0,15,2,5,3,0.6972860125260962,0.06504065040650406,0.0
48,0,2,0,21,2,5,1,0.9185803757828812,0.14092140921409213,0.0
6,0,2,1,16,4,5,0,0.9478079331941547,0.43902439024390244,1.0
17,0,2,0,1,4,5,0,0.5260960334029228,0.06504065040650406,0.0
13,1,0,1,15,7,4,5,0.9519832985386223,0.5853658536585366,0.0
48,0,2,0,21,4,5,4,0.9185803757828812,0.48780487804878053,0.0
2,0,0,0,1,1,5,4,0.8705636743215033,0.6233062330623306,0.0
103,1,0,0,18,3,4,1,0.9791231732776617,0.34146341463414637,0.0
31,0,2,2,3,2,5,1,0.7640918580375784,0.21138211382113822,0.0
5,0,2,0,21,3,5,4,0.9394572025052192,0.4823848238482385,0.0
13,0,2,3,18,0,4,0,0.9519832985386223,0.1084010840108401,0.0
64,0,0,0,11,7,5,1,0.32150313152400845,0.33062330623306235,1.0
31,0,2,2,11,1,5,0,0.7640918580375784,0.1897018970189702,0.0
49,0,2,2,2,3,5,1,0.9394572025052192,0.12466124661246611,0.0
13,1,2,0,11,4,5,0,0.9519832985386223,0.07588075880758807,0.0
64,0,2,0,16,0,0,0,0.32150313152400845,0.13550135501355012,1.0
13,0,2,0,17,1,5,4,0.9519832985386223,0.02168021680216802,0.0
120,0,2,2,7,2,5,1,0.9498956158663885,0.037940379403794036,0.0
64,0,2,0,2,3,5,1,0.32150313152400845,0.7967479674796748,1.0
94,1,2,2,13,2,5,0,0.6931106471816286,0.17886178861788618,0.0
5,1,2,4,11,0,5,0,0.9394572025052192,0.5528455284552846,0.0
119,0,2,0,12,4,5,5,0.47599164926931103,0.2168021680216802,1.0
49,0,2,0,14,0,5,0,0.9394572025052192,0.037940379403794036,0.0
30,1,0,0,13,4,5,5,0.8914405010438415,0.2872628726287263,0.0
49,0,2,0,8,2,5,4,0.9394572025052192,0.11382113821138211,0.0
64,1,0,0,15,4,5,5,0.32150313152400845,0.5257452574525745,1.0
5,0,1,0,15,0,5,1,0.9394572025052192,0.3739837398373984,0.0
5,0,2,0,15,2,4,0,0.9394572025052192,0.2222222222222222,0.0
13,1,2,2,5,4,5,5,0.9519832985386223,0.5420054200542005,0.0
5,0,2,0,10,3,5,4,0.9394572025052192,1.0,0.0
5,0,2,2,21,4,5,0,0.9394572025052192,0.8075880758807588,1.0
64,0,2,2,7,3,5,3,0.32150313152400845,0.04878048780487805,0.0
5,0,2,2,1,3,5,1,0.9394572025052192,0.03252032520325203,0.0
50,0,2,0,9,1,5,5,0.6200417536534448,0.07046070460704607,0.0
29,0,0,2,17,4,5,5,0.47599164926931103,0.2222222222222222,1.0
48,0,2,2,16,2,5,0,0.9185803757828812,0.24390243902439024,0.0
48,1,0,0,15,4,5,5,0.9185803757828812,0.3631436314363144,0.0
6,0,2,1,21,2,5,1,0.9478079331941547,0.4444444444444445,0.0
6,0,2,0,8,6,5,4,0.9478079331941547,0.2168021680216802,0.0
5,0,2,0,5,2,5,4,0.9394572025052192,0.07588075880758807,0.0
103,0,2,0,4,7,0,0,0.9791231732776617,0.1951219512195122,0.0
74,0,2,2,6,4,1,0,0.8830897703549061,0.23848238482384823,0.0
49,0,2,0,1,0,5,3,0.9394572025052192,0.5420054200542005,1.0
5,1,2,3,21,4,5,4,0.9394572025052192,0.1897018970189702,0.0
5,0,2,0,21,1,5,0,0.9394572025052192,0.4932249322493225,0.0
64,1,0,1,14,4,5,5,0.32150313152400845,0.39566395663956644,1.0
83,1,2,0,14,2,5,1,0.6096033402922756,0.4444444444444445,0.0
4,0,2,0,20,4,5,1,0.6972860125260962,0.05420054200542005,1.0
85,0,2,0,7,4,5,3,0.8893528183716073,1.0,0.0
13,0,2,0,3,2,5,3,0.9519832985386223,0.2222222222222222,0.0
64,0,2,0,19,6,5,3,0.32150313152400845,0.2764227642276423,1.0
5,0,2,2,21,1,5,4,0.9394572025052192,0.0975609756097561,0.0
6,0,2,0,13,4,5,0,0.9478079331941547,0.8401084010840109,0.0
3,1,2,0,13,4,5,0,0.1837160751565763,0.14092140921409213,0.0
5,0,2,0,3,4,5,0,0.9394572025052192,0.15718157181571815,0.0
5,0,2,0,21,4,5,4,0.9394572025052192,0.5149051490514904,0.0
5,0,2,2,2,4,5,0,0.9394572025052192,0.12466124661246611,0.0
13,0,2,2,21,4,5,4,0.9519832985386223,0.21138211382113822,1.0
101,0,2,2,1,2,4,0,0.5929018789144052,0.24932249322493225,0.0
5,0,2,0,16,4,5,3,0.9394572025052192,0.037940379403794036,0.0
50,0,0,0,1,4,5,1,0.6200417536534448,0.4823848238482385,0.0
35,1,2,1,20,4,5,5,0.6116910229645096,0.14634146341463414,0.0
70,0,2,2,21,3,5,0,0.9791231732776617,0.2222222222222222,0.0
64,1,0,1,16,4,5,0,0.32150313152400845,0.04336043360433604,1.0
64,1,0,0,11,4,5,5,0.32150313152400845,0.3089430894308943,1.0
48,0,2,0,4,0,5,4,0.9185803757828812,0.3739837398373984,0.0
99,1,2,2,0,4,5,0,0.8643006263048016,1.0,0.0
5,0,2,0,17,4,5,0,0.9394572025052192,0.5582655826558265,0.0
48,0,2,0,21,1,5,2,0.9185803757828812,0.30352303523035234,0.0
64,1,2,0,14,4,5,0,0.32150313152400845,0.010840108401084009,1.0
11,0,2,0,6,1,5,1,0.16701461377870586,0.40650406504065045,0.0
5,1,1,0,11,2,5,0,0.9394572025052192,0.8617886178861789,0.0
13,0,2,1,1,7,5,0,0.9519832985386223,0.4552845528455285,0.0
48,0,2,2,8,0,5,0,0.9185803757828812,0.26558265582655827,0.0
64,0,2,0,15,4,5,3,0.32150313152400845,0.26558265582655827,1.0
61,0,2,0,16,4,5,0,0.4425887265135702,0.2818428184281843,1.0
13,1,2,1,16,4,5,5,0.9519832985386223,0.14634146341463414,0.0
94,0,2,0,7,6,5,0,0.6931106471816286,0.5745257452574526,0.0
39,1,0,0,11,4,5,5,0.1774530271398751,0.13008130081300812,1.0
50,0,2,3,21,3,5,0,0.6200417536534448,0.17886178861788618,0.0
48,0,2,2,5,1,5,3,0.9185803757828812,0.31978319783197834,0.0
30,1,0,0,11,4,5,5,0.8914405010438415,0.08672086720867209,0.0
48,0,2,0,21,1,5,0,0.9185803757828812,0.6233062330623306,0.0
48,0,2,1,8,3,5,0,0.9185803757828812,0.05962059620596205,0.0
64,1,0,0,14,4,5,5,0.32150313152400845,0.07588075880758807,0.0
5,1,2,0,8,1,2,4,0.9394572025052192,0.44986449864498645,0.0
48,0,2,0,21,0,5,4,0.9185803757828812,1.0,0.0
64,0,2,2,13,0,5,0,0.32150313152400845,0.016260162601626015,1.0
93,0,2,0,12,4,5,3,0.40918580375782887,1.0,0.0
95,0,1,0,1,3,5,0,0.8037578288100209,1.0,1.0
5,0,2,2,11,7,4,0,0.9394572025052192,0.08672086720867209,0.0
5,0,2,0,2,1,5,0,0.9394572025052192,0.016260162601626015,0.0
1,0,0,1,17,4,5,0,0.8872651356993737,0.1897018970189702,0.0
64,0,0,0,13,4,5,0,0.32150313152400845,0.25474254742547425,0.0
49,0,2,0,7,3,5,4,0.9394572025052192,0.24932249322493225,0.0
99,1,0,2,5,1,4,2,0.8643006263048016,0.5149051490514904,0.0
48,0,2,2,3,1,5,0,0.9185803757828812,0.10298102981029811,0.0
30,0,2,2,6,4,0,1,0.8914405010438415,0.04336043360433604,0.0
64,0,2,0,11,3,5,5,0.32150313152400845,0.23306233062330622,0.0
6,1,2,1,16,4,5,5,0.9478079331941547,0.10298102981029811,0.0
4,0,0,2,17,3,4,0,0.6972860125260962,0.005420054200542005,1.0
103,0,2,0,21,4,5,0,0.9791231732776617,0.2710027100271003,1.0
1,0,2,2,5,4,5,2,0.8872651356993737,0.0921409214092141,0.0
28,1,0,0,11,4,5,5,0.5678496868475993,1.0,1.0
70,0,2,2,6,3,5,4,0.9791231732776617,0.03252032520325203,1.0
105,0,0,0,2,7,5,0,0.7515657620041754,0.07588075880758807,0.0
5,0,2,0,21,4,5,4,0.9394572025052192,0.5853658536585366,0.0
55,1,0,2,19,4,5,0,0.8517745302713988,0.26558265582655827,0.0
48,0,2,0,21,4,5,4,0.9185803757828812,0.11924119241192412,0.0
49,0,0,1,19,3,5,1,0.9394572025052192,0.23848238482384823,0.0
64,0,2,0,1,2,5,0,0.32150313152400845,0.16802168021680217,1.0
101,0,1,0,21,1,5,0,0.5929018789144052,0.3631436314363144,1.0
49,0,2,2,21,1,5,0,0.9394572025052192,1.0,1.0
5,0,2,2,8,4,5,0,0.9394572025052192,0.11924119241192412,0.0
64,1,2,0,1,0,5,0,0.32150313152400845,0.17344173441734417,1.0
49,0,2,0,6,1,5,4,0.9394572025052192,0.08672086720867209,0.0
5,1,2,3,2,4,5,1,0.9394572025052192,0.2872628726287263,0.0
49,1,0,2,15,4,4,4,0.9394572025052192,0.3360433604336044,0.0
95,0,2,2,21,4,5,0,0.8037578288100209,0.05962059620596205,0.0
6,0,1,0,19,7,0,5,0.9478079331941547,0.31978319783197834,0.0
114,0,2,0,1,2,5,4,0.9498956158663885,0.8726287262872628,1.0
13,0,2,2,21,0,5,4,0.9519832985386223,0.14092140921409213,0.0
18,0,2,0,9,1,5,4,0.3549060542797495,0.25474254742547425,0.0
5,0,2,0,18,1,1,1,0.9394572025052192,0.04878048780487805,1.0
5,1,2,2,21,4,5,4,0.9394572025052192,0.3685636856368564,1.0
104,0,2,0,2,3,5,1,0.47599164926931103,0.5799457994579945,0.0
64,0,2,0,7,2,5,1,0.32150313152400845,0.5149051490514904,0.0
5,0,2,0,7,1,5,4,0.9394572025052192,1.0,1.0
48,0,2,0,21,4,5,1,0.9185803757828812,0.24932249322493225,0.0
5,0,2,0,10,2,5,0,0.9394572025052192,0.5149051490514904,0.0
13,0,2,2,6,5,5,0,0.9519832985386223,0.24390243902439024,0.0
5,0,2,2,9,6,5,0,0.9394572025052192,0.05420054200542005,0.0
48,0,2,0,9,1,5,4,0.9185803757828812,0.2168021680216802,0.0
5,0,2,2,21,4,2,0,0.9394572025052192,0.1084010840108401,0.0
13,0,2,1,21,0,5,0,0.9519832985386223,0.1897018970189702,0.0
94,1,1,0,13,4,5,0,0.6931106471816286,0.7750677506775068,1.0
5,1,2,2,15,4,2,3,0.9394572025052192,0.0921409214092141,0.0
49,0,2,0,17,7,5,4,0.9394572025052192,0.12466124661246611,0.0
49,0,2,0,10,4,5,1,0.9394572025052192,0.5149051490514904,1.0
117,0,2,0,15,0,5,0,0.4613778705636744,0.03252032520325203,0.0
64,0,2,0,19,4,5,2,0.32150313152400845,0.14634146341463414,1.0
48,0,2,2,21,3,5,5,0.9185803757828812,0.08130081300813008,0.0
28,0,0,2,15,4,5,5,0.5678496868475993,0.8455284552845528,0.0
64,1,2,0,20,4,5,5,0.32150313152400845,0.05962059620596205,0.0
30,1,0,2,15,4,4,1,0.8914405010438415,0.5040650406504065,0.0
64,1,2,0,8,4,5,5,0.32150313152400845,0.26558265582655827,1.0
2,0,2,0,4,7,5,0,0.8705636743215033,1.0,0.0
39,0,2,0,16,4,5,5,0.1774530271398751,0.016260162601626015,1.0
118,0,2,0,5,7,5,5,0.8246346555323592,0.30352303523035234,0.0
5,0,2,2,10,1,1,4,0.9394572025052192,0.1951219512195122,0.0
64,0,2,2,17,4,5,0,0.32150313152400845,0.2710027100271003,1.0
5,0,1,0,8,6,5,4,0.9394572025052192,0.07588075880758807,0.0
5,0,2,0,17,2,4,0,0.9394572025052192,0.29268292682926833,0.0
48,0,2,0,2,3,5,0,0.9185803757828812,0.08672086720867209,0.0
13,0,2,2,21,0,5,2,0.9519832985386223,0.7317073170731707,0.0
11,0,2,0,6,1,5,4,0.16701461377870586,0.07588075880758807,1.0
4,0,2,0,2,1,5,1,0.6972860125260962,0.11924119241192412,0.0
64,0,0,2,11,7,5,1,0.32150313152400845,0.5474254742547425,0.0
5,0,1,0,13,1,5,0,0.9394572025052192,0.43360433604336046,1.0
5,0,2,0,21,3,5,4,0.9394572025052192,0.06504065040650406,0.0
64,0,2,0,11,4,5,5,0.32150313152400845,0.037940379403794036,0.0
59,0,2,0,3,5,5,4,0.7390396659707728,0.14634146341463414,1.0
51,0,2,0,21,4,5,4,0.9039665970772444,0.4281842818428185,0.0
64,1,2,0,13,3,5,0,0.32150313152400845,0.037940379403794036,1.0
11,0,1,0,16,4,5,1,0.16701461377870586,0.08130081300813008,1.0
99,0,2,1,21,1,5,0,0.8643006263048016,0.3523035230352304,0.0
95,0,2,0,5,3,5,3,0.8037578288100209,0.08130081300813008,0.0
64,0,2,2,14,0,5,1,0.32150313152400845,0.06504065040650406,1.0
5,0,2,0,5,4,5,4,0.9394572025052192,0.07046070460704607,0.0
30,0,2,0,9,5,5,4,0.8914405010438415,0.11924119241192412,0.0
30,0,2,0,16,7,0,0,0.8914405010438415,1.0,0.0
48,0,0,0,4,4,5,1,0.9185803757828812,0.2818428184281843,0.0
103,0,2,0,19,4,5,0,0.9791231732776617,0.21138211382113822,0.0
13,0,2,1,21,0,5,5,0.9519832985386223,0.1084010840108401,0.0
5,1,2,0,11,5,5,0,0.9394572025052192,0.04878048780487805,0.0
5,0,2,2,21,3,4,4,0.9394572025052192,0.17344173441734417,0.0
30,0,2,2,16,3,5,0,0.8914405010438415,0.04878048780487805,0.0
25,1,0,0,11,4,5,5,0.32359081419624225,0.2222222222222222,0.0
13,0,2,0,21,0,5,0,0.9519832985386223,0.21138211382113822,0.0
103,0,2,0,12,1,2,4,0.9791231732776617,0.43902439024390244,0.0
4,0,2,3,17,5,5,4,0.6972860125260962,0.03252032520325203,1.0
5,1,2,1,15,4,5,5,0.9394572025052192,0.43360433604336046,0.0
94,0,2,0,9,2,5,4,0.6931106471816286,0.10298102981029811,0.0
48,0,2,0,21,7,1,4,0.9185803757828812,0.1084010840108401,0.0
4,0,2,2,17,4,5,0,0.6972860125260962,0.4715447154471545,0.0
5,0,2,0,7,5,5,2,0.9394572025052192,0.24390243902439024,0.0
64,1,0,0,13,4,5,5,0.32150313152400845,0.037940379403794036,0.0
5,0,2,2,5,4,5,0,0.9394572025052192,0.16260162601626016,0.0
49,0,2,0,14,4,1,0,0.9394572025052192,0.44986449864498645,0.0
13,0,2,2,9,0,0,0,0.9519832985386223,0.959349593495935,0.0
2,0,2,1,20,5,5,3,0.8705636743215033,0.23848238482384823,0.0
5,0,2,0,16,4,5,0,0.9394572025052192,0.3685636856368564,1.0
5,0,2,0,19,4,5,0,0.9394572025052192,0.04336043360433604,0.0
24,0,2,0,17,1,5,0,0.11899791231732793,0.3360433604336044,0.0
6,0,2,0,6,3,5,0,0.9478079331941547,0.25474254742547425,0.0
64,1,0,0,14,0,5,0,0.32150313152400845,0.2222222222222222,0.0
5,0,0,0,11,1,2,0,0.9394572025052192,0.17886178861788618,0.0
13,1,2,3,21,3,5,0,0.9519832985386223,0.0921409214092141,0.0
5,1,2,0,1,4,5,5,0.9394572025052192,0.04878048780487805,1.0
39,0,2,0,13,4,5,1,0.1774530271398751,0.02168021680216802,1.0
30,1,0,0,11,4,5,5,0.8914405010438415,0.1897018970189702,0.0
55,1,1,0,15,3,5,0,0.8517745302713988,0.41192411924119243,0.0
5,0,2,0,8,1,1,0,0.9394572025052192,0.3739837398373984,0.0
122,0,2,0,19,0,5,0,0.9290187891440502,0.10298102981029811,0.0
64,1,0,0,14,4,5,5,0.32150313152400845,0.3739837398373984,1.0
117,0,2,0,13,4,5,4,0.4613778705636744,0.0921409214092141,0.0
49,0,2,0,19,1,1,1,0.9394572025052192,0.12466124661246611,0.0
5,0,2,0,6,4,5,1,0.9394572025052192,1.0,0.0
49,1,0,1,11,4,5,5,0.9394572025052192,0.13008130081300812,1.0
11,0,2,2,11,4,2,0,0.16701461377870586,0.027100271002710022,0.0
106,0,2,0,18,4,5,3,0.2275574112734864,0.14634146341463414,0.0
1,0,2,0,17,3,5,0,0.8872651356993737,0.5853658536585366,0.0
39,1,2,0,11,4,2,5,0.1774530271398751,0.2222222222222222,0.0
5,1,2,0,21,5,5,0,0.9394572025052192,0.4932249322493225,0.0
5,1,2,0,21,4,3,4,0.9394572025052192,0.5582655826558265,0.0
5,0,2,0,13,0,5,0,0.9394572025052192,0.34146341463414637,0.0
30,0,2,2,6,3,5,4,0.8914405010438415,0.7208672086720866,0.0
46,1,0,0,13,4,5,0,0.6179540709812108,0.8455284552845528,1.0
5,1,0,1,14,4,5,0,0.9394572025052192,0.010840108401084009,1.0
93,1,1,2,11,4,5,1,0.40918580375782887,0.43360433604336046,0.0
64,1,2,0,19,4,5,0,0.32150313152400845,0.2981029810298103,1.0
91,0,2,0,20,7,2,0,0.9248434237995826,0.0921409214092141,1.0
5,1,0,0,15,4,5,5,0.9394572025052192,0.2222222222222222,0.0
48,0,2,0,3,5,5,4,0.9185803757828812,0.2981029810298103,0.0
64,1,0,0,13,4,5,5,0.32150313152400845,0.5691056910569106,1.0
13,1,2,1,11,4,5,5,0.9519832985386223,0.31978319783197834,0.0
5,0,2,2,15,4,4,2,0.9394572025052192,0.5745257452574526,0.0
65,0,2,0,1,2,5,5,0.8956158663883091,0.25474254742547425,0.0
95,1,0,1,20,4,5,5,0.8037578288100209,0.027100271002710022,0.0
5,0,2,0,21,0,1,1,0.9394572025052192,0.3252032520325204,0.0
5,0,2,0,19,5,5,3,0.9394572025052192,0.33062330623306235,1.0
85,0,0,0,14,0,5,0,0.8893528183716073,0.11924119241192412,0.0
48,0,2,2,4,1,5,0,0.9185803757828812,0.5203252032520325,0.0
5,0,2,0,16,3,5,0,0.9394572025052192,0.8943089430894309,0.0
5,0,2,0,6,3,5,3,0.9394572025052192,0.2981029810298103,1.0
64,0,2,0,1,4,5,2,0.32150313152400845,0.1084010840108401,0.0
64,0,2,0,12,4,5,1,0.32150313152400845,0.22764227642276422,1.0
64,0,2,0,2,5,5,0,0.32150313152400845,0.13550135501355012,1.0
5,1,0,0,14,4,5,0,0.9394572025052192,1.0,0.0
64,1,0,0,13,4,5,5,0.32150313152400845,0.39566395663956644,0.0
104,0,2,2,19,2,2,1,0.47599164926931103,0.6395663956639566,1.0
31,0,2,0,7,1,5,3,0.7640918580375784,0.20596205962059622,1.0
92,0,2,2,19,4,5,1,0.36534446764091877,0.05420054200542005,0.0
91,0,1,2,17,0,5,0,0.9248434237995826,1.0,0.0
13,0,2,0,5,4,5,3,0.9519832985386223,0.11924119241192412,0.0
5,0,1,0,21,4,5,4,0.9394572025052192,0.4769647696476965,1.0
47,1,0,0,14,4,5,5,0.778705636743215,0.14092140921409213,0.0
5,0,2,0,14,4,5,0,0.9394572025052192,0.9051490514905148,1.0
2,0,2,1,18,7,0,1,0.8705636743215033,0.2872628726287263,0.0
98,0,0,0,11,3,5,0,0.47599164926931103,0.11382113821138211,0.0
5,0,2,0,14,5,2,1,0.9394572025052192,0.08672086720867209,0.0
48,0,2,0,21,2,5,4,0.9185803757828812,0.24390243902439024,0.0
13,1,2,3,21,2,5,1,0.9519832985386223,0.04336043360433604,0.0
64,1,2,0,8,3,5,4,0.32150313152400845,0.11924119241192412,1.0
90,1,1,0,15,4,5,0,0.6367432150313155,0.24390243902439024,1.0
30,0,2,0,21,3,5,4,0.8914405010438415,0.2764227642276423,0.0
7,0,2,2,16,4,5,0,0.676409185803758,0.981029810298103,0.0
102,0,2,0,17,1,5,1,0.2275574112734864,0.02168021680216802,1.0
88,0,2,0,16,1,2,0,0.5615866388308981,1.0,0.0
50,0,2,0,16,6,5,0,0.6200417536534448,0.41192411924119243,0.0
102,0,1,1,14,4,5,1,0.2275574112734864,0.22764227642276422,0.0
101,1,2,1,11,7,5,0,0.5929018789144052,0.1951219512195122,0.0
64,0,0,0,14,1,5,3,0.32150313152400845,0.016260162601626015,1.0
14,1,0,0,14,4,5,5,0.665970772442589,1.0,1.0
5,1,2,0,6,1,1,0,0.9394572025052192,0.981029810298103,0.0
83,0,2,0,16,1,1,0,0.6096033402922756,0.5365853658536585,0.0
5,0,2,0,15,3,5,0,0.9394572025052192,0.10298102981029811,0.0
49,0,2,0,17,6,4,4,0.9394572025052192,0.26558265582655827,0.0
5,1,0,1,14,5,5,0,0.9394572025052192,0.1084010840108401,0.0
64,0,2,0,15,1,5,1,0.32150313152400845,0.46070460704607047,0.0
39,1,0,0,11,4,5,0,0.1774530271398751,0.34146341463414637,1.0
49,1,0,1,13,4,5,1,0.9394572025052192,0.41734417344173447,1.0
30,0,2,2,18,1,5,0,0.8914405010438415,0.7696476964769647,0.0
70,0,2,2,18,2,2,2,0.9791231732776617,0.31978319783197834,0.0
4,0,2,0,1,7,5,0,0.6972860125260962,0.6016260162601625,0.0
6,1,0,0,13,4,5,0,0.9478079331941547,0.037940379403794036,0.0
6,0,2,0,21,7,5,4,0.9478079331941547,0.5365853658536585,0.0
5,0,2,2,14,5,5,0,0.9394572025052192,0.10298102981029811,0.0
64,1,0,0,11,4,5,0,0.32150313152400845,0.1084010840108401,1.0
5,0,2,0,19,2,5,1,0.9394572025052192,0.3794037940379404,1.0
95,0,0,1,13,4,5,5,0.8037578288100209,0.5582655826558265,0.0
13,0,2,0,5,4,5,5,0.9519832985386223,0.11382113821138211,1.0
48,1,2,2,11,4,5,1,0.9185803757828812,1.0,0.0
85,0,2,1,19,4,5,0,0.8893528183716073,0.2710027100271003,0.0
48,0,2,0,6,4,5,4,0.9185803757828812,0.3089430894308943,0.0
64,0,0,2,17,2,5,0,0.32150313152400845,0.07588075880758807,1.0
48,0,2,0,15,4,5,0,0.9185803757828812,0.1951219512195122,1.0
5,1,0,0,16,3,5,0,0.9394572025052192,0.30352303523035234,0.0
5,0,2,2,8,1,5,3,0.9394572025052192,0.005420054200542005,1.0
18,0,1,0,13,4,5,0,0.3549060542797495,0.8834688346883468,0.0
11,0,2,0,14,0,5,0,0.16701461377870586,0.005420054200542005,0.0
5,0,2,0,21,4,3,4,0.9394572025052192,0.23306233062330622,0.0
64,0,0,2,13,7,5,0,0.32150313152400845,0.6937669376693767,1.0
5,0,0,0,16,6,5,1,0.9394572025052192,0.13550135501355012,0.0
5,1,2,1,20,4,5,5,0.9394572025052192,0.5636856368563685,0.0
5,0,2,2,21,3,5,1,0.9394572025052192,0.03252032520325203,0.0
7,0,2,0,8,7,5,3,0.676409185803758,0.6341463414634146,0.0
64,1,1,0,14,0,1,0,0.32150313152400845,0.6016260162601625,0.0
48,1,0,1,14,4,5,5,0.9185803757828812,0.5799457994579945,0.0
64,1,0,1,13,4,5,5,0.32150313152400845,0.29268292682926833,0.0
5,0,2,0,21,2,5,0,0.9394572025052192,0.34688346883468835,0.0
5,0,2,0,9,5,5,4,0.9394572025052192,0.8834688346883468,0.0
5,0,2,0,21,2,4,4,0.9394572025052192,0.13550135501355012,0.0
6,1,2,1,21,7,5,4,0.9478079331941547,0.1842818428184282,0.0
2,0,2,2,17,0,5,1,0.8705636743215033,0.04336043360433604,1.0
114,1,0,0,19,4,5,5,0.9498956158663885,0.17886178861788618,0.0
48,0,2,0,18,1,5,4,0.9185803757828812,0.3848238482384824,0.0
6,0,2,0,21,4,5,4,0.9478079331941547,0.16802168021680217,0.0
86,0,2,3,19,0,0,0,0.5636743215031317,0.7750677506775068,0.0
116,0,2,0,14,4,5,0,0.47599164926931103,0.6937669376693767,0.0
49,0,2,0,21,0,5,0,0.9394572025052192,0.3739837398373984,0.0
64,0,2,0,15,7,0,0,0.32150313152400845,0.14634146341463414,1.0
65,1,2,0,21,2,5,0,0.8956158663883091,0.30352303523035234,1.0
98,1,2,0,16,4,5,5,0.47599164926931103,0.11924119241192412,1.0
93,0,2,0,19,0,5,0,0.40918580375782887,0.5745257452574526,0.0
5,0,2,0,9,4,5,0,0.9394572025052192,0.4932249322493225,1.0
13,0,2,2,21,2,5,1,0.9519832985386223,0.981029810298103,0.0
13,1,0,0,15,6,4,0,0.9519832985386223,0.5907859078590786,0.0
64,1,0,1,11,4,5,5,0.32150313152400845,0.42276422764227645,1.0
13,1,2,0,21,6,5,0,0.9519832985386223,0.5203252032520325,0.0
5,0,2,0,14,7,5,3,0.9394572025052192,0.005420054200542005,0.0
5,0,2,0,6,4,5,4,0.9394572025052192,0.2981029810298103,0.0
80,0,0,0,13,5,5,0,0.09603340292275586,0.16802168021680217,0.0
65,0,2,1,18,4,4,0,0.8956158663883091,0.17886178861788618,0.0
55,1,2,0,5,4,5,0,0.8517745302713988,0.2222222222222222,1.0
5,0,2,3,4,6,5,0,0.9394572025052192,0.05420054200542005,0.0
5,0,2,0,8,4,5,2,0.9394572025052192,0.2710027100271003,0.0
82,0,2,0,21,2,5,0,0.8768267223382047,0.16260162601626016,0.0
64,0,2,2,17,0,5,5,0.32150313152400845,0.3739837398373984,1.0
55,0,1,0,1,4,4,0,0.8517745302713988,0.8943089430894309,0.0
5,1,2,0,21,4,5,0,0.9394572025052192,0.3848238482384824,1.0
64,0,2,0,18,0,5,1,0.32150313152400845,0.44986449864498645,1.0
30,0,2,2,15,1,5,0,0.8914405010438415,0.30352303523035234,0.0
49,0,0,0,5,4,5,0,0.9394572025052192,0.34146341463414637,0.0
74,0,1,0,2,4,5,0,0.8830897703549061,0.2764227642276423,0.0
48,0,2,3,21,4,5,4,0.9185803757828812,0.8617886178861789,0.0
5,0,2,0,21,3,5,3,0.9394572025052192,0.10298102981029811,0.0
5,0,2,0,4,4,5,0,0.9394572025052192,1.0,0.0
5,1,0,0,16,4,5,0,0.9394572025052192,0.4823848238482385,1.0
5,0,2,0,17,2,5,4,0.9394572025052192,1.0,0.0
13,0,2,2,6,3,5,1,0.9519832985386223,0.02168021680216802,0.0
95,1,2,2,20,4,5,1,0.8037578288100209,0.31436314363143636,0.0
91,0,2,0,21,2,5,1,0.9248434237995826,0.0921409214092141,0.0
30,1,1,2,13,4,5,5,0.8914405010438415,0.5582655826558265,0.0
116,0,0,0,1,4,5,4,0.47599164926931103,1.0,0.0
61,1,0,0,11,4,5,5,0.4425887265135702,0.06504065040650406,1.0
101,1,0,0,20,4,5,5,0.5929018789144052,0.0975609756097561,1.0
46,0,0,0,14,5,5,0,0.6179540709812108,0.2981029810298103,0.0
101,0,2,0,16,4,5,0,0.5929018789144052,0.23306233062330622,1.0
64,0,2,0,3,0,5,4,0.32150313152400845,0.5907859078590786,1.0
5,0,2,0,7,1,5,4,0.9394572025052192,0.4444444444444445,0.0
13,0,2,2,21,0,5,4,0.9519832985386223,0.39566395663956644,1.0
5,0,2,0,21,4,5,1,0.9394572025052192,0.15176151761517614,0.0
64,1,2,2,4,2,5,4,0.32150313152400845,0.2981029810298103,1.0
64,0,1,0,15,2,5,0,0.32150313152400845,0.29268292682926833,0.0
61,0,2,0,17,3,5,3,0.4425887265135702,0.8617886178861789,0.0
5,0,2,2,21,1,5,4,0.9394572025052192,0.037940379403794036,0.0
64,0,2,2,14,6,5,1,0.32150313152400845,0.33062330623306235,0.0
13,0,2,2,21,5,5,3,0.9519832985386223,0.13008130081300812,0.0
5,0,2,2,15,7,1,1,0.9394572025052192,0.31978319783197834,0.0
5,1,2,0,20,4,5,0,0.9394572025052192,0.15718157181571815,0.0
5,0,2,0,13,4,5,0,0.9394572025052192,0.04878048780487805,0.0
64,0,2,2,8,3,5,2,0.32150313152400845,0.4823848238482385,1.0
74,0,1,0,2,4,5,0,0.8830897703549061,0.2872628726287263,0.0
64,1,2,0,20,4,5,0,0.32150313152400845,0.10298102981029811,1.0
93,1,2,0,16,0,1,5,0.40918580375782887,0.3739837398373984,0.0
5,0,2,0,5,4,5,3,0.9394572025052192,0.959349593495935,1.0
48,0,2,0,14,4,5,0,0.9185803757828812,0.7859078590785907,0.0
65,0,2,0,7,6,5,4,0.8956158663883091,0.5311653116531165,0.0
13,0,2,0,19,3,5,0,0.9519832985386223,0.4932249322493225,0.0
64,0,0,0,11,0,5,0,0.32150313152400845,0.981029810298103,1.0
64,0,2,0,21,3,5,4,0.32150313152400845,0.13550135501355012,1.0
70,1,0,1,11,4,5,5,0.9791231732776617,0.24390243902439024,0.0
49,0,2,0,6,4,5,0,0.9394572025052192,0.7750677506775068,0.0
48,1,1,0,15,4,5,0,0.9185803757828812,0.43902439024390244,0.0
48,0,2,0,7,4,5,1,0.9185803757828812,0.23848238482384823,0.0
119,0,2,2,13,4,5,0,0.47599164926931103,0.3252032520325204,0.0
121,1,2,1,11,4,5,5,1.0,0.05962059620596205,0.0
5,0,2,2,1,4,5,0,0.9394572025052192,0.12466124661246611,0.0
89,0,1,1,14,4,5,0,0.826722338204593,0.3685636856368564,0.0
103,0,2,0,4,5,5,4,0.9791231732776617,0.6233062330623306,0.0
48,1,0,0,0,4,5,0,0.9185803757828812,0.027100271002710022,1.0
66,0,0,1,15,4,5,0,0.47599164926931103,0.22764227642276422,1.0
13,0,2,0,10,4,5,4,0.9519832985386223,0.06504065040650406,0.0
13,1,1,0,20,2,5,0,0.9519832985386223,0.03252032520325203,0.0
64,0,2,0,20,4,5,0,0.32150313152400845,0.06504065040650406,0.0
5,0,2,0,3,2,5,0,0.9394572025052192,0.10298102981029811,0.0
38,1,2,0,11,4,5,5,0.7724425887265136,0.037940379403794036,0.0
5,1,2,0,1,0,5,2,0.9394572025052192,0.05420054200542005,0.0
61,0,2,1,17,4,5,0,0.4425887265135702,0.35772357723577236,0.0
99,0,2,0,17,4,5,1,0.8643006263048016,0.13008130081300812,1.0
5,0,2,0,6,1,5,1,0.9394572025052192,0.33062330623306235,0.0
7,0,2,2,15,1,5,3,0.676409185803758,0.6070460704607046,0.0
5,0,2,0,19,4,5,1,0.9394572025052192,0.5094850948509485,0.0
85,0,2,2,4,6,4,1,0.8893528183716073,0.4715447154471545,0.0
64,0,2,0,15,3,5,0,0.32150313152400845,0.12466124661246611,1.0
5,0,2,0,21,7,5,0,0.9394572025052192,0.03252032520325203,0.0
70,1,2,0,5,2,5,4,0.9791231732776617,0.5365853658536585,0.0
5,0,2,0,16,2,3,4,0.9394572025052192,0.7208672086720866,0.0
64,0,0,0,17,1,5,1,0.32150313152400845,0.05962059620596205,0.0
99,0,1,0,14,3,4,0,0.8643006263048016,0.20596205962059622,0.0
30,0,2,2,21,3,5,4,0.8914405010438415,0.5257452574525745,0.0
5,1,2,0,21,4,4,4,0.9394572025052192,0.22764227642276422,0.0
5,0,2,0,21,0,5,2,0.9394572025052192,0.04878048780487805,0.0
49,0,2,0,21,4,5,0,0.9394572025052192,0.1842818428184282,0.0
101,0,2,4,13,4,5,5,0.5929018789144052,0.5853658536585366,0.0
5,0,1,0,6,4,5,0,0.9394572025052192,1.0,1.0
5,1,0,0,16,1,2,4,0.9394572025052192,0.4769647696476965,0.0
5,1,0,0,11,4,5,0,0.9394572025052192,0.5040650406504065,1.0
64,0,0,2,15,0,1,0,0.32150313152400845,0.05420054200542005,0.0
5,0,2,3,2,3,5,0,0.9394572025052192,0.11924119241192412,0.0
64,0,2,0,19,6,5,0,0.32150313152400845,0.07046070460704607,0.0
13,0,2,0,3,4,5,5,0.9519832985386223,0.7913279132791328,0.0
13,0,2,0,18,4,5,0,0.9519832985386223,0.010840108401084009,0.0
13,0,2,2,21,4,5,4,0.9519832985386223,0.29268292682926833,0.0
13,0,2,0,8,4,5,0,0.9519832985386223,0.12466124661246611,0.0
48,0,2,2,19,1,2,0,0.9185803757828812,0.1084010840108401,0.0
122,0,2,0,12,7,5,2,0.9290187891440502,0.2168021680216802,0.0
2,0,2,1,19,4,5,5,0.8705636743215033,0.02168021680216802,0.0
103,0,2,0,2,1,5,4,0.9791231732776617,0.5636856368563685,0.0
64,1,2,0,16,3,5,3,0.32150313152400845,0.05420054200542005,1.0
103,0,0,1,14,2,5,0,0.9791231732776617,0.5691056910569106,1.0
5,0,2,0,13,3,5,0,0.9394572025052192,0.23306233062330622,0.0
5,1,2,0,21,4,5,4,0.9394572025052192,0.005420054200542005,0.0
5,0,2,0,21,2,2,4,0.9394572025052192,0.39566395663956644,0.0
51,0,2,0,2,1,1,1,0.9039665970772444,1.0,1.0
13,0,2,0,1,7,5,0,0.9519832985386223,0.1897018970189702,0.0
64,0,2,0,14,4,5,0,0.32150313152400845,0.0921409214092141,1.0
5,0,2,0,7,2,5,4,0.9394572025052192,0.7642276422764227,0.0
30,1,2,2,9,4,2,0,0.8914405010438415,0.16260162601626016,0.0
11,1,1,0,13,0,5,0,0.16701461377870586,1.0,0.0
13,1,0,0,16,4,5,5,0.9519832985386223,0.3360433604336044,0.0
101,0,2,0,19,1,5,0,0.5929018789144052,0.05420054200542005,0.0
74,0,2,0,4,4,5,0,0.8830897703549061,0.26558265582655827,1.0
48,0,2,0,10,3,4,0,0.9185803757828812,0.0921409214092141,0.0
103,1,2,4,14,4,5,5,0.9791231732776617,0.14092140921409213,0.0
26,0,2,0,5,0,2,1,0.7453027139874742,0.43902439024390244,0.0
49,0,2,2,6,7,0,0,0.9394572025052192,0.15176151761517614,0.0
13,0,2,3,10,4,5,2,0.9519832985386223,0.8726287262872628,0.0
114,1,0,0,14,4,5,0,0.9498956158663885,0.7100271002710027,1.0
93,0,2,0,6,1,2,0,0.40918580375782887,0.3360433604336044,0.0
64,0,2,2,19,5,1,1,0.32150313152400845,0.4281842818428185,0.0
11,0,2,0,14,6,4,1,0.16701461377870586,0.15176151761517614,1.0
82,0,2,0,7,5,5,0,0.8768267223382047,0.016260162601626015,0.0
5,0,2,0,21,4,5,2,0.9394572025052192,0.5149051490514904,0.0
116,0,2,0,4,4,5,0,0.47599164926931103,0.1951219512195122,0.0
102,0,2,0,13,0,5,0,0.2275574112734864,0.1084010840108401,1.0
5,0,2,0,21,4,5,4,0.9394572025052192,0.34688346883468835,1.0
2,0,0,1,21,4,5,4,0.8705636743215033,0.8672086720867208,0.0
64,1,0,1,14,4,5,5,0.32150313152400845,0.23306233062330622,0.0
64,0,2,0,14,4,5,5,0.32150313152400845,0.005420054200542005,1.0
78,0,0,0,8,4,5,3,0.7453027139874742,0.5365853658536585,1.0
38,0,2,2,14,1,5,0,0.7724425887265136,0.027100271002710022,1.0
13,0,1,2,3,4,5,5,0.9519832985386223,0.07046070460704607,0.0
95,0,0,0,14,3,5,2,0.8037578288100209,0.15718157181571815,0.0
64,1,2,2,16,4,5,0,0.32150313152400845,0.24932249322493225,0.0
13,1,0,1,16,4,5,0,0.9519832985386223,0.1951219512195122,0.0
64,0,2,0,0,5,5,0,0.32150313152400845,0.04878048780487805,1.0
48,0,2,0,16,3,5,4,0.9185803757828812,0.41734417344173447,0.0
13,0,2,0,21,7,5,4,0.9519832985386223,0.34146341463414637,0.0
82,0,2,2,21,4,5,4,0.8768267223382047,0.027100271002710022,0.0
13,0,2,0,17,2,5,0,0.9519832985386223,0.3739837398373984,0.0
2,0,2,0,11,0,5,0,0.8705636743215033,1.0,0.0
15,0,0,0,15,4,5,0,0.5699373695198331,0.5745257452574526,0.0
5,0,2,0,19,7,2,0,0.9394572025052192,0.1951219512195122,0.0
64,1,0,0,0,4,5,5,0.32150313152400845,0.005420054200542005,0.0
5,0,2,2,21,1,5,1,0.9394572025052192,0.07588075880758807,0.0
13,0,2,2,21,4,5,0,0.9519832985386223,0.3631436314363144,0.0
89,1,2,1,6,1,5,2,0.826722338204593,0.07046070460704607,0.0
5,0,2,0,14,0,1,1,0.9394572025052192,0.08672086720867209,1.0
64,0,2,0,17,5,5,0,0.32150313152400845,0.16802168021680217,1.0
6,0,2,0,21,4,5,2,0.9478079331941547,0.8184281842818428,0.0
5,0,2,0,21,0,5,4,0.9394572025052192,0.24932249322493225,0.0
5,0,2,0,21,3,5,4,0.9394572025052192,0.2601626016260163,0.0
70,0,2,2,14,2,5,3,0.9791231732776617,0.5528455284552846,0.0
5,0,2,3,9,1,5,3,0.9394572025052192,0.11382113821138211,0.0
5,0,2,0,16,0,5,2,0.9394572025052192,0.13550135501355012,0.0
5,0,2,2,21,4,5,0,0.9394572025052192,0.08672086720867209,0.0
48,0,2,2,13,3,5,1,0.9185803757828812,0.2981029810298103,0.0
78,1,0,1,20,4,5,5,0.7453027139874742,0.3902439024390244,0.0
91,0,2,0,21,2,5,4,0.9248434237995826,0.34146341463414637,0.0
93,0,2,0,1,1,5,4,0.40918580375782887,0.17344173441734417,0.0
49,1,0,0,14,4,5,0,0.9394572025052192,0.6124661246612466,1.0
93,0,2,0,5,4,5,0,0.40918580375782887,0.13550135501355012,0.0
48,0,2,0,12,2,5,2,0.9185803757828812,1.0,1.0
47,0,2,0,5,7,5,0,0.778705636743215,0.12466124661246611,0.0
13,0,2,1,12,4,5,4,0.9519832985386223,0.4281842818428185,0.0
5,1,0,0,11,1,5,0,0.9394572025052192,0.22764227642276422,0.0
113,0,2,0,4,4,5,0,0.47599164926931103,0.3631436314363144,0.0
64,0,2,0,3,2,5,1,0.32150313152400845,0.08672086720867209,0.0
112,1,2,0,18,4,5,0,0.9457202505219209,0.30352303523035234,0.0
27,0,1,0,14,4,5,0,0.43841336116910257,0.24390243902439024,1.0
5,0,2,0,7,4,5,1,0.9394572025052192,0.05420054200542005,1.0
5,0,2,0,21,4,5,4,0.9394572025052192,0.07046070460704607,1.0
5,0,2,2,21,3,5,0,0.9394572025052192,0.03252032520325203,0.0
5,0,2,0,10,1,5,0,0.9394572025052192,0.6395663956639566,0.0
13,1,2,1,14,4,5,5,0.9519832985386223,0.3739837398373984,0.0
5,0,2,0,6,5,5,4,0.9394572025052192,0.17344173441734417,0.0
98,1,0,0,15,3,5,0,0.47599164926931103,0.9159891598915989,0.0
5,0,2,0,21,1,5,4,0.9394572025052192,0.42276422764227645,0.0
0,0,2,0,5,7,5,0,0.7870563674321502,0.17344173441734417,0.0
13,0,2,2,6,4,1,0,0.9519832985386223,0.41192411924119243,0.0
64,0,0,0,14,1,5,0,0.32150313152400845,0.6016260162601625,0.0
5,0,2,0,21,2,5,0,0.9394572025052192,0.15718157181571815,0.0
95,0,0,2,5,0,5,4,0.8037578288100209,0.15718157181571815,0.0
94,0,2,0,15,4,5,0,0.6931106471816286,0.24390243902439024,0.0
64,0,2,2,16,4,5,4,0.32150313152400845,0.11924119241192412,0.0
101,1,0,0,11,4,5,0,0.5929018789144052,0.1842818428184282,1.0
13,1,2,0,21,1,5,1,0.9519832985386223,0.26558265582655827,0.0
3,1,1,1,16,4,5,4,0.1837160751565763,0.3360433604336044,1.0
77,0,2,0,14,0,5,0,0.6388308977035491,0.3252032520325204,0.0
5,0,2,0,15,4,5,5,0.9394572025052192,0.5420054200542005,0.0
107,0,0,2,11,4,5,0,0.47599164926931103,0.5094850948509485,0.0
48,0,2,0,1,4,5,2,0.9185803757828812,0.04878048780487805,0.0
64,0,2,0,15,3,5,3,0.32150313152400845,0.33062330623306235,0.0
5,0,0,2,5,3,5,2,0.9394572025052192,0.5474254742547425,1.0
78,0,0,1,14,2,5,0,0.7453027139874742,0.34146341463414637,0.0
74,0,2,0,15,7,5,0,0.8830897703549061,0.3360433604336044,1.0
2,0,1,0,18,4,5,0,0.8705636743215033,0.14634146341463414,0.0
5,0,2,0,8,4,5,0,0.9394572025052192,0.12466124661246611,1.0
13,1,2,1,1,7,0,0,0.9519832985386223,0.5745257452574526,1.0
99,0,2,2,3,1,5,1,0.8643006263048016,0.4010840108401084,0.0
5,0,1,0,5,1,4,1,0.9394572025052192,0.5636856368563685,0.0
103,0,2,0,2,7,5,4,0.9791231732776617,0.1084010840108401,0.0
5,1,2,0,15,7,5,2,0.9394572025052192,0.7696476964769647,0.0
5,0,2,0,13,2,5,2,0.9394572025052192,0.13550135501355012,0.0
74,0,2,1,7,0,5,4,0.8830897703549061,0.3902439024390244,0.0
48,0,2,0,21,4,5,4,0.9185803757828812,0.4552845528455285,0.0
48,1,0,0,14,4,5,5,0.9185803757828812,0.1084010840108401,1.0
29,0,2,0,21,4,5,0,0.47599164926931103,0.2710027100271003,0.0
5,0,2,0,6,0,5,4,0.9394572025052192,1.0,0.0
5,0,2,0,7,3,5,2,0.9394572025052192,0.05962059620596205,0.0
64,1,1,0,17,2,5,3,0.32150313152400845,0.44986449864498645,1.0
115,0,2,0,14,4,5,1,0.5699373695198331,0.08672086720867209,0.0
89,0,2,0,9,4,5,4,0.826722338204593,0.16260162601626016,0.0
5,0,2,2,21,3,5,0,0.9394572025052192,0.7317073170731707,0.0
48,0,2,0,0,6,5,0,0.9185803757828812,0.4932249322493225,0.0
17,0,0,0,15,4,5,0,0.5260960334029228,0.1897018970189702,0.0
95,0,2,2,2,1,5,4,0.8037578288100209,0.04878048780487805,0.0
5,0,2,0,21,1,4,4,0.9394572025052192,0.20596205962059622,0.0
102,1,0,1,13,4,5,5,0.2275574112734864,0.41734417344173447,0.0
64,0,2,0,15,5,5,0,0.32150313152400845,0.12466124661246611,1.0
64,0,2,2,15,2,5,2,0.32150313152400845,0.23306233062330622,1.0
4,0,2,0,16,6,5,0,0.6972860125260962,1.0,0.0
64,0,2,2,18,4,4,0,0.32150313152400845,0.0921409214092141,0.0
13,0,1,0,10,1,5,1,0.9519832985386223,0.2222222222222222,0.0
85,0,2,2,9,4,5,0,0.8893528183716073,0.4932249322493225,0.0
11,0,2,0,17,5,5,0,0.16701461377870586,0.24932249322493225,0.0
13,0,2,2,21,4,5,4,0.9519832985386223,0.5907859078590786,0.0
48,0,2,0,14,4,5,0,0.9185803757828812,0.005420054200542005,0.0
5,0,2,2,21,7,0,1,0.9394572025052192,0.43902439024390244,0.0
13,0,2,2,6,3,5,4,0.9519832985386223,0.04336043360433604,1.0
13,1,0,1,13,0,4,2,0.9519832985386223,0.5149051490514904,0.0
6,0,2,0,21,4,5,0,0.9478079331941547,0.6775067750677507,0.0
64,0,2,0,15,3,5,5,0.32150313152400845,0.15718157181571815,1.0
48,0,2,3,7,7,5,0,0.9185803757828812,0.05420054200542005,0.0
13,0,1,2,5,3,5,1,0.9519832985386223,0.08130081300813008,0.0
77,1,2,2,0,0,5,5,0.6388308977035491,0.0975609756097561,1.0
5,1,0,0,1,4,4,5,0.9394572025052192,0.23848238482384823,1.0
64,0,2,0,0,4,5,0,0.32150313152400845,0.016260162601626015,1.0
49,1,0,0,14,4,5,0,0.9394572025052192,0.14634146341463414,1.0
5,0,2,0,21,0,5,0,0.9394572025052192,0.010840108401084009,0.0
91,0,2,0,15,7,0,5,0.9248434237995826,0.07588075880758807,0.0
120,0,2,2,19,5,5,4,0.9498956158663885,1.0,0.0
13,0,2,0,21,4,5,0,0.9519832985386223,0.03252032520325203,0.0
48,0,2,0,4,3,5,4,0.9185803757828812,0.4281842818428185,1.0
5,0,2,2,18,1,1,0,0.9394572025052192,0.25474254742547425,0.0
48,0,2,2,19,0,5,1,0.9185803757828812,0.14634146341463414,0.0
5,1,1,3,2,0,3,2,0.9394572025052192,0.06504065040650406,0.0
64,0,0,0,20,5,5,0,0.32150313152400845,0.11382113821138211,1.0
48,1,1,0,13,2,4,4,0.9185803757828812,0.44986449864498645,0.0
5,0,2,0,21,4,5,3,0.9394572025052192,0.5582655826558265,0.0
48,0,0,0,21,1,5,4,0.9185803757828812,0.7859078590785907,0.0
5,1,2,0,20,4,5,4,0.9394572025052192,0.6720867208672087,1.0
5,1,2,0,13,1,4,1,0.9394572025052192,0.037940379403794036,0.0
64,0,0,0,14,0,5,0,0.32150313152400845,0.16260162601626016,1.0
64,0,2,0,19,0,5,0,0.32150313152400845,0.44986449864498645,0.0
13,0,2,2,20,4,5,0,0.9519832985386223,0.016260162601626015,0.0
48,0,2,0,21,1,2,0,0.9185803757828812,0.02168021680216802,0.0
107,1,2,0,11,4,5,0,0.47599164926931103,0.5203252032520325,0.0
83,0,2,0,17,4,5,5,0.6096033402922756,0.1842818428184282,0.0
5,0,2,0,14,4,5,0,0.9394572025052192,0.2818428184281843,0.0
49,0,2,0,17,4,5,0,0.9394572025052192,0.5474254742547425,1.0
30,1,1,0,13,4,5,0,0.8914405010438415,0.2005420054200542,1.0
64,1,2,0,20,3,5,0,0.32150313152400845,0.03252032520325203,0.0
3,1,2,0,11,0,5,0,0.1837160751565763,0.5149051490514904,1.0
64,0,2,0,14,1,5,0,0.32150313152400845,0.26558265582655827,1.0
13,0,2,2,6,4,5,5,0.9519832985386223,0.48780487804878053,0.0
2,0,2,0,2,4,5,0,0.8705636743215033,0.5745257452574526,1.0
119,0,1,0,14,4,5,0,0.47599164926931103,0.14634146341463414,1.0
5,0,2,0,21,5,5,4,0.9394572025052192,0.10298102981029811,0.0
64,0,2,0,11,0,1,0,0.32150313152400845,0.11924119241192412,0.0
112,0,2,2,15,1,5,0,0.9457202505219209,0.959349593495935,0.0
5,0,1,0,17,5,5,1,0.9394572025052192,0.2981029810298103,0.0
5,0,2,0,13,1,2,1,0.9394572025052192,0.17886178861788618,1.0
5,0,2,0,21,4,4,0,0.9394572025052192,0.7642276422764227,0.0
70,0,2,2,21,3,5,4,0.9791231732776617,0.4715447154471545,0.0
95,0,2,2,19,5,5,4,0.8037578288100209,0.5799457994579945,0.0
121,0,2,0,21,6,4,5,1.0,0.7208672086720866,0.0
13,1,0,1,11,4,5,5,0.9519832985386223,0.11924119241192412,0.0
5,1,0,0,15,4,4,0,0.9394572025052192,0.8834688346883468,0.0
13,0,2,0,7,4,5,0,0.9519832985386223,0.5907859078590786,0.0
101,0,1,0,13,7,0,0,0.5929018789144052,0.43902439024390244,0.0
5,0,2,3,21,3,5,1,0.9394572025052192,0.08672086720867209,0.0
5,1,0,0,17,4,5,0,0.9394572025052192,0.5907859078590786,1.0
74,0,2,2,9,0,5,0,0.8830897703549061,0.12466124661246611,0.0
55,0,2,0,21,4,5,4,0.8517745302713988,0.07588075880758807,0.0
43,0,2,2,17,0,5,1,0.47599164926931103,0.13008130081300812,0.0
13,1,0,1,19,4,5,5,0.9519832985386223,0.8075880758807588,0.0
74,0,0,0,19,4,5,3,0.8830897703549061,0.959349593495935,0.0
48,1,0,0,15,0,5,0,0.9185803757828812,0.6829268292682926,0.0
6,1,1,2,1,4,5,3,0.9478079331941547,0.13008130081300812,0.0
30,0,2,2,18,3,5,0,0.8914405010438415,0.43360433604336046,0.0
103,0,2,0,14,4,1,0,0.9791231732776617,0.5365853658536585,0.0
55,1,2,0,5,4,2,2,0.8517745302713988,0.23848238482384823,0.0
64,0,2,2,11,7,0,0,0.32150313152400845,0.34688346883468835,0.0
95,0,2,2,18,4,5,1,0.8037578288100209,0.2168021680216802,1.0
5,0,2,0,14,3,5,1,0.9394572025052192,0.5474254742547425,0.0
6,0,2,0,21,4,5,1,0.9478079331941547,0.2222222222222222,0.0
122,1,2,0,11,1,4,0,0.9290187891440502,0.16260162601626016,0.0
48,1,0,0,14,3,5,0,0.9185803757828812,0.6558265582655827,0.0
121,0,2,0,3,6,5,1,1.0,0.8509485094850948,0.0
5,0,2,0,9,6,5,4,0.9394572025052192,0.5853658536585366,0.0
48,0,0,0,18,4,5,2,0.9185803757828812,0.08672086720867209,0.0
64,1,0,1,13,4,5,5,0.32150313152400845,0.14634146341463414,1.0
5,0,2,3,21,3,5,4,0.9394572025052192,0.3360433604336044,0.0
91,1,0,0,13,4,5,2,0.9248434237995826,0.4010840108401084,0.0
95,0,2,0,2,2,5,4,0.8037578288100209,0.2764227642276423,0.0
3,0,1,0,13,4,5,1,0.1837160751565763,1.0,0.0
45,0,2,0,14,2,4,0,0.6242171189979124,0.10298102981029811,0.0
35,0,2,0,3,7,5,5,0.6116910229645096,0.5203252032520325,0.0
5,0,2,2,21,3,5,4,0.9394572025052192,0.16802168021680217,0.0
85,0,2,0,14,3,5,5,0.8893528183716073,0.07588075880758807,0.0
13,1,0,0,18,4,5,5,0.9519832985386223,0.04336043360433604,0.0
5,0,2,0,21,7,5,4,0.9394572025052192,0.9268292682926829,0.0
95,1,2,2,21,1,5,1,0.8037578288100209,1.0,0.0
30,0,2,2,5,2,5,4,0.8914405010438415,0.44986449864498645,0.0
83,0,2,2,18,2,4,0,0.6096033402922756,0.23848238482384823,0.0
24,0,2,0,14,4,5,3,0.11899791231732793,0.1897018970189702,1.0
2,0,0,0,21,4,5,0,0.8705636743215033,0.26558265582655827,1.0
70,1,0,1,17,4,5,0,0.9791231732776617,0.981029810298103,0.0
48,0,2,0,8,2,4,0,0.9185803757828812,0.4552845528455285,0.0
41,0,0,0,7,7,0,3,0.457202505219207,0.2710027100271003,0.0
5,0,2,2,5,3,5,3,0.9394572025052192,0.16260162601626016,0.0
13,0,2,2,21,0,5,4,0.9519832985386223,0.2981029810298103,0.0
57,0,2,2,14,4,5,0,0.6137787056367434,0.12466124661246611,0.0
5,0,0,0,15,7,0,0,0.9394572025052192,0.2872628726287263,0.0
48,0,2,1,0,4,5,5,0.9185803757828812,0.5149051490514904,0.0
6,1,0,1,1,4,5,1,0.9478079331941547,0.44986449864498645,0.0
64,0,2,2,15,5,5,0,0.32150313152400845,0.04878048780487805,1.0
13,1,2,0,15,7,5,0,0.9519832985386223,0.3523035230352304,0.0
47,1,2,3,21,6,4,4,0.778705636743215,0.2222222222222222,0.0
48,0,2,0,3,0,5,0,0.9185803757828812,0.6070460704607046,0.0
5,0,2,0,15,4,5,0,0.9394572025052192,0.4932249322493225,0.0
78,1,2,0,15,4,5,5,0.7453027139874742,1.0,0.0
4,1,0,0,13,4,5,0,0.6972860125260962,0.24932249322493225,0.0
64,1,0,1,11,4,5,0,0.32150313152400845,0.5745257452574526,0.0
95,0,0,0,19,7,1,0,0.8037578288100209,0.010840108401084009,0.0
13,1,2,2,21,4,5,4,0.9519832985386223,0.21138211382113822,0.0
64,1,2,1,15,4,5,5,0.32150313152400845,0.1084010840108401,0.0
82,1,2,0,11,4,5,5,0.8768267223382047,0.26558265582655827,0.0
3,1,2,1,18,4,5,0,0.1837160751565763,0.5040650406504065,1.0
13,0,2,2,21,7,5,4,0.9519832985386223,0.3523035230352304,0.0
48,0,2,2,6,3,5,4,0.9185803757828812,0.027100271002710022,0.0
30,1,2,2,21,5,5,4,0.8914405010438415,0.016260162601626015,0.0
41,1,0,1,11,4,5,5,0.457202505219207,0.05962059620596205,0.0
120,0,0,0,19,1,4,0,0.9498956158663885,0.5962059620596206,0.0
82,0,2,0,21,5,5,4,0.8768267223382047,0.34688346883468835,0.0
91,1,0,0,0,7,2,0,0.9248434237995826,0.13008130081300812,0.0
95,0,0,0,17,2,5,1,0.8037578288100209,0.17886178861788618,1.0
5,1,2,0,14,4,5,5,0.9394572025052192,0.13550135501355012,0.0
5,0,0,0,13,4,5,0,0.9394572025052192,0.5799457994579945,1.0
49,1,0,0,14,4,5,5,0.9394572025052192,0.2005420054200542,1.0
64,0,2,2,18,4,5,0,0.32150313152400845,0.13008130081300812,1.0
49,1,2,4,13,4,5,5,0.9394572025052192,0.8021680216802167,0.0
48,0,2,0,16,1,5,0,0.9185803757828812,0.41734417344173447,0.0
49,1,0,0,11,4,5,0,0.9394572025052192,0.0975609756097561,1.0
11,0,2,0,15,4,5,0,0.16701461377870586,0.12466124661246611,1.0
4,0,2,0,1,1,5,0,0.6972860125260962,0.31978319783197834,0.0
64,0,2,0,6,6,5,2,0.32150313152400845,0.35772357723577236,1.0
6,0,2,2,21,3,5,2,0.9478079331941547,0.1842818428184282,0.0
64,0,2,0,8,4,5,3,0.32150313152400845,0.1084010840108401,1.0
5,1,2,0,13,4,5,5,0.9394572025052192,0.33062330623306235,1.0
101,0,2,0,17,4,5,1,0.5929018789144052,0.06504065040650406,0.0
49,0,2,0,21,4,5,1,0.9394572025052192,0.24390243902439024,0.0
5,1,0,0,11,4,5,0,0.9394572025052192,0.3848238482384824,0.0
64,0,2,0,13,4,5,0,0.32150313152400845,0.2764227642276423,0.0
30,0,2,2,13,1,1,0,0.8914405010438415,0.31436314363143636,0.0
5,0,2,0,5,1,5,1,0.9394572025052192,0.3739837398373984,0.0
49,1,0,0,11,4,5,0,0.9394572025052192,0.07588075880758807,1.0
31,0,2,0,21,3,5,0,0.7640918580375784,0.17344173441734417,0.0
48,0,2,0,8,7,1,0,0.9185803757828812,1.0,0.0
5,0,2,3,17,3,5,0,0.9394572025052192,0.05420054200542005,0.0
64,0,2,0,15,3,5,1,0.32150313152400845,0.05962059620596205,1.0
47,0,2,0,16,4,1,3,0.778705636743215,0.7208672086720866,1.0
96,1,0,0,20,4,5,0,0.8058455114822547,0.3089430894308943,0.0
5,0,2,0,11,4,5,1,0.9394572025052192,0.02168021680216802,0.0
83,0,2,0,21,4,5,0,0.6096033402922756,0.2222222222222222,0.0
104,1,2,2,11,7,1,1,0.47599164926931103,0.6070460704607046,0.0
41,1,2,0,13,0,1,2,0.457202505219207,0.44986449864498645,0.0
55,0,2,2,21,2,5,1,0.8517745302713988,0.04336043360433604,0.0
70,1,2,0,3,4,4,4,0.9791231732776617,0.11382113821138211,0.0
64,1,0,0,15,4,5,0,0.32150313152400845,0.48780487804878053,1.0
13,1,0,0,15,0,0,0,0.9519832985386223,0.1084010840108401,0.0
5,0,2,2,15,2,3,0,0.9394572025052192,0.2764227642276423,0.0
99,1,2,3,2,6,5,0,0.8643006263048016,0.11924119241192412,1.0
99,0,2,2,7,1,5,0,0.8643006263048016,0.13008130081300812,0.0
13,0,2,0,15,1,5,2,0.9519832985386223,0.07588075880758807,0.0
48,1,2,2,13,7,0,0,0.9185803757828812,0.31436314363143636,1.0
5,0,2,0,16,4,5,2,0.9394572025052192,0.027100271002710022,1.0
64,0,2,0,17,2,5,0,0.32150313152400845,0.2005420054200542,1.0
64,0,0,0,2,4,5,0,0.32150313152400845,0.04878048780487805,0.0
64,0,2,0,1,4,5,0,0.32150313152400845,0.10298102981029811,0.0
13,1,2,1,15,4,5,0,0.9519832985386223,0.33062330623306235,0.0
5,0,0,0,15,1,5,1,0.9394572025052192,0.07046070460704607,0.0
122,1,0,0,14,4,5,0,0.9290187891440502,0.25474254742547425,1.0
5,1,2,0,7,1,5,0,0.9394572025052192,0.11924119241192412,0.0
13,0,2,2,19,4,5,0,0.9519832985386223,0.8075880758807588,1.0
6,0,2,1,21,4,5,4,0.9478079331941547,0.4281842818428185,0.0
101,0,1,0,15,0,5,2,0.5929018789144052,0.2601626016260163,0.0
103,0,2,0,8,4,5,0,0.9791231732776617,0.02168021680216802,0.0
5,0,2,0,3,4,5,1,0.9394572025052192,0.4769647696476965,0.0
5,0,2,0,6,5,5,2,0.9394572025052192,0.1897018970189702,0.0
1,0,2,0,21,4,5,4,0.8872651356993737,0.7859078590785907,0.0
5,0,2,0,11,1,5,0,0.9394572025052192,1.0,0.0
2,0,1,0,1,7,5,0,0.8705636743215033,0.010840108401084009,0.0
101,1,1,0,16,4,5,1,0.5929018789144052,1.0,0.0
6,0,0,0,16,4,5,0,0.9478079331941547,0.23848238482384823,0.0
64,0,0,0,2,7,0,0,0.32150313152400845,1.0,0.0
5,0,2,0,21,4,5,0,0.9394572025052192,0.46070460704607047,1.0
13,1,1,0,17,1,5,0,0.9519832985386223,1.0,1.0
5,0,2,0,21,4,5,4,0.9394572025052192,0.26558265582655827,1.0
74,0,2,1,18,1,5,4,0.8830897703549061,0.5907859078590786,0.0
5,0,2,0,19,0,5,0,0.9394572025052192,0.4552845528455285,0.0
48,0,2,0,21,4,5,4,0.9185803757828812,0.7859078590785907,1.0
6,0,2,2,7,3,5,5,0.9478079331941547,0.39566395663956644,0.0
5,0,2,0,19,3,5,0,0.9394572025052192,0.26558265582655827,0.0
64,0,0,0,0,2,5,0,0.32150313152400845,0.3089430894308943,1.0
5,0,2,0,4,0,1,2,0.9394572025052192,0.40650406504065045,0.0
26,0,2,2,21,0,5,3,0.7453027139874742,0.17886178861788618,0.0
74,0,2,1,3,4,5,1,0.8830897703549061,0.016260162601626015,0.0
5,0,2,0,6,4,5,4,0.9394572025052192,0.991869918699187,0.0
5,0,0,2,2,3,5,4,0.9394572025052192,0.44986449864498645,0.0
117,0,2,0,15,6,5,5,0.4613778705636744,0.037940379403794036,1.0
4,0,2,2,1,4,5,1,0.6972860125260962,0.12466124661246611,0.0
101,0,1,0,18,1,2,0,0.5929018789144052,0.17886178861788618,0.0
64,0,2,2,14,1,5,0,0.32150313152400845,0.4932249322493225,1.0
64,1,2,0,14,4,5,5,0.32150313152400845,0.30352303523035234,0.0
107,1,0,2,7,4,5,1,0.47599164926931103,0.05962059620596205,0.0
5,1,0,0,14,2,5,1,0.9394572025052192,0.5691056910569106,0.0
5,0,2,0,15,1,5,4,0.9394572025052192,0.48780487804878053,1.0
103,0,2,1,15,7,5,0,0.9791231732776617,0.05962059620596205,0.0
121,0,2,0,5,6,5,1,1.0,0.9376693766937669,0.0
5,0,2,0,21,1,5,2,0.9394572025052192,0.04878048780487805,0.0
64,0,2,0,14,4,0,0,0.32150313152400845,0.5365853658536585,0.0
5,1,0,0,13,7,0,0,0.9394572025052192,0.037940379403794036,0.0
64,0,1,0,18,0,5,1,0.32150313152400845,0.3089430894308943,1.0
64,1,1,2,5,4,5,0,0.32150313152400845,0.08672086720867209,0.0
65,1,0,1,3,3,5,1,0.8956158663883091,0.5311653116531165,1.0
48,0,2,0,18,1,5,4,0.9185803757828812,0.4661246612466125,0.0
5,1,2,1,14,4,5,5,0.9394572025052192,0.1084010840108401,0.0
74,0,0,1,16,1,5,1,0.8830897703549061,0.43360433604336046,0.0
101,1,1,2,5,4,5,0,0.5929018789144052,0.010840108401084009,1.0
6,1,2,0,1,1,5,0,0.9478079331941547,0.29268292682926833,0.0
48,0,2,3,2,3,5,4,0.9185803757828812,0.11924119241192412,0.0
5,1,0,0,11,4,5,0,0.9394572025052192,0.25474254742547425,0.0
21,1,2,3,11,6,5,0,0.5594989561586641,0.05962059620596205,0.0
101,0,2,0,6,4,5,1,0.5929018789144052,0.2981029810298103,0.0
13,0,2,0,21,0,5,4,0.9519832985386223,0.35772357723577236,0.0
13,1,2,3,5,6,4,4,0.9519832985386223,0.04336043360433604,1.0
4,1,2,3,12,0,5,1,0.6972860125260962,1.0,0.0
64,0,2,0,13,1,5,0,0.32150313152400845,0.10298102981029811,0.0
4,0,2,2,3,4,5,5,0.6972860125260962,0.13550135501355012,1.0
6,0,2,2,21,4,5,1,0.9478079331941547,0.04878048780487805,0.0
122,0,2,0,16,4,5,0,0.9290187891440502,0.2818428184281843,0.0
5,1,0,0,16,4,2,0,0.9394572025052192,0.16260162601626016,0.0
101,0,0,0,18,4,5,1,0.5929018789144052,0.4823848238482385,0.0
5,0,2,0,21,2,5,3,0.9394572025052192,1.0,0.0
13,0,2,2,17,7,0,0,0.9519832985386223,0.016260162601626015,0.0
41,0,1,0,1,4,5,1,0.457202505219207,0.1897018970189702,0.0
74,0,2,2,21,1,5,0,0.8830897703549061,0.43902439024390244,0.0
64,1,2,0,16,7,5,0,0.32150313152400845,0.8292682926829268,1.0
74,0,1,1,1,4,4,0,0.8830897703549061,0.24932249322493225,0.0
95,0,0,0,14,3,5,0,0.8037578288100209,0.06504065040650406,0.0
11,0,0,2,14,4,5,3,0.16701461377870586,0.2981029810298103,1.0
89,0,2,2,21,1,5,4,0.826722338204593,0.26558265582655827,0.0
49,0,2,0,10,0,5,4,0.9394572025052192,0.2222222222222222,0.0
121,0,2,0,2,3,5,0,1.0,0.23848238482384823,0.0
5,0,2,0,21,4,5,1,0.9394572025052192,0.14092140921409213,1.0
103,1,0,0,20,4,5,0,0.9791231732776617,0.5040650406504065,0.0
41,1,2,0,15,4,5,5,0.457202505219207,0.17886178861788618,0.0
64,1,0,0,13,4,5,0,0.32150313152400845,0.04336043360433604,1.0
91,1,0,0,13,4,5,0,0.9248434237995826,0.07588075880758807,1.0
103,0,2,1,13,7,5,0,0.9791231732776617,0.26558265582655827,0.0
5,0,2,0,13,4,5,0,0.9394572025052192,0.4823848238482385,0.0
49,0,2,2,18,0,5,0,0.9394572025052192,0.04878048780487805,0.0
95,1,0,0,17,4,5,1,0.8037578288100209,0.08130081300813008,1.0
5,1,2,0,14,4,5,1,0.9394572025052192,0.5582655826558265,0.0
48,0,2,2,21,4,5,0,0.9185803757828812,0.8184281842818428,0.0
5,0,2,0,2,0,1,0,0.9394572025052192,0.44986449864498645,0.0
5,0,2,0,21,3,5,3,0.9394572025052192,0.3523035230352304,0.0
14,1,0,0,15,4,5,5,0.665970772442589,0.08672086720867209,0.0
64,0,0,0,19,0,5,2,0.32150313152400845,0.42276422764227645,0.0
4,0,0,2,11,4,1,0,0.6972860125260962,0.22764227642276422,0.0
5,0,2,0,15,2,5,2,0.9394572025052192,0.40650406504065045,0.0
64,1,2,2,19,4,5,5,0.32150313152400845,0.2818428184281843,0.0
95,0,1,1,5,3,5,3,0.8037578288100209,0.2818428184281843,0.0
30,0,1,0,14,3,5,0,0.8914405010438415,0.2222222222222222,0.0
5,1,0,1,15,4,5,5,0.9394572025052192,0.2818428184281843,0.0
64,1,0,2,13,4,5,5,0.32150313152400845,0.15718157181571815,0.0
5,1,1,0,1,4,5,0,0.9394572025052192,0.08130081300813008,1.0
101,0,2,2,12,4,5,4,0.5929018789144052,0.3523035230352304,0.0
119,1,1,0,0,0,5,0,0.47599164926931103,0.29268292682926833,0.0
48,1,2,1,14,4,5,0,0.9185803757828812,0.2764227642276423,0.0
103,0,2,0,19,1,5,1,0.9791231732776617,0.21138211382113822,0.0
13,0,2,0,10,7,1,0,0.9519832985386223,0.6991869918699186,0.0
5,0,2,0,13,5,5,0,0.9394572025052192,0.34688346883468835,0.0
49,1,2,0,8,4,5,4,0.9394572025052192,0.3252032520325204,0.0
64,0,0,2,16,4,5,0,0.32150313152400845,0.027100271002710022,1.0
5,0,2,0,4,2,5,0,0.9394572025052192,0.48780487804878053,0.0
48,0,2,2,21,1,5,2,0.9185803757828812,1.0,0.0
64,0,0,0,21,4,5,4,0.32150313152400845,0.24932249322493225,0.0
116,1,2,0,11,4,5,5,0.47599164926931103,0.26558265582655827,0.0
48,0,2,0,2,7,5,0,0.9185803757828812,0.6395663956639566,0.0
122,0,2,0,9,4,5,1,0.9290187891440502,0.14634146341463414,0.0
5,0,2,0,21,4,1,4,0.9394572025052192,0.24390243902439024,0.0
64,0,2,0,4,3,5,0,0.32150313152400845,0.7317073170731707,1.0
101,1,1,0,17,4,4,0,0.5929018789144052,0.05962059620596205,0.0
83,0,2,0,10,4,5,5,0.6096033402922756,0.34146341463414637,0.0
48,0,2,0,21,6,5,2,0.9185803757828812,0.4769647696476965,0.0
5,0,2,0,21,3,5,4,0.9394572025052192,0.6991869918699186,0.0
49,1,0,0,21,5,3,4,0.9394572025052192,0.04878048780487805,0.0
48,0,2,2,14,0,5,3,0.9185803757828812,0.3848238482384824,1.0
51,1,0,2,20,4,5,5,0.9039665970772444,0.6016260162601625,1.0
5,0,2,0,19,5,4,1,0.9394572025052192,0.6016260162601625,0.0
5,0,2,0,20,1,1,0,0.9394572025052192,0.5528455284552846,0.0
49,1,2,0,17,2,4,1,0.9394572025052192,0.25474254742547425,0.0
64,0,2,0,20,1,2,0,0.32150313152400845,0.07588075880758807,1.0
55,0,2,0,18,4,5,0,0.8517745302713988,0.6937669376693767,0.0
48,0,0,0,7,5,5,0,0.9185803757828812,0.2818428184281843,0.0
64,1,0,1,20,4,5,5,0.32150313152400845,1.0,0.0
64,0,2,0,20,4,5,0,0.32150313152400845,0.16260162601626016,0.0
48,1,2,0,21,4,5,5,0.9185803757828812,0.027100271002710022,0.0
13,1,0,0,11,7,5,0,0.9519832985386223,0.8888888888888888,0.0
5,1,2,1,11,4,5,5,0.9394572025052192,0.1951219512195122,0.0
64,0,2,0,16,2,5,0,0.32150313152400845,0.31978319783197834,0.0
93,0,2,0,21,1,5,4,0.40918580375782887,0.6016260162601625,0.0
0,0,0,2,2,4,5,4,0.7870563674321502,0.06504065040650406,0.0
64,0,2,2,19,3,5,0,0.32150313152400845,0.8943089430894309,0.0
93,0,2,0,7,4,5,3,0.40918580375782887,0.6341463414634146,1.0
5,1,0,0,11,4,5,0,0.9394572025052192,0.1084010840108401,1.0
103,0,2,0,10,4,5,0,0.9791231732776617,0.16260162601626016,0.0
95,0,0,0,13,4,5,0,0.8037578288100209,0.005420054200542005,0.0
64,1,2,4,14,4,5,5,0.32150313152400845,0.027100271002710022,1.0
5,0,2,0,11,2,5,1,0.9394572025052192,0.24390243902439024,0.0
98,0,1,0,16,5,5,0,0.47599164926931103,0.43902439024390244,0.0
5,0,2,0,21,4,5,4,0.9394572025052192,0.1084010840108401,0.0
78,1,2,1,1,4,5,0,0.7453027139874742,0.5853658536585366,0.0
105,0,2,0,6,0,5,3,0.7515657620041754,1.0,0.0
55,0,2,2,21,2,5,4,0.8517745302713988,0.8780487804878049,0.0
49,0,2,0,19,4,5,5,0.9394572025052192,0.17886178861788618,0.0
5,1,0,0,19,4,5,4,0.9394572025052192,0.24390243902439024,0.0
48,0,2,0,4,4,1,0,0.9185803757828812,0.037940379403794036,0.0
64,0,2,0,10,1,5,4,0.32150313152400845,0.26558265582655827,1.0
64,0,1,0,13,0,5,1,0.32150313152400845,0.07588075880758807,0.0
71,0,2,1,18,4,5,4,0.47599164926931103,0.1084010840108401,0.0
26,1,0,0,2,4,5,0,0.7453027139874742,0.3902439024390244,1.0
5,0,2,0,18,1,5,1,0.9394572025052192,1.0,0.0
48,0,2,0,17,6,4,4,0.9185803757828812,0.2981029810298103,1.0
94,0,2,0,0,7,5,0,0.6931106471816286,0.8401084010840109,0.0
13,1,2,1,13,4,5,5,0.9519832985386223,0.04336043360433604,0.0
64,0,0,0,16,1,5,1,0.32150313152400845,0.10298102981029811,0.0
5,0,2,0,5,4,5,3,0.9394572025052192,1.0,0.0
47,1,0,0,17,4,4,0,0.778705636743215,0.14634146341463414,1.0
5,1,2,2,19,4,5,1,0.9394572025052192,0.48780487804878053,1.0
48,0,2,1,18,4,5,0,0.9185803757828812,0.34688346883468835,0.0
48,0,2,2,16,3,5,0,0.9185803757828812,0.04336043360433604,0.0
64,0,2,0,14,0,5,5,0.32150313152400845,0.2764227642276423,1.0
26,0,2,2,14,1,2,3,0.7453027139874742,0.25474254742547425,0.0
5,1,2,4,11,4,5,1,0.9394572025052192,0.14634146341463414,0.0
26,0,2,3,9,4,5,1,0.7453027139874742,0.0921409214092141,0.0
66,0,2,3,10,4,5,0,0.47599164926931103,0.11924119241192412,0.0
121,0,1,2,9,1,5,0,1.0,1.0,0.0
99,0,2,0,13,5,5,1,0.8643006263048016,0.1897018970189702,1.0
48,0,2,0,21,4,5,4,0.9185803757828812,0.14634146341463414,0.0
112,0,2,0,21,5,5,4,0.9457202505219209,0.4281842818428185,0.0
70,0,2,2,21,3,5,1,0.9791231732776617,0.07588075880758807,0.0
64,0,2,0,16,3,5,1,0.32150313152400845,0.5907859078590786,1.0
5,0,2,0,4,4,5,3,0.9394572025052192,0.44986449864498645,0.0
64,0,2,2,17,3,5,3,0.32150313152400845,0.21138211382113822,0.0
19,0,2,0,16,1,5,1,0.6471816283924845,0.8888888888888888,0.0
103,0,2,0,21,7,5,4,0.9791231732776617,0.16260162601626016,0.0
5,0,2,0,17,3,5,0,0.9394572025052192,1.0,0.0
95,0,2,2,7,0,1,3,0.8037578288100209,1.0,0.0
64,0,2,0,14,1,5,0,0.32150313152400845,0.44986449864498645,1.0
66,1,0,1,17,4,5,5,0.47599164926931103,0.14634146341463414,0.0
49,0,1,0,14,1,5,0,0.9394572025052192,0.4823848238482385,0.0
61,0,2,0,15,4,5,0,0.4425887265135702,0.10298102981029811,0.0
49,0,2,0,3,5,5,4,0.9394572025052192,0.12466124661246611,0.0
64,0,2,2,1,4,5,0,0.32150313152400845,0.07588075880758807,1.0
5,1,2,0,12,1,5,4,0.9394572025052192,0.08672086720867209,0.0
48,0,2,2,21,1,5,0,0.9185803757828812,0.4715447154471545,1.0
101,0,2,1,20,4,5,5,0.5929018789144052,0.11924119241192412,0.0
95,0,2,2,19,4,5,1,0.8037578288100209,0.22764227642276422,0.0
64,0,2,2,0,1,5,0,0.32150313152400845,0.16802168021680217,1.0
49,0,2,0,5,4,5,1,0.9394572025052192,1.0,0.0
5,0,0,0,1,3,5,4,0.9394572025052192,0.20596205962059622,0.0
116,1,2,2,14,3,5,0,0.47599164926931103,0.2710027100271003,0.0
49,0,2,2,1,4,5,3,0.9394572025052192,0.2710027100271003,0.0
64,0,2,0,17,5,5,5,0.32150313152400845,0.5311653116531165,0.0
4,0,2,0,2,6,5,0,0.6972860125260962,0.40650406504065045,0.0
48,0,2,1,15,4,5,5,0.9185803757828812,0.8401084010840109,0.0
55,0,2,1,15,4,5,0,0.8517745302713988,0.11382113821138211,0.0
30,1,0,0,14,4,5,0,0.8914405010438415,0.11382113821138211,0.0
82,0,2,2,19,4,5,5,0.8768267223382047,1.0,0.0
13,0,1,1,18,2,5,0,0.9519832985386223,0.5474254742547425,0.0
5,1,2,0,21,0,5,4,0.9394572025052192,0.23848238482384823,0.0
89,0,2,2,17,2,5,0,0.826722338204593,0.3848238482384824,0.0
30,1,0,0,15,4,5,5,0.8914405010438415,0.21138211382113822,0.0
5,0,2,2,21,4,1,2,0.9394572025052192,0.24390243902439024,0.0
33,0,2,2,7,6,5,2,0.47599164926931103,0.7262872628726287,0.0
122,1,0,1,14,4,5,0,0.9290187891440502,1.0,0.0
5,1,2,1,0,4,5,5,0.9394572025052192,0.3252032520325204,1.0
24,0,2,0,16,1,5,2,0.11899791231732793,1.0,1.0
49,0,0,0,16,4,5,0,0.9394572025052192,0.16802168021680217,1.0
99,1,2,1,14,1,4,5,0.8643006263048016,0.23306233062330622,1.0
5,0,2,1,9,4,5,4,0.9394572025052192,0.6233062330623306,0.0
30,0,2,2,16,1,5,0,0.8914405010438415,0.34146341463414637,0.0
5,0,2,0,12,3,5,4,0.9394572025052192,0.21138211382113822,0.0
97,0,2,2,1,4,5,0,0.3695198329853864,0.39566395663956644,0.0
94,0,2,0,6,5,5,4,0.6931106471816286,0.04878048780487805,0.0
30,0,2,0,5,4,5,1,0.8914405010438415,0.12466124661246611,0.0
49,0,2,0,18,1,2,0,0.9394572025052192,0.2710027100271003,0.0
64,0,0,0,17,4,5,0,0.32150313152400845,0.16802168021680217,0.0
31,0,2,0,10,4,5,4,0.7640918580375784,0.34688346883468835,0.0
6,0,2,1,6,4,5,4,0.9478079331941547,0.26558265582655827,0.0
93,1,2,0,19,4,5,5,0.40918580375782887,0.5799457994579945,0.0
5,0,2,0,5,3,5,0,0.9394572025052192,0.24390243902439024,0.0
99,0,2,0,7,4,5,0,0.8643006263048016,0.5745257452574526,0.0
49,1,2,0,11,5,5,1,0.9394572025052192,0.44986449864498645,0.0
85,1,2,0,21,4,5,5,0.8893528183716073,0.3848238482384824,0.0
95,0,1,0,15,0,0,0,0.8037578288100209,0.25474254742547425,0.0
64,0,2,0,13,1,5,1,0.32150313152400845,0.13550135501355012,1.0
30,1,0,0,15,4,5,0,0.8914405010438415,1.0,0.0
82,0,2,0,2,3,5,3,0.8768267223382047,0.2005420054200542,0.0
5,1,2,0,21,3,5,0,0.9394572025052192,0.4769647696476965,0.0
5,0,2,0,18,3,5,2,0.9394572025052192,0.16802168021680217,0.0
61,1,0,1,15,4,5,5,0.4425887265135702,0.15176151761517614,0.0
5,0,2,2,19,2,5,1,0.9394572025052192,0.7479674796747967,0.0
5,0,2,0,6,1,5,3,0.9394572025052192,0.4010840108401084,1.0
64,1,2,0,14,4,5,5,0.32150313152400845,0.6937669376693767,1.0
5,0,2,0,19,3,5,1,0.9394572025052192,0.2981029810298103,0.0
48,0,2,0,0,5,5,0,0.9185803757828812,0.24390243902439024,0.0
5,0,2,2,8,3,5,4,0.9394572025052192,0.22764227642276422,0.0
13,0,2,1,14,4,5,0,0.9519832985386223,0.07046070460704607,0.0
102,1,1,1,13,4,5,0,0.2275574112734864,0.1084010840108401,1.0
5,0,2,0,6,5,5,3,0.9394572025052192,0.10298102981029811,0.0
5,1,2,0,17,4,5,4,0.9394572025052192,0.16260162601626016,0.0
70,1,0,1,11,4,5,5,0.9791231732776617,0.981029810298103,0.0
55,0,2,0,21,3,5,4,0.8517745302713988,0.2222222222222222,0.0
6,0,1,0,21,6,5,0,0.9478079331941547,0.41192411924119243,0.0
13,0,2,0,11,4,5,0,0.9519832985386223,0.5799457994579945,0.0
57,1,0,0,11,4,5,1,0.6137787056367434,0.3089430894308943,1.0
13,0,2,0,21,1,1,1,0.9519832985386223,0.13550135501355012,0.0
5,0,2,0,21,4,5,4,0.9394572025052192,0.41734417344173447,1.0
5,0,2,0,5,4,4,2,0.9394572025052192,0.027100271002710022,1.0
64,0,2,2,15,4,5,1,0.32150313152400845,0.24390243902439024,1.0
66,1,0,1,15,1,5,0,0.47599164926931103,0.24390243902439024,0.0
64,1,0,0,14,4,5,0,0.32150313152400845,0.8617886178861789,0.0
5,1,2,1,14,4,5,1,0.9394572025052192,0.07046070460704607,0.0
75,1,0,0,17,4,5,0,0.676409185803758,0.41192411924119243,1.0
64,0,2,2,20,1,5,5,0.32150313152400845,0.06504065040650406,1.0
94,0,1,1,2,7,5,0,0.6931106471816286,0.29268292682926833,0.0
120,1,2,2,21,4,5,4,0.9498956158663885,0.6233062330623306,0.0
48,0,2,0,16,4,4,1,0.9185803757828812,0.016260162601626015,0.0
65,0,2,2,6,7,0,0,0.8956158663883091,0.29268292682926833,0.0
24,1,0,1,11,4,5,0,0.11899791231732793,0.04336043360433604,0.0
5,0,2,0,21,3,5,4,0.9394572025052192,0.5203252032520325,1.0
49,0,2,0,2,2,5,4,0.9394572025052192,0.2764227642276423,0.0
11,0,2,0,16,4,5,0,0.16701461377870586,0.04878048780487805,0.0
5,0,2,0,9,1,1,0,0.9394572025052192,0.2222222222222222,0.0
64,1,0,2,15,4,5,0,0.32150313152400845,0.4823848238482385,0.0
64,0,2,0,1,3,5,4,0.32150313152400845,0.8943089430894309,1.0
11,0,1,0,13,4,5,0,0.16701461377870586,0.06504065040650406,0.0
95,0,2,2,9,4,5,1,0.8037578288100209,0.24932249322493225,1.0
94,1,2,1,20,4,5,5,0.6931106471816286,0.1842818428184282,0.0
99,0,2,2,15,7,1,0,0.8643006263048016,0.16260162601626016,0.0
51,1,2,0,15,4,5,0,0.9039665970772444,0.2005420054200542,0.0
95,0,2,0,13,4,5,1,0.8037578288100209,0.1897018970189702,1.0
13,0,2,2,1,1,5,0,0.9519832985386223,0.2222222222222222,0.0
5,0,2,0,14,2,2,3,0.9394572025052192,0.11924119241192412,0.0
11,1,2,1,17,4,5,5,0.16701461377870586,0.46070460704607047,1.0
5,0,2,0,11,4,5,0,0.9394572025052192,1.0,0.0
48,1,2,0,21,4,5,5,0.9185803757828812,0.41734417344173447,0.0
13,0,2,2,21,6,5,0,0.9519832985386223,0.7425474254742547,0.0
5,0,2,0,21,4,5,4,0.9394572025052192,0.2222222222222222,1.0
65,0,2,0,21,3,5,1,0.8956158663883091,0.13550135501355012,0.0
120,1,0,1,17,4,5,0,0.9498956158663885,0.08130081300813008,0.0
49,0,2,2,21,3,5,0,0.9394572025052192,1.0,0.0
5,0,2,0,5,4,5,0,0.9394572025052192,0.7046070460704607,0.0
94,0,0,2,7,5,5,3,0.6931106471816286,0.24390243902439024,0.0
47,0,2,2,18,4,5,0,0.778705636743215,0.08130081300813008,0.0
74,0,2,2,3,3,5,0,0.8830897703549061,0.2222222222222222,0.0
36,0,2,0,3,4,5,0,0.536534446764092,0.3739837398373984,0.0
64,0,2,0,19,5,5,4,0.32150313152400845,0.05962059620596205,0.0
112,0,2,0,10,4,5,4,0.9457202505219209,0.15718157181571815,1.0
69,0,0,1,16,4,5,1,0.7891440501043843,0.35772357723577236,0.0
24,1,0,0,20,4,5,0,0.11899791231732793,0.0921409214092141,0.0
64,0,2,2,16,4,5,0,0.32150313152400845,0.11382113821138211,0.0
11,0,2,0,14,0,5,0,0.16701461377870586,0.16802168021680217,1.0
5,0,2,2,21,2,5,0,0.9394572025052192,0.2872628726287263,0.0
36,1,2,0,6,1,1,2,0.536534446764092,0.0921409214092141,0.0
95,0,2,2,6,5,5,1,0.8037578288100209,0.15718157181571815,0.0
5,0,2,0,9,5,5,4,0.9394572025052192,0.5040650406504065,0.0
82,0,2,0,21,0,5,0,0.8768267223382047,0.3252032520325204,0.0
64,0,2,0,2,5,5,1,0.32150313152400845,1.0,1.0
5,1,2,4,0,4,5,5,0.9394572025052192,0.30352303523035234,0.0
95,0,2,2,16,4,5,0,0.8037578288100209,0.2222222222222222,0.0
5,0,2,0,19,3,5,4,0.9394572025052192,0.07046070460704607,1.0
11,0,2,2,1,4,5,4,0.16701461377870586,0.11924119241192412,0.0
5,0,1,2,13,4,5,0,0.9394572025052192,0.21138211382113822,1.0
5,0,2,0,15,5,5,1,0.9394572025052192,0.31978319783197834,0.0
5,0,2,0,17,4,5,3,0.9394572025052192,0.29268292682926833,0.0
64,0,0,0,11,4,5,1,0.32150313152400845,0.3631436314363144,1.0
64,1,0,0,14,4,5,5,0.32150313152400845,0.14634146341463414,0.0
64,1,0,1,17,4,5,5,0.32150313152400845,0.7859078590785907,1.0
120,0,2,0,15,1,5,0,0.9498956158663885,0.34146341463414637,0.0
5,0,2,0,1,4,5,4,0.9394572025052192,0.22764227642276422,0.0
101,0,2,0,6,1,3,4,0.5929018789144052,0.010840108401084009,0.0
15,0,2,2,16,4,5,0,0.5699373695198331,0.14634146341463414,0.0
6,0,0,0,6,5,2,0,0.9478079331941547,0.1951219512195122,0.0
2,1,1,0,15,4,5,2,0.8705636743215033,0.2872628726287263,0.0
5,0,2,2,21,2,5,4,0.9394572025052192,0.1842818428184282,0.0
5,1,2,0,0,5,4,5,0.9394572025052192,0.5094850948509485,1.0
5,0,2,0,14,1,5,0,0.9394572025052192,0.6124661246612466,0.0
5,0,2,1,16,5,5,1,0.9394572025052192,0.33062330623306235,0.0
48,0,2,2,13,5,5,0,0.9185803757828812,0.31436314363143636,0.0
61,0,2,1,17,2,5,0,0.4425887265135702,0.14634146341463414,0.0
5,0,2,0,21,1,5,3,0.9394572025052192,0.2710027100271003,1.0
64,0,0,0,15,4,5,0,0.32150313152400845,0.7208672086720866,0.0
91,0,2,2,3,4,5,1,0.9248434237995826,0.8509485094850948,1.0
4,0,2,0,4,4,5,1,0.6972860125260962,0.0921409214092141,0.0
64,0,2,0,15,4,5,0,0.32150313152400845,0.3523035230352304,0.0
6,1,1,0,14,4,5,0,0.9478079331941547,0.1842818428184282,0.0
5,1,0,0,16,4,4,1,0.9394572025052192,0.2764227642276423,1.0
48,0,2,0,21,1,5,1,0.9185803757828812,0.2601626016260163,1.0
64,1,0,0,17,4,5,5,0.32150313152400845,0.10298102981029811,1.0
5,0,0,0,7,4,5,1,0.9394572025052192,0.11924119241192412,1.0
64,1,2,1,11,4,5,5,0.32150313152400845,0.22764227642276422,0.0
64,0,0,0,16,3,5,2,0.32150313152400845,0.027100271002710022,0.0
33,1,0,1,17,4,5,5,0.47599164926931103,0.027100271002710022,0.0
13,1,2,1,11,4,5,5,0.9519832985386223,0.35772357723577236,0.0
48,1,0,2,13,4,5,4,0.9185803757828812,0.05962059620596205,1.0
5,0,2,0,5,0,5,1,0.9394572025052192,0.23306233062330622,0.0
112,0,2,0,7,3,5,4,0.9457202505219209,0.5582655826558265,0.0
101,0,2,0,18,5,4,1,0.5929018789144052,0.03252032520325203,0.0
64,1,0,1,17,4,5,5,0.32150313152400845,0.7100271002710027,1.0
13,0,2,2,17,4,5,1,0.9519832985386223,0.4444444444444445,0.0
64,0,2,0,17,4,5,1,0.32150313152400845,0.34688346883468835,0.0
4,1,2,0,19,3,5,0,0.6972860125260962,0.1951219512195122,0.0
95,0,0,0,6,4,5,0,0.8037578288100209,0.41734417344173447,0.0
23,1,2,2,11,0,5,5,0.5741127348643007,0.0921409214092141,0.0
48,0,2,0,21,1,5,0,0.9185803757828812,0.7859078590785907,0.0
13,0,0,2,18,1,5,1,0.9519832985386223,0.07588075880758807,1.0
5,0,2,0,5,4,5,4,0.9394572025052192,0.13008130081300812,1.0
5,0,2,0,18,4,5,5,0.9394572025052192,0.44986449864498645,0.0
49,0,2,0,9,4,5,4,0.9394572025052192,0.13550135501355012,0.0
122,0,2,2,8,4,5,0,0.9290187891440502,0.027100271002710022,0.0
11,0,2,0,15,4,5,0,0.16701461377870586,0.7425474254742547,0.0
64,1,0,1,20,4,5,5,0.32150313152400845,1.0,0.0
48,0,0,0,15,1,5,1,0.9185803757828812,0.3523035230352304,0.0
64,0,2,2,19,1,5,4,0.32150313152400845,0.5149051490514904,0.0
74,0,1,0,21,4,5,5,0.8830897703549061,1.0,0.0
5,0,2,0,3,4,4,1,0.9394572025052192,0.2222222222222222,0.0
61,1,0,0,11,4,5,5,0.4425887265135702,0.5474254742547425,1.0
95,0,2,0,18,4,5,0,0.8037578288100209,1.0,0.0
61,0,0,0,0,4,5,0,0.4425887265135702,0.23848238482384823,1.0
95,0,2,0,8,3,5,1,0.8037578288100209,0.2222222222222222,0.0
5,1,2,1,15,4,5,5,0.9394572025052192,0.7750677506775068,0.0
23,1,1,2,15,6,5,4,0.5741127348643007,0.04336043360433604,0.0
48,0,2,0,3,2,5,3,0.9185803757828812,0.5799457994579945,0.0
101,0,2,0,1,1,5,0,0.5929018789144052,0.05962059620596205,0.0
64,0,2,0,13,1,1,1,0.32150313152400845,0.41734417344173447,1.0
64,1,0,0,20,4,0,0,0.32150313152400845,0.26558265582655827,1.0
49,0,0,2,15,4,5,0,0.9394572025052192,0.12466124661246611,0.0
120,1,2,0,0,4,5,5,0.9498956158663885,0.4769647696476965,0.0
70,0,0,0,1,6,4,1,0.9791231732776617,0.05420054200542005,0.0
85,0,2,0,16,2,5,0,0.8893528183716073,0.24390243902439024,0.0
48,0,2,3,17,2,4,0,0.9185803757828812,0.43360433604336046,0.0
64,0,2,0,15,1,5,1,0.32150313152400845,0.5582655826558265,1.0
6,0,2,0,2,7,1,2,0.9478079331941547,0.21138211382113822,0.0
48,0,2,0,17,3,5,0,0.9185803757828812,0.15718157181571815,0.0
5,0,2,0,21,2,5,4,0.9394572025052192,0.027100271002710022,0.0
68,1,0,1,18,4,5,5,0.47599164926931103,0.20596205962059622,0.0
5,0,0,0,14,1,5,0,0.9394572025052192,0.41734417344173447,1.0
13,1,0,2,18,3,4,3,0.9519832985386223,0.7208672086720866,0.0
49,0,2,0,21,4,5,2,0.9394572025052192,1.0,0.0
64,0,2,0,13,3,5,0,0.32150313152400845,1.0,0.0
41,1,0,0,11,4,5,0,0.457202505219207,0.31978319783197834,0.0
101,0,2,2,21,7,0,4,0.5929018789144052,0.24390243902439024,0.0
69,1,2,0,0,4,5,0,0.7891440501043843,1.0,0.0
94,0,0,0,19,4,5,0,0.6931106471816286,0.17344173441734417,0.0
13,0,0,0,6,4,5,0,0.9519832985386223,0.5962059620596206,0.0
100,0,2,0,21,1,1,0,0.6784968684759918,0.016260162601626015,0.0
46,1,0,0,13,4,5,0,0.6179540709812108,1.0,1.0
94,0,0,0,18,6,5,5,0.6931106471816286,1.0,1.0
50,0,0,0,6,4,5,2,0.6200417536534448,0.44986449864498645,0.0
6,1,2,2,5,3,5,0,0.9478079331941547,0.2818428184281843,0.0
5,0,2,0,16,4,5,0,0.9394572025052192,0.4444444444444445,0.0
5,0,2,0,19,1,5,1,0.9394572025052192,0.4010840108401084,0.0
5,1,2,0,11,4,5,5,0.9394572025052192,0.08672086720867209,0.0
64,0,2,2,18,2,5,5,0.32150313152400845,0.41734417344173447,1.0
104,0,2,3,21,0,5,4,0.47599164926931103,0.08130081300813008,0.0
64,1,0,1,15,4,5,5,0.32150313152400845,0.3902439024390244,1.0
5,0,1,0,17,3,5,2,0.9394572025052192,0.1084010840108401,0.0
11,0,0,0,19,0,5,4,0.16701461377870586,0.07046070460704607,0.0
6,1,0,1,0,4,5,5,0.9478079331941547,1.0,0.0
13,1,2,1,11,4,5,5,0.9519832985386223,0.16260162601626016,0.0
5,0,2,0,21,4,1,1,0.9394572025052192,0.991869918699187,0.0
30,1,2,0,9,1,5,4,0.8914405010438415,0.3089430894308943,0.0
112,0,2,2,2,7,5,5,0.9457202505219209,0.8292682926829268,0.0
64,1,0,0,20,1,5,5,0.32150313152400845,0.16802168021680217,0.0
64,1,0,0,1,4,5,5,0.32150313152400845,0.5691056910569106,1.0
64,1,0,1,13,4,5,0,0.32150313152400845,0.2710027100271003,1.0
48,0,2,0,21,4,5,2,0.9185803757828812,0.29268292682926833,0.0
5,1,0,0,11,2,5,0,0.9394572025052192,0.7425474254742547,0.0
5,0,2,0,15,3,5,1,0.9394572025052192,0.4444444444444445,0.0
5,0,2,2,13,1,5,1,0.9394572025052192,0.15176151761517614,0.0
5,0,2,0,10,3,5,1,0.9394572025052192,0.48780487804878053,0.0
94,0,2,0,2,1,5,1,0.6931106471816286,0.16802168021680217,0.0
42,1,0,1,11,4,5,0,0.47599164926931103,0.07588075880758807,1.0
99,0,2,2,21,4,5,4,0.8643006263048016,0.6341463414634146,0.0
49,0,2,2,21,6,5,0,0.9394572025052192,0.34146341463414637,0.0
2,0,2,2,15,7,0,0,0.8705636743215033,0.5745257452574526,0.0
85,0,2,0,18,2,5,4,0.8893528183716073,0.26558265582655827,0.0
5,0,2,0,3,6,5,3,0.9394572025052192,0.2872628726287263,0.0
64,1,0,0,20,4,5,5,0.32150313152400845,0.6124661246612466,0.0
64,1,0,1,13,4,5,5,0.32150313152400845,0.08672086720867209,1.0
4,0,2,2,7,1,5,3,0.6972860125260962,0.8672086720867208,0.0
64,1,0,1,13,4,5,5,0.32150313152400845,0.5311653116531165,1.0
49,1,0,0,13,4,4,0,0.9394572025052192,0.5474254742547425,1.0
99,0,2,2,6,0,5,2,0.8643006263048016,0.12466124661246611,0.0
95,0,2,0,20,1,5,0,0.8037578288100209,0.41734417344173447,0.0
4,0,2,0,21,4,5,4,0.6972860125260962,0.35772357723577236,0.0
49,0,2,0,4,1,1,0,0.9394572025052192,0.3523035230352304,0.0
60,0,2,0,6,4,5,4,0.47599164926931103,0.16260162601626016,1.0
5,0,2,0,19,2,5,3,0.9394572025052192,0.14634146341463414,0.0
5,0,2,2,0,4,5,5,0.9394572025052192,0.25474254742547425,1.0
1,1,0,0,17,7,1,3,0.8872651356993737,0.11382113821138211,0.0
48,0,2,2,21,1,2,3,0.9185803757828812,0.34688346883468835,1.0
5,1,2,1,13,4,5,5,0.9394572025052192,0.29268292682926833,0.0
5,1,2,0,20,4,5,0,0.9394572025052192,0.04878048780487805,1.0
78,0,2,0,21,4,5,4,0.7453027139874742,0.016260162601626015,0.0
5,0,2,0,21,4,5,0,0.9394572025052192,0.5474254742547425,0.0
118,1,2,0,13,4,5,5,0.8246346555323592,1.0,0.0
48,0,2,0,15,7,5,4,0.9185803757828812,0.7859078590785907,0.0
56,0,2,0,7,5,5,1,0.6388308977035491,0.5528455284552846,0.0
13,1,0,1,5,4,5,5,0.9519832985386223,0.010840108401084009,0.0
13,0,2,3,21,4,5,2,0.9519832985386223,0.14634146341463414,0.0
103,0,2,0,4,5,5,0,0.9791231732776617,0.08672086720867209,0.0
95,0,1,0,11,6,5,1,0.8037578288100209,0.2222222222222222,0.0
4,0,2,2,21,4,5,0,0.6972860125260962,0.3252032520325204,1.0
48,0,2,2,2,4,1,1,0.9185803757828812,0.33062330623306235,0.0
4,0,2,0,14,4,5,0,0.6972860125260962,0.4715447154471545,0.0
64,0,0,0,11,1,5,0,0.32150313152400845,0.21138211382113822,1.0
85,1,0,1,13,4,5,5,0.8893528183716073,0.39566395663956644,0.0
103,0,2,0,21,4,5,0,0.9791231732776617,0.07046070460704607,0.0
48,0,2,0,6,4,5,4,0.9185803757828812,0.14634146341463414,0.0
13,0,2,0,21,5,5,2,0.9519832985386223,0.05962059620596205,0.0
48,0,2,0,7,0,5,2,0.9185803757828812,1.0,0.0
5,0,2,3,4,3,4,4,0.9394572025052192,0.05962059620596205,0.0
116,0,1,0,19,4,5,0,0.47599164926931103,0.2222222222222222,0.0
2,1,2,4,16,4,5,5,0.8705636743215033,0.17886178861788618,0.0
64,1,0,0,11,4,5,0,0.32150313152400845,0.35772357723577236,1.0
13,0,0,0,14,3,5,0,0.9519832985386223,0.34688346883468835,0.0
48,1,0,2,18,4,5,3,0.9185803757828812,0.2981029810298103,0.0
48,0,2,2,4,4,5,0,0.9185803757828812,0.11924119241192412,0.0
64,1,0,2,6,2,4,2,0.32150313152400845,0.9376693766937669,0.0
5,0,2,2,15,4,5,0,0.9394572025052192,0.40650406504065045,1.0
64,0,2,0,0,2,5,0,0.32150313152400845,0.7642276422764227,0.0
78,1,1,0,15,4,5,4,0.7453027139874742,0.24932249322493225,1.0
99,0,2,2,21,0,1,1,0.8643006263048016,0.34146341463414637,0.0
13,0,1,0,5,3,5,4,0.9519832985386223,0.5257452574525745,0.0
2,0,2,0,8,4,5,4,0.8705636743215033,0.11924119241192412,1.0
64,1,0,1,11,4,5,5,0.32150313152400845,0.03252032520325203,0.0
5,0,2,0,19,4,5,1,0.9394572025052192,0.13550135501355012,1.0
64,1,2,2,7,4,5,1,0.32150313152400845,0.34146341463414637,1.0
65,0,2,0,18,4,5,0,0.8956158663883091,0.5365853658536585,0.0
21,0,2,0,7,7,1,2,0.5594989561586641,0.9376693766937669,0.0
65,1,1,1,0,4,5,0,0.8956158663883091,0.24390243902439024,0.0
5,0,2,2,21,3,5,0,0.9394572025052192,0.12466124661246611,0.0
63,0,2,0,2,1,5,4,0.6805845511482254,0.13008130081300812,0.0
5,0,2,0,18,4,5,1,0.9394572025052192,0.23306233062330622,0.0
116,0,0,0,1,4,5,0,0.47599164926931103,0.005420054200542005,1.0
4,0,2,2,6,2,5,0,0.6972860125260962,0.05420054200542005,0.0
5,0,2,0,15,5,5,0,0.9394572025052192,0.2710027100271003,0.0
95,0,2,0,19,2,5,1,0.8037578288100209,0.6124661246612466,0.0
13,0,2,2,21,5,5,2,0.9519832985386223,0.41734417344173447,0.0
48,1,0,0,21,4,2,4,0.9185803757828812,0.23306233062330622,0.0
103,0,2,0,21,4,5,4,0.9791231732776617,0.34688346883468835,0.0
22,0,0,0,11,1,0,0,0.018789144050104567,0.25474254742547425,1.0
5,0,2,2,2,4,5,3,0.9394572025052192,0.43902439024390244,1.0
5,0,2,0,21,1,5,4,0.9394572025052192,0.23306233062330622,0.0
48,0,2,0,18,6,5,0,0.9185803757828812,0.23848238482384823,0.0
15,1,2,2,11,4,5,0,0.5699373695198331,0.23306233062330622,0.0
66,0,2,2,19,5,5,4,0.47599164926931103,0.41734417344173447,1.0
64,0,2,0,16,6,5,0,0.32150313152400845,0.11924119241192412,0.0
48,1,2,1,11,4,5,5,0.9185803757828812,0.1842818428184282,0.0
5,0,2,0,6,6,5,2,0.9394572025052192,0.05962059620596205,0.0
49,0,2,0,2,0,5,0,0.9394572025052192,0.04336043360433604,0.0
103,0,2,0,11,0,5,0,0.9791231732776617,0.21138211382113822,0.0
100,0,0,0,1,4,5,0,0.6784968684759918,0.15176151761517614,0.0
37,0,2,0,3,4,5,0,0.5636743215031317,0.010840108401084009,0.0
5,0,2,0,14,1,1,0,0.9394572025052192,0.17886178861788618,0.0
5,0,2,0,14,4,5,0,0.9394572025052192,0.7100271002710027,0.0
47,0,0,0,19,4,1,0,0.778705636743215,0.21138211382113822,0.0
93,0,2,0,1,1,5,1,0.40918580375782887,0.5474254742547425,0.0
95,0,2,2,18,6,5,1,0.8037578288100209,0.04878048780487805,0.0
30,0,2,2,19,7,5,2,0.8914405010438415,0.16260162601626016,0.0
5,1,2,0,13,1,5,0,0.9394572025052192,0.06504065040650406,1.0
99,0,2,0,21,4,4,4,0.8643006263048016,0.2005420054200542,0.0
11,0,2,1,16,4,5,5,0.16701461377870586,0.2168021680216802,0.0
120,0,2,0,17,4,5,0,0.9498956158663885,0.3631436314363144,0.0
82,0,2,0,6,2,5,4,0.8768267223382047,0.08130081300813008,0.0
48,1,2,0,16,0,5,4,0.9185803757828812,0.21138211382113822,0.0
2,0,2,0,19,6,5,0,0.8705636743215033,0.5474254742547425,0.0
5,0,2,0,13,7,5,0,0.9394572025052192,0.35772357723577236,0.0
101,0,0,0,19,4,5,1,0.5929018789144052,0.04336043360433604,0.0
48,0,2,1,21,3,5,0,0.9185803757828812,0.23306233062330622,0.0
36,0,2,0,19,4,5,3,0.536534446764092,1.0,0.0
91,0,2,2,19,4,5,4,0.9248434237995826,0.9485094850948509,0.0
91,0,2,2,21,4,5,4,0.9248434237995826,0.2818428184281843,0.0
42,1,0,1,13,4,5,5,0.47599164926931103,0.41734417344173447,0.0
64,0,2,0,19,1,5,0,0.32150313152400845,0.23306233062330622,0.0
114,0,2,0,1,1,1,3,0.9498956158663885,0.1084010840108401,0.0
5,0,2,0,16,6,5,1,0.9394572025052192,0.15718157181571815,0.0
13,0,2,0,5,0,5,5,0.9519832985386223,1.0,0.0
5,0,1,0,2,3,5,1,0.9394572025052192,0.9376693766937669,0.0
64,0,2,0,15,3,5,0,0.32150313152400845,1.0,0.0
116,1,0,2,13,4,5,5,0.47599164926931103,0.5799457994579945,1.0
5,0,2,0,11,4,5,0,0.9394572025052192,0.2222222222222222,1.0
48,0,2,0,13,4,5,2,0.9185803757828812,0.07588075880758807,0.0
48,0,2,0,15,5,5,4,0.9185803757828812,0.027100271002710022,0.0
1,1,2,0,11,4,5,5,0.8872651356993737,0.4444444444444445,0.0
94,0,2,0,15,5,5,3,0.6931106471816286,0.3523035230352304,0.0
103,1,0,2,9,3,5,3,0.9791231732776617,0.05962059620596205,0.0
64,1,0,0,20,4,5,5,0.32150313152400845,1.0,1.0
49,0,0,0,18,1,5,0,0.9394572025052192,0.037940379403794036,0.0
11,0,2,0,15,0,5,0,0.16701461377870586,0.4661246612466125,1.0
55,1,0,0,7,4,5,5,0.8517745302713988,0.7479674796747967,0.0
49,1,1,0,11,4,5,0,0.9394572025052192,0.04878048780487805,1.0
5,0,2,0,8,1,1,0,0.9394572025052192,0.037940379403794036,0.0
13,0,2,2,21,4,5,0,0.9519832985386223,0.5907859078590786,0.0
113,0,2,0,2,4,5,3,0.47599164926931103,0.20596205962059622,0.0
48,0,2,1,15,7,0,0,0.9185803757828812,0.5257452574525745,1.0
101,0,1,0,1,4,5,0,0.5929018789144052,0.037940379403794036,0.0
64,0,2,0,13,2,5,1,0.32150313152400845,0.11382113821138211,0.0
78,0,0,0,14,5,5,0,0.7453027139874742,0.7533875338753387,0.0
66,1,0,1,0,4,5,0,0.47599164926931103,0.027100271002710022,0.0
64,0,2,0,15,4,5,1,0.32150313152400845,0.3848238482384824,1.0
64,0,0,0,15,1,5,0,0.32150313152400845,0.02168021680216802,0.0
70,1,0,1,15,4,5,1,0.9791231732776617,0.5149051490514904,0.0
64,0,2,2,19,2,5,4,0.32150313152400845,0.2764227642276423,0.0
64,0,2,0,11,3,5,1,0.32150313152400845,0.23306233062330622,1.0
64,0,2,0,14,1,2,0,0.32150313152400845,1.0,0.0
5,0,2,2,21,4,5,1,0.9394572025052192,0.5907859078590786,0.0
48,0,2,0,21,2,5,4,0.9185803757828812,0.5474254742547425,0.0
64,0,2,2,2,4,5,0,0.32150313152400845,0.2764227642276423,0.0
95,0,0,0,14,4,5,0,0.8037578288100209,0.13008130081300812,0.0
5,0,2,0,14,0,5,0,0.9394572025052192,0.06504065040650406,0.0
24,0,2,0,8,4,5,4,0.11899791231732793,0.13550135501355012,0.0
64,1,2,0,16,1,5,0,0.32150313152400845,0.6720867208672087,1.0
91,0,2,2,8,7,1,0,0.9248434237995826,0.05420054200542005,0.0
64,0,2,0,13,4,5,0,0.32150313152400845,0.2710027100271003,0.0
5,1,0,0,16,4,5,0,0.9394572025052192,1.0,0.0
13,1,0,0,19,7,5,0,0.9519832985386223,0.2981029810298103,0.0
5,0,2,0,21,7,1,0,0.9394572025052192,0.14092140921409213,0.0
91,0,2,0,21,4,5,5,0.9248434237995826,0.2222222222222222,0.0
95,1,2,1,15,4,5,0,0.8037578288100209,0.30352303523035234,0.0
48,0,2,0,16,2,5,0,0.9185803757828812,0.03252032520325203,0.0
3,1,2,0,16,4,5,0,0.1837160751565763,0.1084010840108401,0.0
71,1,2,0,18,4,5,4,0.47599164926931103,0.40650406504065045,1.0
13,0,2,2,3,4,5,3,0.9519832985386223,0.17886178861788618,0.0
39,0,0,0,11,4,5,0,0.1774530271398751,0.03252032520325203,1.0
29,0,2,0,5,2,5,4,0.47599164926931103,0.4715447154471545,0.0
30,0,2,0,3,4,5,2,0.8914405010438415,0.027100271002710022,0.0
5,0,2,0,21,4,5,4,0.9394572025052192,0.04878048780487805,1.0
64,1,2,0,17,3,5,0,0.32150313152400845,0.04336043360433604,1.0
10,1,0,0,11,4,5,0,0.48225469728601245,0.5799457994579945,0.0
49,0,2,0,7,1,5,5,0.9394572025052192,0.17886178861788618,0.0
13,0,2,0,21,1,5,1,0.9519832985386223,0.25474254742547425,0.0
5,1,0,0,14,4,5,5,0.9394572025052192,0.16260162601626016,1.0
2,0,2,1,6,7,5,0,0.8705636743215033,0.40650406504065045,0.0
13,0,0,1,14,4,5,1,0.9519832985386223,0.24932249322493225,0.0
101,0,0,1,6,4,5,4,0.5929018789144052,0.2168021680216802,0.0
99,0,2,0,12,4,5,2,0.8643006263048016,0.34688346883468835,0.0
78,0,1,0,17,7,1,2,0.7453027139874742,0.25474254742547425,0.0
64,0,2,0,17,1,5,1,0.32150313152400845,0.027100271002710022,1.0
101,0,2,2,1,3,5,0,0.5929018789144052,0.04878048780487805,0.0
64,0,2,2,15,4,5,1,0.32150313152400845,0.05962059620596205,1.0
48,0,2,0,5,4,5,1,0.9185803757828812,0.1842818428184282,0.0
33,0,2,0,14,1,5,5,0.47599164926931103,0.23306233062330622,0.0
48,0,2,2,5,5,4,0,0.9185803757828812,0.14634146341463414,0.0
4,0,0,2,1,2,5,4,0.6972860125260962,0.33062330623306235,1.0
48,0,2,0,16,2,5,0,0.9185803757828812,0.05420054200542005,0.0
11,0,2,2,6,0,5,4,0.16701461377870586,0.20596205962059622,0.0
30,0,2,0,16,6,4,2,0.8914405010438415,0.21138211382113822,1.0
94,0,2,2,14,1,5,0,0.6931106471816286,0.13550135501355012,0.0
5,1,2,0,15,4,5,5,0.9394572025052192,0.5040650406504065,0.0
5,1,2,0,2,4,5,4,0.9394572025052192,0.39566395663956644,0.0
64,0,2,0,20,4,5,0,0.32150313152400845,0.39566395663956644,0.0
5,0,2,2,21,4,5,2,0.9394572025052192,0.16802168021680217,0.0
64,0,2,0,2,3,5,5,0.32150313152400845,0.23848238482384823,1.0
5,0,2,0,10,1,5,2,0.9394572025052192,0.2764227642276423,0.0
41,1,2,0,19,4,5,0,0.457202505219207,0.010840108401084009,0.0
94,0,0,0,19,3,5,0,0.6931106471816286,0.7317073170731707,0.0
116,1,2,0,13,0,2,0,0.47599164926931103,0.4444444444444445,0.0
5,1,2,2,10,7,0,1,0.9394572025052192,0.12466124661246611,0.0
116,0,2,0,21,4,5,0,0.47599164926931103,0.1084010840108401,0.0
73,1,2,0,15,3,5,1,0.0,0.1897018970189702,0.0
30,1,0,0,13,4,5,0,0.8914405010438415,0.4281842818428185,1.0
30,1,1,2,11,4,5,0,0.8914405010438415,0.027100271002710022,0.0
49,0,2,2,21,2,3,4,0.9394572025052192,0.15718157181571815,0.0
26,0,2,2,8,1,5,4,0.7453027139874742,0.5474254742547425,0.0
5,0,2,2,5,3,5,3,0.9394572025052192,0.8943089430894309,1.0
5,1,2,1,14,4,5,0,0.9394572025052192,0.23848238482384823,1.0
5,1,2,2,12,4,5,1,0.9394572025052192,0.15718157181571815,1.0
5,0,2,0,21,3,2,1,0.9394572025052192,1.0,0.0
13,1,1,2,4,4,4,5,0.9519832985386223,0.2764227642276423,0.0
4,0,1,0,1,4,0,0,0.6972860125260962,0.3902439024390244,0.0
5,1,0,0,20,4,5,5,0.9394572025052192,0.41192411924119243,0.0
49,1,0,0,13,0,1,0,0.9394572025052192,0.6612466124661246,0.0
4,0,2,0,8,4,5,0,0.6972860125260962,0.6016260162601625,0.0
116,1,1,0,11,7,5,0,0.47599164926931103,0.5257452574525745,1.0
73,0,2,0,18,0,5,1,0.0,0.07046070460704607,0.0
95,0,2,2,8,3,5,0,0.8037578288100209,1.0,0.0
5,0,1,0,11,0,5,0,0.9394572025052192,1.0,0.0
13,1,2,1,19,4,5,0,0.9519832985386223,0.1951219512195122,0.0
64,1,0,1,16,4,5,5,0.32150313152400845,0.991869918699187,0.0
21,1,2,0,11,4,5,5,0.5594989561586641,0.3631436314363144,0.0
70,0,2,2,15,3,5,1,0.9791231732776617,0.16260162601626016,0.0
13,0,2,0,15,0,1,0,0.9519832985386223,0.0975609756097561,0.0
57,1,0,0,14,4,5,0,0.6137787056367434,0.04878048780487805,0.0
116,0,2,2,5,4,5,1,0.47599164926931103,0.04878048780487805,1.0
95,1,2,0,2,7,5,1,0.8037578288100209,0.027100271002710022,0.0
5,0,2,0,13,1,5,2,0.9394572025052192,0.5691056910569106,1.0
5,1,0,0,13,4,1,0,0.9394572025052192,0.04336043360433604,1.0
11,1,1,0,20,4,5,5,0.16701461377870586,0.10298102981029811,1.0
5,0,2,0,3,2,2,1,0.9394572025052192,0.02168021680216802,0.0
3,0,0,0,13,4,5,1,0.1837160751565763,0.4823848238482385,1.0
64,0,0,0,16,5,5,5,0.32150313152400845,0.05962059620596205,0.0
106,1,0,0,11,4,5,5,0.2275574112734864,0.23848238482384823,1.0
101,0,1,0,16,0,5,0,0.5929018789144052,0.8617886178861789,0.0
103,1,2,0,21,2,4,5,0.9791231732776617,0.2710027100271003,1.0
5,0,2,0,10,5,5,1,0.9394572025052192,1.0,0.0
7,0,0,1,15,7,5,0,0.676409185803758,0.48780487804878053,0.0
70,0,2,0,5,2,5,4,0.9791231732776617,0.6016260162601625,0.0
103,0,2,0,12,2,5,4,0.9791231732776617,0.21138211382113822,0.0
77,0,2,0,20,2,5,0,0.6388308977035491,0.34688346883468835,0.0
5,1,2,0,0,4,0,5,0.9394572025052192,0.14092140921409213,0.0
104,1,2,1,16,5,2,5,0.47599164926931103,1.0,0.0
48,0,2,2,18,2,5,4,0.9185803757828812,1.0,0.0
48,0,2,0,1,4,5,0,0.9185803757828812,0.20596205962059622,0.0
64,0,2,2,3,4,0,1,0.32150313152400845,1.0,0.0
48,0,2,1,1,3,5,1,0.9185803757828812,0.3848238482384824,0.0
30,1,2,3,10,1,2,0,0.8914405010438415,0.39566395663956644,0.0
2,1,2,3,21,3,4,0,0.8705636743215033,0.07046070460704607,0.0
48,0,2,0,8,1,5,4,0.9185803757828812,0.17886178861788618,0.0
64,0,2,0,14,3,5,0,0.32150313152400845,0.14634146341463414,1.0
48,0,2,2,19,2,5,0,0.9185803757828812,0.0921409214092141,0.0
94,1,0,0,11,4,5,5,0.6931106471816286,0.22764227642276422,0.0
101,1,1,0,17,4,4,0,0.5929018789144052,0.04336043360433604,1.0
13,1,2,0,3,0,5,0,0.9519832985386223,0.12466124661246611,0.0
64,0,2,0,14,4,1,0,0.32150313152400845,0.9376693766937669,1.0
13,0,2,0,21,1,5,4,0.9519832985386223,0.24390243902439024,0.0
91,0,2,1,18,1,5,0,0.9248434237995826,0.6233062330623306,0.0
5,0,2,0,21,7,5,1,0.9394572025052192,0.24932249322493225,0.0
15,0,2,0,21,2,5,3,0.5699373695198331,0.2981029810298103,0.0
5,0,2,0,14,5,1,2,0.9394572025052192,0.6829268292682926,1.0
48,0,2,0,3,6,5,0,0.9185803757828812,0.6558265582655827,0.0
5,0,2,0,21,7,5,5,0.9394572025052192,0.10298102981029811,0.0
48,0,2,0,21,4,5,0,0.9185803757828812,0.3848238482384824,0.0
5,0,2,0,21,1,5,1,0.9394572025052192,0.3631436314363144,0.0
13,0,2,2,16,4,5,0,0.9519832985386223,0.24390243902439024,0.0
64,1,2,2,6,4,4,2,0.32150313152400845,0.5094850948509485,1.0
48,0,0,0,14,4,5,0,0.9185803757828812,0.027100271002710022,0.0
78,0,2,0,21,3,5,4,0.7453027139874742,1.0,0.0
64,0,2,0,17,3,5,0,0.32150313152400845,0.037940379403794036,1.0
55,1,2,0,15,4,5,0,0.8517745302713988,0.14634146341463414,0.0
49,0,2,0,16,4,0,0,0.9394572025052192,1.0,0.0
13,1,0,0,0,0,1,0,0.9519832985386223,0.46070460704607047,0.0
48,0,2,4,21,4,5,1,0.9185803757828812,0.4823848238482385,0.0
64,0,2,0,15,7,5,0,0.32150313152400845,0.08130081300813008,1.0
64,0,2,2,6,5,5,0,0.32150313152400845,0.06504065040650406,0.0
83,0,0,3,17,4,5,0,0.6096033402922756,0.12466124661246611,1.0
93,0,2,0,21,4,5,4,0.40918580375782887,0.005420054200542005,0.0
49,0,2,3,1,4,4,0,0.9394572025052192,0.25474254742547425,0.0
48,0,2,3,21,4,5,4,0.9185803757828812,0.8943089430894309,0.0
64,0,0,0,13,4,0,0,0.32150313152400845,0.21138211382113822,1.0
64,1,0,0,13,4,5,0,0.32150313152400845,0.08672086720867209,0.0
4,1,2,0,14,1,5,0,0.6972860125260962,0.0975609756097561,0.0
82,1,0,1,16,4,5,5,0.8768267223382047,0.16802168021680217,0.0
48,0,2,3,21,6,2,1,0.9185803757828812,0.6991869918699186,0.0
4,0,0,0,0,7,5,0,0.6972860125260962,0.2764227642276423,1.0
49,1,0,1,14,2,5,0,0.9394572025052192,0.11924119241192412,0.0
5,1,0,1,11,4,5,5,0.9394572025052192,0.30352303523035234,0.0
30,0,2,0,6,2,5,4,0.8914405010438415,0.1897018970189702,0.0
122,0,2,0,21,4,5,4,0.9290187891440502,0.30352303523035234,1.0
5,1,2,0,21,2,5,0,0.9394572025052192,0.25474254742547425,0.0
5,0,2,0,15,1,4,4,0.9394572025052192,0.8834688346883468,1.0
74,0,1,0,7,7,5,5,0.8830897703549061,0.7100271002710027,0.0
82,0,1,1,6,2,5,4,0.8768267223382047,0.07588075880758807,0.0
116,0,0,0,13,0,5,0,0.47599164926931103,0.07046070460704607,0.0
83,0,2,2,5,2,5,3,0.6096033402922756,0.6016260162601625,0.0
6,1,0,1,13,4,5,5,0.9478079331941547,0.7642276422764227,0.0
4,0,2,0,18,4,5,0,0.6972860125260962,0.17886178861788618,0.0
48,0,2,0,1,7,5,0,0.9185803757828812,0.23306233062330622,0.0
48,0,2,0,10,4,5,0,0.9185803757828812,0.6233062330623306,0.0
21,1,2,1,14,4,5,5,0.5594989561586641,0.05962059620596205,0.0
5,0,1,0,18,4,5,0,0.9394572025052192,0.0975609756097561,1.0
95,0,2,0,5,4,5,4,0.8037578288100209,0.7696476964769647,0.0
5,0,2,0,1,3,5,1,0.9394572025052192,0.08130081300813008,0.0
13,0,0,0,17,4,5,1,0.9519832985386223,0.1084010840108401,1.0
49,0,2,0,17,0,5,1,0.9394572025052192,0.8617886178861789,0.0
5,0,2,2,21,1,5,0,0.9394572025052192,0.43902439024390244,0.0
104,1,2,0,14,3,5,0,0.47599164926931103,0.7425474254742547,1.0
5,0,2,0,1,7,5,1,0.9394572025052192,0.2168021680216802,0.0
64,0,2,0,0,4,5,0,0.32150313152400845,0.1084010840108401,1.0
48,0,2,1,10,4,5,4,0.9185803757828812,0.04878048780487805,0.0
48,0,2,0,7,4,5,0,0.9185803757828812,0.5474254742547425,0.0
64,1,1,0,1,1,2,0,0.32150313152400845,0.5745257452574526,1.0
95,0,2,2,18,4,5,1,0.8037578288100209,0.12466124661246611,0.0
5,0,2,0,17,2,5,5,0.9394572025052192,1.0,0.0
48,0,2,0,14,1,5,1,0.9185803757828812,0.8617886178861789,0.0
48,0,2,0,8,2,5,3,0.9185803757828812,0.4932249322493225,0.0
95,0,2,0,13,4,5,2,0.8037578288100209,0.3523035230352304,0.0
5,0,2,0,2,4,5,0,0.9394572025052192,0.16802168021680217,0.0
4,0,2,0,5,4,5,0,0.6972860125260962,0.15176151761517614,0.0
64,0,2,0,19,2,5,0,0.32150313152400845,0.5853658536585366,1.0
13,1,0,1,4,4,5,5,0.9519832985386223,0.16802168021680217,0.0
64,1,0,0,11,4,5,0,0.32150313152400845,0.26558265582655827,1.0
5,1,2,0,0,4,5,5,0.9394572025052192,0.46070460704607047,0.0
64,0,2,2,21,5,2,4,0.32150313152400845,0.13550135501355012,1.0
30,0,2,2,19,4,5,1,0.8914405010438415,0.20596205962059622,0.0
5,1,2,0,17,4,5,0,0.9394572025052192,1.0,0.0
6,1,0,0,14,4,5,0,0.9478079331941547,0.22764227642276422,1.0
47,0,1,0,16,7,5,0,0.778705636743215,0.12466124661246611,1.0
5,1,0,0,19,4,5,5,0.9394572025052192,0.4444444444444445,1.0
64,0,2,0,17,4,5,0,0.32150313152400845,0.25474254742547425,0.0
5,1,2,4,15,4,5,5,0.9394572025052192,0.9701897018970189,0.0
49,0,2,2,17,4,5,0,0.9394572025052192,0.7859078590785907,0.0
116,0,2,0,2,0,5,0,0.47599164926931103,0.20596205962059622,0.0
48,0,2,0,21,7,5,3,0.9185803757828812,0.5636856368563685,0.0
49,1,2,4,13,4,5,0,0.9394572025052192,1.0,0.0
78,0,2,3,21,4,5,4,0.7453027139874742,0.5149051490514904,0.0
5,0,2,0,21,1,1,0,0.9394572025052192,0.14634146341463414,0.0
64,0,1,2,16,4,5,5,0.32150313152400845,1.0,1.0
5,0,2,0,21,1,4,1,0.9394572025052192,0.24932249322493225,0.0
45,0,0,0,18,1,5,0,0.6242171189979124,0.02168021680216802,0.0
85,1,2,1,1,4,5,0,0.8893528183716073,0.0921409214092141,0.0
99,1,2,2,0,4,5,0,0.8643006263048016,0.23848238482384823,1.0
64,0,0,2,20,1,4,0,0.32150313152400845,0.03252032520325203,0.0
50,0,0,0,15,4,5,3,0.6200417536534448,0.21138211382113822,1.0
112,0,2,0,21,1,5,0,0.9457202505219209,0.6775067750677507,0.0
49,0,0,0,18,4,5,1,0.9394572025052192,0.2872628726287263,1.0
5,1,0,0,15,4,5,0,0.9394572025052192,0.11382113821138211,1.0
5,0,2,0,6,1,5,4,0.9394572025052192,0.03252032520325203,0.0
5,1,2,3,21,4,2,4,0.9394572025052192,0.0921409214092141,0.0
13,0,2,2,4,1,2,0,0.9519832985386223,0.5691056910569106,0.0
30,1,0,0,16,4,5,1,0.8914405010438415,0.15718157181571815,0.0
48,0,2,0,19,1,5,4,0.9185803757828812,0.1084010840108401,0.0
48,0,2,0,21,1,5,4,0.9185803757828812,0.33062330623306235,0.0
48,0,2,0,6,0,5,0,0.9185803757828812,0.06504065040650406,0.0
64,0,2,0,14,4,5,0,0.32150313152400845,0.6395663956639566,1.0
65,1,2,2,21,4,5,1,0.8956158663883091,0.6124661246612466,0.0
48,1,0,0,21,5,5,0,0.9185803757828812,0.8238482384823848,0.0
50,0,2,0,12,2,5,0,0.6200417536534448,0.25474254742547425,0.0
5,0,0,2,1,5,4,0,0.9394572025052192,0.21138211382113822,1.0
15,1,2,2,11,4,5,0,0.5699373695198331,1.0,1.0
5,0,2,0,21,3,5,4,0.9394572025052192,0.13550135501355012,0.0
6,0,2,0,4,4,1,0,0.9478079331941547,0.7046070460704607,0.0
49,1,0,0,0,4,2,0,0.9394572025052192,0.20596205962059622,1.0
64,1,0,1,11,4,5,5,0.32150313152400845,0.6991869918699186,0.0
5,0,2,0,11,1,5,0,0.9394572025052192,0.8726287262872628,0.0
64,0,2,0,9,4,5,1,0.32150313152400845,0.13008130081300812,0.0
47,0,2,0,17,4,5,0,0.778705636743215,0.12466124661246611,0.0
64,0,0,0,0,7,0,0,0.32150313152400845,0.4552845528455285,1.0
5,0,2,0,21,3,5,0,0.9394572025052192,0.3848238482384824,0.0
47,1,0,0,14,4,5,5,0.778705636743215,0.005420054200542005,0.0
5,0,2,0,16,1,5,0,0.9394572025052192,0.23306233062330622,0.0
8,1,1,0,15,4,5,2,0.47599164926931103,0.11382113821138211,1.0
91,0,2,0,10,2,5,4,0.9248434237995826,0.11924119241192412,1.0
48,0,2,0,7,4,5,0,0.9185803757828812,0.7533875338753387,0.0
5,0,2,0,21,1,5,0,0.9394572025052192,0.10298102981029811,0.0
5,0,2,0,9,3,5,4,0.9394572025052192,0.14634146341463414,0.0
64,0,2,0,13,4,5,1,0.32150313152400845,0.26558265582655827,0.0
49,1,1,0,13,4,5,4,0.9394572025052192,0.11924119241192412,0.0
122,0,2,3,21,2,4,5,0.9290187891440502,0.5907859078590786,0.0
5,1,0,0,15,4,5,5,0.9394572025052192,0.17886178861788618,0.0
13,1,0,0,1,4,5,5,0.9519832985386223,0.005420054200542005,0.0
13,0,1,0,16,1,1,0,0.9519832985386223,0.30352303523035234,0.0
112,0,2,2,6,1,5,3,0.9457202505219209,0.12466124661246611,0.0
13,0,2,0,19,5,5,1,0.9519832985386223,0.11382113821138211,0.0
13,0,0,2,19,4,5,0,0.9519832985386223,0.4715447154471545,0.0
15,1,0,1,14,4,5,0,0.5699373695198331,0.2981029810298103,0.0
48,0,2,2,21,3,5,4,0.9185803757828812,0.23306233062330622,0.0
11,0,2,0,15,4,5,0,0.16701461377870586,0.39566395663956644,1.0
49,0,1,0,18,4,5,1,0.9394572025052192,0.11924119241192412,1.0
117,1,0,1,11,4,5,5,0.4613778705636744,0.29268292682926833,0.0
94,0,2,2,6,3,5,2,0.6931106471816286,0.13008130081300812,0.0
5,1,2,2,2,3,5,4,0.9394572025052192,0.05962059620596205,0.0
55,0,2,2,4,3,5,2,0.8517745302713988,0.14634146341463414,0.0
95,0,2,2,17,1,5,1,0.8037578288100209,0.037940379403794036,0.0
95,0,2,2,6,3,5,4,0.8037578288100209,0.05962059620596205,0.0
38,0,2,0,18,7,5,0,0.7724425887265136,0.04336043360433604,0.0
95,0,2,2,1,4,5,0,0.8037578288100209,0.2222222222222222,0.0
49,1,2,0,19,5,5,1,0.9394572025052192,0.12466124661246611,1.0
48,0,2,0,14,4,5,1,0.9185803757828812,0.10298102981029811,0.0
3,1,0,0,20,7,0,0,0.1837160751565763,0.2818428184281843,1.0
101,0,2,2,5,3,5,1,0.5929018789144052,0.07046070460704607,0.0
49,1,0,2,7,4,5,3,0.9394572025052192,0.3848238482384824,1.0
91,0,2,3,6,0,1,4,0.9248434237995826,0.40650406504065045,0.0
5,0,2,2,14,4,1,1,0.9394572025052192,0.6720867208672087,0.0
64,0,2,0,16,4,5,0,0.32150313152400845,0.22764227642276422,0.0
35,0,2,0,19,1,5,0,0.6116910229645096,0.3631436314363144,0.0
64,1,1,0,11,0,0,1,0.32150313152400845,0.10298102981029811,0.0
49,1,2,4,20,2,4,1,0.9394572025052192,0.4552845528455285,0.0
48,1,0,0,11,4,5,0,0.9185803757828812,0.06504065040650406,0.0
13,1,0,2,16,4,5,0,0.9519832985386223,0.08130081300813008,0.0
5,0,2,0,21,1,5,0,0.9394572025052192,0.3848238482384824,0.0
103,1,0,1,17,6,5,1,0.9791231732776617,0.25474254742547425,0.0
31,1,0,2,14,4,5,0,0.7640918580375784,0.07588075880758807,1.0
13,0,2,2,21,1,5,4,0.9519832985386223,0.12466124661246611,0.0
64,0,2,0,19,3,5,0,0.32150313152400845,0.05962059620596205,1.0
5,1,0,0,14,4,5,5,0.9394572025052192,0.5799457994579945,1.0
5,0,2,0,3,5,5,0,0.9394572025052192,0.20596205962059622,0.0
93,0,1,0,15,4,5,1,0.40918580375782887,0.6233062330623306,0.0
53,0,0,2,15,1,5,0,0.9415448851774533,0.04878048780487805,0.0
29,0,2,0,17,7,5,0,0.47599164926931103,0.24932249322493225,0.0
95,0,2,1,7,4,5,0,0.8037578288100209,0.14634146341463414,0.0
5,0,2,0,16,4,5,0,0.9394572025052192,0.1897018970189702,1.0
5,0,2,0,1,3,5,2,0.9394572025052192,0.17344173441734417,0.0
4,1,0,1,16,0,0,0,0.6972860125260962,0.22764227642276422,0.0
48,0,2,0,21,4,5,0,0.9185803757828812,0.8943089430894309,0.0
112,1,2,0,1,3,5,4,0.9457202505219209,0.08672086720867209,0.0
50,0,2,0,10,1,4,0,0.6200417536534448,0.05962059620596205,0.0
122,1,0,0,2,4,5,0,0.9290187891440502,0.12466124661246611,0.0
64,1,0,2,13,4,5,5,0.32150313152400845,0.11924119241192412,0.0
89,0,2,2,3,4,5,1,0.826722338204593,0.5365853658536585,0.0
5,0,2,2,21,2,5,4,0.9394572025052192,0.12466124661246611,0.0
5,1,0,0,15,1,4,0,0.9394572025052192,0.43360433604336046,0.0
41,1,2,0,15,7,5,0,0.457202505219207,0.3252032520325204,0.0
11,0,2,0,15,0,5,2,0.16701461377870586,0.15176151761517614,1.0
64,0,1,0,9,0,5,5,0.32150313152400845,0.2005420054200542,0.0
43,1,2,0,14,4,5,0,0.47599164926931103,0.34688346883468835,0.0
64,1,0,0,17,4,5,0,0.32150313152400845,1.0,0.0
0,1,0,0,15,1,5,0,0.7870563674321502,0.06504065040650406,0.0
5,0,2,0,5,2,5,4,0.9394572025052192,0.4281842818428185,0.0
74,1,0,1,11,1,5,0,0.8830897703549061,0.15718157181571815,0.0
13,0,2,0,4,0,5,0,0.9519832985386223,0.5203252032520325,0.0
49,1,0,0,0,4,5,5,0.9394572025052192,0.6016260162601625,0.0
112,0,2,0,14,3,5,0,0.9457202505219209,0.05420054200542005,0.0
5,1,2,1,15,4,5,5,0.9394572025052192,0.25474254742547425,1.0
4,0,2,0,8,4,5,0,0.6972860125260962,0.4010840108401084,0.0
107,1,1,0,11,4,5,0,0.47599164926931103,0.14634146341463414,1.0
11,1,2,0,11,7,5,0,0.16701461377870586,0.10298102981029811,1.0
5,1,0,2,17,4,5,0,0.9394572025052192,0.1842818428184282,1.0
64,0,2,0,13,4,5,0,0.32150313152400845,0.037940379403794036,0.0
95,0,2,0,3,0,0,0,0.8037578288100209,0.07588075880758807,0.0
13,0,2,2,14,5,2,5,0.9519832985386223,0.16260162601626016,0.0
13,0,2,2,21,4,5,4,0.9519832985386223,1.0,0.0
94,1,2,0,14,4,5,1,0.6931106471816286,1.0,0.0
13,0,2,2,21,5,5,4,0.9519832985386223,0.5799457994579945,0.0
103,0,2,0,21,0,5,2,0.9791231732776617,0.2168021680216802,0.0
61,0,2,0,18,4,5,1,0.4425887265135702,0.14634146341463414,1.0
5,0,2,0,17,4,5,0,0.9394572025052192,0.43902439024390244,0.0
64,0,0,0,14,4,0,0,0.32150313152400845,1.0,1.0
48,0,2,0,9,4,5,4,0.9185803757828812,0.20596205962059622,0.0
43,1,0,2,13,4,2,1,0.47599164926931103,0.30352303523035234,1.0
4,0,2,2,4,2,5,2,0.6972860125260962,0.31978319783197834,0.0
48,0,2,0,11,4,5,5,0.9185803757828812,0.30352303523035234,0.0
64,0,0,2,20,0,5,0,0.32150313152400845,0.016260162601626015,0.0
13,0,2,0,16,2,5,0,0.9519832985386223,0.027100271002710022,0.0
13,0,2,0,9,4,4,4,0.9519832985386223,0.0975609756097561,0.0
48,0,2,1,11,2,5,1,0.9185803757828812,0.2222222222222222,0.0
68,0,2,0,3,5,5,4,0.47599164926931103,0.42276422764227645,0.0
6,0,0,1,14,7,5,0,0.9478079331941547,0.037940379403794036,0.0
82,1,1,0,13,4,5,0,0.8768267223382047,0.3848238482384824,0.0
64,1,2,0,16,4,5,5,0.32150313152400845,0.1897018970189702,0.0
2,0,2,0,8,4,3,4,0.8705636743215033,0.5636856368563685,0.0
64,0,2,0,20,0,5,0,0.32150313152400845,0.05962059620596205,1.0
104,0,2,0,18,1,5,4,0.47599164926931103,0.33062330623306235,0.0
5,0,2,0,21,4,5,4,0.9394572025052192,0.0921409214092141,0.0
64,1,0,1,13,4,5,5,0.32150313152400845,0.05962059620596205,0.0
82,0,2,2,17,4,5,2,0.8768267223382047,0.14092140921409213,0.0
119,1,0,0,15,6,5,0,0.47599164926931103,0.12466124661246611,1.0
40,1,2,2,18,4,4,1,0.5532359081419624,0.22764227642276422,0.0
5,0,2,0,21,4,5,0,0.9394572025052192,0.0975609756097561,1.0
91,0,2,2,7,1,5,1,0.9248434237995826,0.08672086720867209,0.0
5,0,2,0,12,4,1,3,0.9394572025052192,0.22764227642276422,0.0
64,0,2,0,11,4,5,0,0.32150313152400845,0.44986449864498645,0.0
5,1,0,0,13,1,5,1,0.9394572025052192,0.12466124661246611,1.0
83,1,0,0,16,4,5,0,0.6096033402922756,0.24390243902439024,0.0
83,0,1,1,13,0,5,0,0.6096033402922756,1.0,0.0
64,1,0,0,1,1,5,4,0.32150313152400845,0.5040650406504065,0.0
15,0,2,2,21,4,5,0,0.5699373695198331,0.17886178861788618,0.0
49,0,2,0,8,3,5,4,0.9394572025052192,0.07046070460704607,0.0
48,0,2,0,21,6,5,4,0.9185803757828812,0.03252032520325203,0.0
41,0,2,0,16,7,5,1,0.457202505219207,0.13008130081300812,0.0
48,0,2,2,21,3,5,1,0.9185803757828812,0.22764227642276422,0.0
5,0,2,2,7,3,4,1,0.9394572025052192,0.1084010840108401,0.0
64,0,2,0,8,3,5,4,0.32150313152400845,0.15176151761517614,0.0
53,1,0,0,1,2,4,0,0.9415448851774533,0.25474254742547425,0.0
0,0,0,2,16,6,5,0,0.7870563674321502,0.3848238482384824,1.0
5,1,0,2,6,4,5,5,0.9394572025052192,1.0,0.0
64,0,2,0,11,7,5,1,0.32150313152400845,0.005420054200542005,1.0
13,0,2,0,6,3,5,0,0.9519832985386223,0.11924119241192412,0.0
13,0,2,2,11,1,4,0,0.9519832985386223,0.15176151761517614,0.0
106,0,2,0,15,0,1,1,0.2275574112734864,0.10298102981029811,1.0
83,0,2,0,4,3,5,4,0.6096033402922756,0.05420054200542005,1.0
49,1,0,0,14,4,5,0,0.9394572025052192,0.40650406504065045,0.0
103,0,2,0,8,1,5,1,0.9791231732776617,0.08672086720867209,0.0
101,1,2,0,5,4,5,0,0.5929018789144052,0.3360433604336044,1.0
64,1,2,2,6,6,5,4,0.32150313152400845,0.24390243902439024,1.0
2,1,2,1,11,4,5,5,0.8705636743215033,1.0,0.0
5,0,2,0,5,2,5,4,0.9394572025052192,0.17344173441734417,0.0
73,0,2,0,18,4,5,4,0.0,0.39566395663956644,0.0
5,0,2,0,13,6,5,2,0.9394572025052192,0.29268292682926833,0.0
102,1,2,0,16,7,1,5,0.2275574112734864,0.037940379403794036,0.0
116,1,2,1,13,4,5,0,0.47599164926931103,0.06504065040650406,0.0
49,0,2,2,1,1,5,2,0.9394572025052192,0.4010840108401084,0.0
64,0,2,0,17,5,5,2,0.32150313152400845,0.20596205962059622,1.0
89,0,2,0,21,7,1,0,0.826722338204593,0.29268292682926833,0.0
48,0,1,1,5,4,5,0,0.9185803757828812,0.07588075880758807,1.0
30,1,0,2,14,4,5,0,0.8914405010438415,0.2710027100271003,1.0
115,0,2,4,13,7,3,0,0.5699373695198331,0.016260162601626015,0.0
49,0,2,0,7,4,5,0,0.9394572025052192,0.03252032520325203,0.0
5,1,0,1,20,4,5,0,0.9394572025052192,0.14092140921409213,1.0
65,0,2,0,21,2,5,4,0.8956158663883091,0.14634146341463414,0.0
5,0,2,0,16,4,1,0,0.9394572025052192,0.4661246612466125,0.0
37,0,2,3,11,4,5,0,0.5636743215031317,0.10298102981029811,0.0
2,0,0,0,15,0,4,0,0.8705636743215033,0.17886178861788618,0.0
13,0,1,0,21,4,5,5,0.9519832985386223,0.2764227642276423,0.0
30,0,2,1,13,4,5,0,0.8914405010438415,0.05962059620596205,0.0
101,1,1,1,14,4,5,0,0.5929018789144052,1.0,0.0
5,0,2,0,21,3,5,4,0.9394572025052192,0.26558265582655827,0.0
64,1,0,0,13,4,5,2,0.32150313152400845,0.46070460704607047,0.0
5,1,0,0,15,7,2,0,0.9394572025052192,0.005420054200542005,0.0
22,1,0,0,13,4,5,2,0.018789144050104567,0.05420054200542005,1.0
11,0,1,2,17,0,5,1,0.16701461377870586,0.23848238482384823,1.0
99,1,2,0,13,4,5,5,0.8643006263048016,0.5691056910569106,0.0
99,0,2,0,17,1,5,2,0.8643006263048016,0.1951219512195122,0.0
13,0,2,0,21,4,5,4,0.9519832985386223,0.08130081300813008,0.0
41,1,1,0,16,4,5,1,0.457202505219207,0.06504065040650406,1.0
51,0,2,0,14,4,4,1,0.9039665970772444,0.2222222222222222,1.0
30,0,2,2,17,4,5,5,0.8914405010438415,0.4444444444444445,0.0
64,0,2,0,18,3,2,5,0.32150313152400845,0.04336043360433604,1.0
11,0,2,0,0,1,5,0,0.16701461377870586,0.7804878048780487,1.0
5,0,2,0,3,1,2,0,0.9394572025052192,0.03252032520325203,0.0
5,1,2,4,17,4,5,0,0.9394572025052192,0.5040650406504065,0.0
50,0,1,0,17,0,5,0,0.6200417536534448,0.5311653116531165,0.0
49,0,2,0,16,4,5,1,0.9394572025052192,1.0,1.0
5,0,2,0,14,6,5,1,0.9394572025052192,0.10298102981029811,0.0
64,0,2,0,15,5,0,0,0.32150313152400845,1.0,0.0
5,0,2,0,21,2,5,4,0.9394572025052192,0.5853658536585366,0.0
74,0,2,2,8,4,5,4,0.8830897703549061,0.4552845528455285,0.0
64,0,2,0,1,3,5,0,0.32150313152400845,0.12466124661246611,0.0
5,0,2,0,21,2,5,4,0.9394572025052192,0.29268292682926833,0.0
55,0,2,0,7,0,5,4,0.8517745302713988,0.2872628726287263,0.0
78,0,2,0,19,4,5,0,0.7453027139874742,0.3848238482384824,0.0
55,0,2,4,15,6,5,1,0.8517745302713988,0.39566395663956644,0.0
64,0,2,0,0,4,5,0,0.32150313152400845,0.07046070460704607,0.0
5,0,2,2,21,2,5,0,0.9394572025052192,0.11924119241192412,1.0
48,0,2,1,18,7,0,0,0.9185803757828812,0.8943089430894309,0.0
30,0,2,0,16,3,5,1,0.8914405010438415,0.25474254742547425,0.0
103,0,0,0,21,2,5,4,0.9791231732776617,0.027100271002710022,0.0
14,0,2,0,18,1,5,0,0.665970772442589,1.0,1.0
5,1,0,1,16,4,5,0,0.9394572025052192,1.0,0.0
48,0,2,0,15,4,5,0,0.9185803757828812,0.016260162601626015,0.0
64,0,2,0,16,0,5,1,0.32150313152400845,0.11924119241192412,0.0
17,1,0,0,16,4,5,1,0.5260960334029228,0.8726287262872628,0.0
70,0,2,2,1,4,3,1,0.9791231732776617,0.2005420054200542,1.0
48,0,2,3,21,6,5,0,0.9185803757828812,0.15718157181571815,0.0
21,0,0,0,11,1,5,0,0.5594989561586641,0.02168021680216802,0.0
30,0,2,2,17,4,5,0,0.8914405010438415,0.34688346883468835,0.0
49,0,2,0,5,0,5,0,0.9394572025052192,0.7859078590785907,0.0
64,0,2,2,17,7,5,4,0.32150313152400845,0.25474254742547425,0.0
13,0,2,1,21,3,5,4,0.9519832985386223,0.2710027100271003,0.0
0,0,2,0,1,1,5,3,0.7870563674321502,0.8021680216802167,0.0
96,1,0,0,20,4,5,1,0.8058455114822547,0.39566395663956644,0.0
5,1,0,0,0,4,5,0,0.9394572025052192,0.2818428184281843,1.0
120,0,2,2,6,4,5,1,0.9498956158663885,0.2872628726287263,0.0
64,0,2,2,5,0,5,4,0.32150313152400845,0.04336043360433604,1.0
99,0,2,2,10,6,5,1,0.8643006263048016,0.24390243902439024,0.0
5,0,2,0,3,4,1,0,0.9394572025052192,0.16802168021680217,0.0
85,0,2,0,21,0,5,1,0.8893528183716073,0.24390243902439024,0.0
64,0,0,0,7,1,5,1,0.32150313152400845,0.1842818428184282,0.0
13,0,2,2,21,0,5,5,0.9519832985386223,0.29268292682926833,0.0
49,1,2,0,13,4,5,0,0.9394572025052192,0.41192411924119243,1.0
13,0,2,0,5,5,5,0,0.9519832985386223,0.14634146341463414,0.0
83,0,0,0,20,7,0,5,0.6096033402922756,0.3089430894308943,0.0
49,0,2,0,21,4,5,4,0.9394572025052192,0.26558265582655827,1.0
13,0,2,2,21,3,5,4,0.9519832985386223,0.06504065040650406,0.0
48,0,2,0,21,4,5,3,0.9185803757828812,0.7859078590785907,0.0
122,0,2,2,12,1,5,4,0.9290187891440502,0.0975609756097561,0.0
48,1,0,0,15,4,5,0,0.9185803757828812,0.13550135501355012,1.0
13,0,2,0,21,4,5,0,0.9519832985386223,0.30352303523035234,0.0
13,1,2,0,17,4,5,0,0.9519832985386223,0.11382113821138211,0.0
13,1,2,0,8,0,5,0,0.9519832985386223,0.0921409214092141,0.0
95,0,1,0,11,3,5,0,0.8037578288100209,0.3902439024390244,1.0
96,0,2,2,17,4,5,0,0.8058455114822547,0.5094850948509485,0.0
42,1,0,1,20,4,5,5,0.47599164926931103,0.11924119241192412,0.0
66,1,2,1,21,1,5,4,0.47599164926931103,0.4661246612466125,0.0
48,0,2,0,21,4,0,2,0.9185803757828812,0.21138211382113822,0.0
116,0,2,2,5,4,5,4,0.47599164926931103,0.4715447154471545,1.0
13,1,1,1,0,3,3,0,0.9519832985386223,0.8184281842818428,0.0
64,0,2,0,17,1,5,0,0.32150313152400845,0.25474254742547425,1.0
85,0,2,0,17,4,5,4,0.8893528183716073,0.17886178861788618,0.0
98,0,1,0,2,4,5,0,0.47599164926931103,0.08672086720867209,0.0
4,1,0,0,13,4,5,5,0.6972860125260962,0.3902439024390244,1.0
64,0,2,0,15,1,5,0,0.32150313152400845,0.2222222222222222,0.0
41,0,2,0,18,7,1,0,0.457202505219207,0.3360433604336044,0.0
70,0,2,3,6,4,1,1,0.9791231732776617,0.21138211382113822,0.0
5,0,2,0,14,1,4,0,0.9394572025052192,0.12466124661246611,0.0
78,0,1,2,9,3,5,4,0.7453027139874742,0.2601626016260163,1.0
48,0,2,0,15,3,5,0,0.9185803757828812,0.23306233062330622,0.0
5,0,2,0,21,4,5,4,0.9394572025052192,0.2222222222222222,0.0
64,0,2,0,2,2,5,2,0.32150313152400845,0.11382113821138211,1.0
101,1,1,1,14,4,5,1,0.5929018789144052,0.3523035230352304,0.0
64,0,2,0,15,2,5,0,0.32150313152400845,0.9701897018970189,0.0
5,1,0,0,19,4,5,5,0.9394572025052192,0.26558265582655827,1.0
87,0,2,0,15,4,5,5,0.8058455114822547,0.5365853658536585,0.0
5,0,2,0,14,1,5,0,0.9394572025052192,0.11382113821138211,0.0
105,0,0,0,15,4,5,5,0.7515657620041754,0.26558265582655827,0.0
48,0,2,0,17,0,5,3,0.9185803757828812,0.14092140921409213,0.0
81,0,1,2,16,0,5,0,0.5323590814196242,0.39566395663956644,0.0
5,0,2,0,16,7,5,0,0.9394572025052192,0.1951219512195122,0.0
5,0,2,0,9,3,5,1,0.9394572025052192,0.05962059620596205,0.0
101,1,1,2,1,3,4,1,0.5929018789144052,0.2168021680216802,0.0
5,1,0,0,16,4,5,0,0.9394572025052192,0.24390243902439024,1.0
5,0,1,0,0,4,1,0,0.9394572025052192,0.6287262872628726,0.0
103,0,2,0,6,1,5,0,0.9791231732776617,0.2981029810298103,0.0
5,0,2,2,7,3,5,4,0.9394572025052192,0.15176151761517614,0.0
7,0,2,2,7,1,5,4,0.676409185803758,0.4769647696476965,0.0
49,0,2,0,13,3,5,0,0.9394572025052192,0.5853658536585366,1.0
2,0,2,0,21,4,1,0,0.8705636743215033,0.23848238482384823,0.0
6,0,2,2,10,0,5,4,0.9478079331941547,1.0,0.0
5,1,1,0,17,2,2,3,0.9394572025052192,0.027100271002710022,0.0
24,0,2,2,1,7,5,1,0.11899791231732793,0.0921409214092141,1.0
48,0,2,0,14,0,5,0,0.9185803757828812,0.11382113821138211,0.0
48,1,2,1,11,4,5,5,0.9185803757828812,0.05962059620596205,0.0
64,0,2,0,1,3,5,5,0.32150313152400845,0.5582655826558265,0.0
6,0,2,2,21,2,5,0,0.9478079331941547,0.05420054200542005,0.0
36,0,2,0,15,1,5,0,0.536534446764092,0.22764227642276422,0.0
13,0,2,0,6,5,5,4,0.9519832985386223,0.13008130081300812,0.0
78,0,2,0,1,4,5,2,0.7453027139874742,0.1897018970189702,0.0
89,1,2,0,11,7,0,0,0.826722338204593,0.29268292682926833,0.0
15,0,2,0,7,4,5,1,0.5699373695198331,0.16260162601626016,0.0
5,0,0,0,14,4,5,0,0.9394572025052192,0.7046070460704607,0.0
121,0,1,1,15,7,0,0,1.0,0.3252032520325204,0.0
30,1,1,2,14,2,5,0,0.8914405010438415,0.08672086720867209,0.0
114,1,0,1,19,4,5,0,0.9498956158663885,0.12466124661246611,0.0
77,0,2,1,4,4,5,0,0.6388308977035491,0.04878048780487805,0.0
4,0,2,2,18,4,5,0,0.6972860125260962,0.5962059620596206,1.0
5,0,2,0,19,1,1,3,0.9394572025052192,0.1897018970189702,0.0
5,0,2,0,21,5,5,4,0.9394572025052192,0.8184281842818428,0.0
3,1,0,0,13,0,5,0,0.1837160751565763,0.35772357723577236,1.0
64,0,2,0,1,3,5,3,0.32150313152400845,0.23848238482384823,1.0
64,0,0,0,2,5,5,2,0.32150313152400845,0.17886178861788618,0.0
64,0,0,0,13,2,5,1,0.32150313152400845,0.25474254742547425,0.0
5,0,2,2,21,4,5,0,0.9394572025052192,0.06504065040650406,1.0
5,0,2,3,21,3,5,4,0.9394572025052192,0.39566395663956644,0.0
13,0,2,1,9,1,5,1,0.9519832985386223,0.027100271002710022,0.0
64,0,2,2,20,0,5,0,0.32150313152400845,1.0,1.0
5,1,0,0,19,3,5,0,0.9394572025052192,0.08130081300813008,0.0
5,1,2,0,16,6,5,4,0.9394572025052192,0.0921409214092141,0.0
4,0,2,2,6,4,5,0,0.6972860125260962,0.34146341463414637,0.0
93,0,2,0,1,7,2,0,0.40918580375782887,0.39566395663956644,0.0
91,0,1,0,17,1,5,0,0.9248434237995826,0.0921409214092141,0.0
49,0,2,2,2,3,5,1,0.9394572025052192,0.2005420054200542,0.0
53,0,2,0,4,7,1,0,0.9415448851774533,0.8075880758807588,0.0
30,0,2,2,16,3,5,0,0.8914405010438415,0.6558265582655827,0.0
5,0,2,0,13,4,5,2,0.9394572025052192,0.02168021680216802,1.0
50,1,0,0,19,4,5,5,0.6200417536534448,0.981029810298103,0.0
48,0,2,0,17,4,5,4,0.9185803757828812,0.7859078590785907,0.0
5,0,2,2,16,3,5,0,0.9394572025052192,0.5420054200542005,0.0
77,0,2,0,14,7,5,0,0.6388308977035491,0.5799457994579945,0.0
4,0,2,2,21,2,5,0,0.6972860125260962,0.22764227642276422,0.0
5,0,2,2,15,4,5,4,0.9394572025052192,0.2981029810298103,0.0
6,1,2,4,13,4,5,5,0.9478079331941547,1.0,0.0
64,1,2,0,0,4,5,5,0.32150313152400845,0.8455284552845528,1.0
37,0,2,2,0,4,5,0,0.5636743215031317,0.14634146341463414,1.0
5,1,2,0,21,4,5,4,0.9394572025052192,0.2168021680216802,0.0
99,0,2,2,15,4,5,0,0.8643006263048016,0.16802168021680217,0.0
2,0,1,3,21,4,5,4,0.8705636743215033,0.2168021680216802,0.0
70,0,2,0,13,1,5,1,0.9791231732776617,0.34146341463414637,1.0
5,0,2,0,13,3,5,0,0.9394572025052192,0.3848238482384824,0.0
64,0,2,0,3,4,5,4,0.32150313152400845,0.08672086720867209,0.0
64,0,2,2,18,1,5,0,0.32150313152400845,0.23848238482384823,1.0
5,0,2,1,15,4,5,3,0.9394572025052192,0.8780487804878049,0.0
64,0,2,2,1,0,5,2,0.32150313152400845,0.0921409214092141,0.0
103,1,1,0,11,4,5,5,0.9791231732776617,0.1897018970189702,0.0
64,0,2,2,13,4,1,0,0.32150313152400845,0.05962059620596205,1.0
49,1,2,0,5,5,5,0,0.9394572025052192,0.21138211382113822,0.0
93,0,2,0,21,1,5,4,0.40918580375782887,0.4823848238482385,0.0
64,1,2,0,16,4,4,0,0.32150313152400845,0.2818428184281843,0.0
74,1,2,0,10,2,5,5,0.8830897703549061,1.0,0.0
49,0,2,0,7,4,1,4,0.9394572025052192,0.2222222222222222,0.0
48,0,2,0,15,1,2,0,0.9185803757828812,0.2168021680216802,0.0
48,1,2,0,19,4,5,5,0.9185803757828812,0.1084010840108401,1.0
5,0,2,2,19,3,5,0,0.9394572025052192,0.11924119241192412,0.0
5,0,2,0,18,4,5,1,0.9394572025052192,0.037940379403794036,0.0
48,0,2,2,6,5,5,1,0.9185803757828812,0.26558265582655827,0.0
48,1,2,1,11,4,5,5,0.9185803757828812,0.5799457994579945,0.0
5,1,2,0,14,4,5,5,0.9394572025052192,0.8292682926829268,0.0
5,0,2,2,21,3,4,4,0.9394572025052192,0.35772357723577236,0.0
5,0,2,0,21,2,4,0,0.9394572025052192,0.7479674796747967,0.0
95,0,2,2,7,4,5,0,0.8037578288100209,0.037940379403794036,0.0
49,0,2,0,3,0,1,1,0.9394572025052192,0.2981029810298103,0.0
48,0,2,0,5,6,4,4,0.9185803757828812,0.14634146341463414,1.0
89,0,2,0,21,7,5,2,0.826722338204593,0.07588075880758807,0.0
48,0,2,0,7,4,5,0,0.9185803757828812,0.07588075880758807,0.0
64,1,2,0,20,4,5,0,0.32150313152400845,0.20596205962059622,1.0
37,0,2,2,15,3,2,0,0.5636743215031317,0.04878048780487805,0.0
5,1,2,0,21,4,5,0,0.9394572025052192,0.2872628726287263,1.0
46,1,2,0,0,4,5,5,0.6179540709812108,0.0975609756097561,1.0
5,0,0,2,21,4,5,2,0.9394572025052192,0.4281842818428185,0.0
64,0,0,0,20,5,5,0,0.32150313152400845,0.12466124661246611,0.0
64,1,0,2,14,4,5,5,0.32150313152400845,0.6504065040650406,0.0
118,0,0,0,14,3,5,0,0.8246346555323592,0.6504065040650406,0.0
5,0,2,0,21,2,5,4,0.9394572025052192,0.26558265582655827,0.0
5,0,0,0,6,2,5,1,0.9394572025052192,0.5040650406504065,0.0
97,0,1,2,2,0,5,5,0.3695198329853864,0.12466124661246611,0.0
101,0,2,0,7,2,5,4,0.5929018789144052,0.10298102981029811,0.0
6,0,2,0,4,0,5,5,0.9478079331941547,0.24932249322493225,1.0
50,1,0,0,14,4,5,0,0.6200417536534448,0.06504065040650406,1.0
5,0,2,0,18,4,5,3,0.9394572025052192,0.4769647696476965,1.0
49,0,2,2,19,3,5,3,0.9394572025052192,0.4823848238482385,0.0
5,0,2,0,2,4,5,0,0.9394572025052192,0.05420054200542005,1.0
5,1,2,0,3,4,5,0,0.9394572025052192,1.0,0.0
5,1,0,0,15,0,5,0,0.9394572025052192,0.1897018970189702,1.0
13,0,1,0,5,7,5,2,0.9519832985386223,0.31978319783197834,0.0
5,0,2,2,21,1,5,0,0.9394572025052192,0.2872628726287263,0.0
64,0,2,0,18,1,1,4,0.32150313152400845,0.7425474254742547,0.0
5,0,2,0,18,4,5,2,0.9394572025052192,0.5474254742547425,0.0
13,0,2,2,21,1,5,4,0.9519832985386223,0.05962059620596205,0.0
13,1,0,2,8,2,2,0,0.9519832985386223,0.33062330623306235,0.0
103,1,0,1,14,4,5,5,0.9791231732776617,0.21138211382113822,0.0
55,1,0,0,13,4,5,0,0.8517745302713988,0.13550135501355012,1.0
5,1,2,0,10,3,5,4,0.9394572025052192,0.46070460704607047,0.0
15,0,2,0,17,3,5,0,0.5699373695198331,0.0921409214092141,0.0
115,0,2,2,16,1,3,0,0.5699373695198331,0.2764227642276423,0.0
64,0,1,0,11,1,5,0,0.32150313152400845,1.0,1.0
4,0,2,0,18,3,5,0,0.6972860125260962,0.23306233062330622,0.0
5,0,2,0,21,0,0,3,0.9394572025052192,1.0,0.0
66,1,0,0,15,3,5,0,0.47599164926931103,0.12466124661246611,0.0
5,1,2,0,21,4,5,4,0.9394572025052192,0.2818428184281843,1.0
31,0,2,2,21,4,5,5,0.7640918580375784,0.0975609756097561,0.0
49,1,0,0,17,4,5,0,0.9394572025052192,0.3739837398373984,0.0
64,1,2,0,11,1,2,0,0.32150313152400845,0.0975609756097561,1.0
5,1,0,0,16,4,5,5,0.9394572025052192,0.2818428184281843,1.0
5,0,2,0,5,2,5,2,0.9394572025052192,0.016260162601626015,0.0
64,0,2,2,21,6,5,0,0.32150313152400845,1.0,0.0
30,0,2,2,21,4,5,4,0.8914405010438415,0.15176151761517614,0.0
5,0,2,1,15,4,5,0,0.9394572025052192,0.12466124661246611,1.0
48,0,2,2,7,3,5,1,0.9185803757828812,0.23306233062330622,0.0
49,0,2,0,17,4,5,4,0.9394572025052192,0.07588075880758807,0.0
43,0,2,0,4,0,0,0,0.47599164926931103,0.14634146341463414,0.0
94,1,2,1,0,4,5,5,0.6931106471816286,0.2710027100271003,0.0
64,0,2,0,15,4,5,0,0.32150313152400845,0.03252032520325203,1.0
95,1,0,0,13,4,5,0,0.8037578288100209,0.06504065040650406,1.0
85,0,2,2,21,4,5,5,0.8893528183716073,0.1084010840108401,0.0
5,0,2,0,21,4,2,2,0.9394572025052192,0.23848238482384823,0.0
95,0,0,0,14,5,5,3,0.8037578288100209,0.8184281842818428,0.0
30,0,2,2,17,4,5,5,0.8914405010438415,0.14092140921409213,1.0
48,0,2,0,21,4,5,1,0.9185803757828812,0.0921409214092141,0.0
5,1,2,0,21,2,5,0,0.9394572025052192,0.6666666666666666,0.0
4,0,2,2,4,3,4,0,0.6972860125260962,0.8943089430894309,0.0
49,1,0,1,2,4,5,3,0.9394572025052192,0.037940379403794036,0.0
5,0,2,0,15,0,5,3,0.9394572025052192,0.8401084010840109,1.0
11,0,2,0,0,4,5,0,0.16701461377870586,0.6233062330623306,1.0
13,0,1,2,21,2,5,2,0.9519832985386223,0.0,0.0
64,1,0,1,15,4,1,0,0.32150313152400845,1.0,1.0
5,0,2,2,9,3,5,1,0.9394572025052192,0.6233062330623306,0.0
95,0,2,0,13,1,5,0,0.8037578288100209,0.10298102981029811,0.0
5,0,2,2,21,4,5,4,0.9394572025052192,0.5474254742547425,1.0
101,0,2,0,15,5,2,0,0.5929018789144052,0.03252032520325203,0.0
5,0,2,0,5,1,5,3,0.9394572025052192,0.06504065040650406,0.0
26,1,2,2,17,7,5,0,0.7453027139874742,0.23306233062330622,0.0
117,1,2,0,1,3,5,0,0.4613778705636744,0.16802168021680217,0.0
55,0,2,1,16,3,5,0,0.8517745302713988,0.7750677506775068,0.0
50,0,1,0,2,1,5,2,0.6200417536534448,0.1897018970189702,1.0
64,1,0,1,17,4,5,5,0.32150313152400845,0.4715447154471545,1.0
93,1,2,0,21,4,5,0,0.40918580375782887,0.34146341463414637,1.0
5,0,2,2,21,4,5,4,0.9394572025052192,0.4932249322493225,0.0
69,1,0,1,13,4,5,5,0.7891440501043843,0.11382113821138211,0.0
13,1,2,1,20,4,5,0,0.9519832985386223,0.010840108401084009,0.0
64,1,2,0,11,4,5,5,0.32150313152400845,0.12466124661246611,1.0
5,1,2,0,5,1,1,0,0.9394572025052192,0.08672086720867209,0.0
31,1,0,1,16,4,5,5,0.7640918580375784,0.5799457994579945,0.0
121,0,2,0,2,4,5,1,1.0,0.07588075880758807,1.0
24,1,0,0,20,4,5,0,0.11899791231732793,0.05962059620596205,1.0
64,0,2,0,11,4,5,1,0.32150313152400845,0.22764227642276422,1.0
48,0,2,0,0,0,5,0,0.9185803757828812,0.037940379403794036,0.0
48,0,2,2,1,3,5,4,0.9185803757828812,0.24932249322493225,0.0
63,0,2,2,14,1,4,1,0.6805845511482254,0.03252032520325203,0.0
5,1,2,0,20,2,5,4,0.9394572025052192,0.6991869918699186,0.0
10,1,0,0,13,4,5,0,0.48225469728601245,0.24390243902439024,1.0
64,0,2,0,0,3,5,0,0.32150313152400845,0.2005420054200542,0.0
5,1,2,2,11,4,5,1,0.9394572025052192,0.17344173441734417,0.0
24,1,2,0,11,4,5,0,0.11899791231732793,0.7967479674796748,1.0
26,0,2,2,15,1,5,0,0.7453027139874742,0.3685636856368564,0.0
49,0,2,3,21,4,1,4,0.9394572025052192,0.07588075880758807,0.0
13,0,2,1,17,7,5,3,0.9519832985386223,0.0975609756097561,0.0
120,1,0,1,21,4,5,0,0.9498956158663885,0.24932249322493225,0.0
13,0,2,0,9,4,5,5,0.9519832985386223,0.5149051490514904,0.0
64,0,0,0,14,4,5,0,0.32150313152400845,0.1084010840108401,1.0
13,0,2,1,16,5,5,5,0.9519832985386223,0.11924119241192412,0.0
6,0,0,0,18,7,0,0,0.9478079331941547,0.41734417344173447,0.0
94,0,0,0,13,2,5,0,0.6931106471816286,0.4932249322493225,0.0
64,0,2,2,21,3,4,4,0.32150313152400845,0.10298102981029811,0.0
5,0,2,2,12,3,5,4,0.9394572025052192,0.40650406504065045,0.0
5,0,1,0,17,3,4,1,0.9394572025052192,0.15718157181571815,0.0
13,1,2,2,14,0,5,1,0.9519832985386223,0.2818428184281843,0.0
48,0,2,0,13,4,5,1,0.9185803757828812,0.48780487804878053,0.0
13,0,2,0,13,5,5,0,0.9519832985386223,0.33062330623306235,0.0
13,1,2,2,21,4,5,3,0.9519832985386223,0.23306233062330622,0.0
5,1,0,0,1,4,4,4,0.9394572025052192,0.6016260162601625,1.0
13,0,2,0,2,1,5,1,0.9519832985386223,0.037940379403794036,0.0
97,1,0,0,11,4,5,5,0.3695198329853864,0.15718157181571815,1.0
49,0,2,0,0,7,0,0,0.9394572025052192,0.04878048780487805,0.0
30,0,1,2,17,7,5,0,0.8914405010438415,1.0,0.0
5,0,2,3,7,1,1,0,0.9394572025052192,0.6070460704607046,0.0
5,0,2,4,21,3,5,0,0.9394572025052192,0.5474254742547425,0.0
48,0,2,2,17,7,5,1,0.9185803757828812,0.6937669376693767,0.0
13,0,2,2,8,1,5,1,0.9519832985386223,0.40650406504065045,0.0
74,0,2,0,1,1,5,0,0.8830897703549061,0.6829268292682926,0.0
30,1,0,0,15,4,5,5,0.8914405010438415,0.24932249322493225,0.0
5,0,2,0,15,4,5,0,0.9394572025052192,0.14634146341463414,0.0
53,0,2,0,17,0,5,4,0.9415448851774533,1.0,0.0
30,1,2,0,14,4,5,0,0.8914405010438415,0.11382113821138211,0.0
64,0,2,0,13,0,5,0,0.32150313152400845,0.3523035230352304,1.0
42,0,2,2,1,4,5,3,0.47599164926931103,0.22764227642276422,0.0
5,0,2,0,21,1,5,4,0.9394572025052192,0.8130081300813008,0.0
48,1,2,2,13,4,1,0,0.9185803757828812,0.15176151761517614,0.0
22,1,2,0,0,1,5,0,0.018789144050104567,0.5907859078590786,1.0
118,0,2,2,9,3,5,2,0.8246346555323592,0.07046070460704607,0.0
64,0,2,0,1,2,5,2,0.32150313152400845,0.3089430894308943,0.0
2,0,1,0,17,7,5,0,0.8705636743215033,0.13008130081300812,0.0
30,0,2,2,21,2,5,4,0.8914405010438415,0.5257452574525745,0.0
48,1,2,0,21,3,5,4,0.9185803757828812,0.12466124661246611,0.0
103,1,2,0,21,7,5,4,0.9791231732776617,0.4444444444444445,0.0
41,0,0,0,17,4,5,0,0.457202505219207,0.3360433604336044,0.0
94,0,2,2,21,4,5,0,0.6931106471816286,0.9159891598915989,0.0
64,1,2,0,0,4,5,0,0.32150313152400845,0.13550135501355012,1.0
120,0,2,2,21,4,5,4,0.9498956158663885,0.5691056910569106,0.0
49,0,2,0,15,4,5,4,0.9394572025052192,0.4552845528455285,0.0
15,0,2,0,16,4,5,1,0.5699373695198331,0.9701897018970189,0.0
36,0,0,2,17,4,0,0,0.536534446764092,0.21138211382113822,1.0
101,1,0,0,16,4,5,5,0.5929018789144052,0.05420054200542005,1.0
64,1,0,0,11,4,5,0,0.32150313152400845,0.16260162601626016,1.0
5,0,2,0,3,4,5,2,0.9394572025052192,0.05962059620596205,1.0
78,0,1,0,5,4,5,0,0.7453027139874742,0.23306233062330622,0.0
5,0,1,0,14,4,5,0,0.9394572025052192,0.8780487804878049,1.0
112,0,2,2,19,3,5,4,0.9457202505219209,0.027100271002710022,1.0
49,0,2,0,14,4,5,3,0.9394572025052192,0.25474254742547425,0.0
5,0,2,2,21,4,5,4,0.9394572025052192,0.10298102981029811,0.0
112,1,0,0,14,4,5,0,0.9457202505219209,0.037940379403794036,1.0
5,0,2,3,8,4,5,0,0.9394572025052192,1.0,0.0
5,1,0,2,17,4,5,1,0.9394572025052192,0.3252032520325204,0.0
30,1,0,2,15,7,5,0,0.8914405010438415,0.7967479674796748,0.0
49,0,2,0,13,7,5,2,0.9394572025052192,0.29268292682926833,0.0
48,0,2,3,21,3,5,4,0.9185803757828812,0.2981029810298103,0.0
13,0,2,2,21,4,5,0,0.9519832985386223,0.08130081300813008,0.0
94,0,2,0,13,4,5,0,0.6931106471816286,0.14092140921409213,1.0
49,0,2,0,18,2,3,0,0.9394572025052192,0.04336043360433604,0.0
5,1,2,0,21,6,4,4,0.9394572025052192,0.027100271002710022,0.0
30,0,2,3,7,7,1,0,0.8914405010438415,0.02168021680216802,0.0
30,0,1,0,14,1,5,0,0.8914405010438415,0.20596205962059622,0.0
70,1,2,0,13,4,5,1,0.9791231732776617,0.5853658536585366,0.0
64,0,0,0,15,4,5,0,0.32150313152400845,0.5582655826558265,1.0
48,0,2,3,21,7,0,1,0.9185803757828812,0.13550135501355012,0.0
5,1,2,0,0,4,5,0,0.9394572025052192,0.11924119241192412,1.0
64,1,0,0,11,4,5,5,0.32150313152400845,0.5365853658536585,0.0
13,0,2,2,7,6,5,2,0.9519832985386223,0.8617886178861789,0.0
50,0,0,2,21,4,4,4,0.6200417536534448,0.15718157181571815,0.0
109,0,2,0,15,7,5,0,0.7870563674321502,0.35772357723577236,0.0
5,1,2,0,6,2,5,0,0.9394572025052192,0.08130081300813008,0.0
55,0,2,2,21,4,5,3,0.8517745302713988,0.6991869918699186,0.0
5,1,2,4,17,4,5,5,0.9394572025052192,0.14634146341463414,0.0
64,0,2,2,2,4,0,4,0.32150313152400845,0.24390243902439024,1.0
103,0,2,0,19,4,5,2,0.9791231732776617,0.24932249322493225,0.0
98,0,2,0,11,2,3,0,0.47599164926931103,0.7533875338753387,1.0
64,0,2,2,6,4,5,4,0.32150313152400845,1.0,1.0
64,0,2,0,15,3,5,0,0.32150313152400845,0.24390243902439024,1.0
101,0,1,1,11,1,5,0,0.5929018789144052,0.2005420054200542,0.0
13,0,2,1,19,3,5,1,0.9519832985386223,0.5691056910569106,0.0
4,0,2,2,4,4,1,0,0.6972860125260962,1.0,0.0
6,0,2,2,4,1,5,0,0.9478079331941547,0.3739837398373984,0.0
64,1,0,1,0,4,5,5,0.32150313152400845,0.08672086720867209,0.0
64,0,2,0,13,4,1,0,0.32150313152400845,0.04878048780487805,0.0
2,0,2,3,1,4,5,1,0.8705636743215033,0.4715447154471545,0.0
118,0,2,0,1,4,5,1,0.8246346555323592,0.7642276422764227,1.0
13,0,0,2,6,1,5,0,0.9519832985386223,1.0,0.0
5,0,2,0,21,4,5,4,0.9394572025052192,0.29268292682926833,0.0
6,0,2,2,0,1,5,0,0.9478079331941547,0.7750677506775068,1.0
5,0,2,0,18,2,3,0,0.9394572025052192,0.11382113821138211,0.0
4,0,2,0,21,7,5,3,0.6972860125260962,0.41734417344173447,0.0
2,1,0,1,14,4,5,0,0.8705636743215033,1.0,0.0
66,0,2,2,2,4,5,0,0.47599164926931103,0.07588075880758807,0.0
5,0,2,0,21,4,5,4,0.9394572025052192,0.41734417344173447,0.0
5,0,2,1,2,4,5,4,0.9394572025052192,1.0,1.0
97,0,2,1,15,4,5,1,0.3695198329853864,0.2005420054200542,0.0
5,0,2,0,21,5,1,2,0.9394572025052192,0.11382113821138211,1.0
30,0,2,2,18,4,5,0,0.8914405010438415,0.29268292682926833,0.0
16,0,0,0,0,7,0,0,0.47599164926931103,0.6016260162601625,0.0
116,0,2,0,13,4,5,5,0.47599164926931103,0.2764227642276423,0.0
5,0,2,0,21,6,5,0,0.9394572025052192,0.15718157181571815,0.0
48,0,2,0,21,3,5,4,0.9185803757828812,0.08130081300813008,0.0
13,0,1,1,18,1,5,0,0.9519832985386223,0.1084010840108401,0.0
48,1,2,1,1,4,5,5,0.9185803757828812,0.2764227642276423,0.0
55,0,2,0,1,1,5,4,0.8517745302713988,0.08672086720867209,0.0
95,0,2,2,15,1,5,0,0.8037578288100209,0.24390243902439024,0.0
93,1,2,0,20,3,5,0,0.40918580375782887,0.23848238482384823,0.0
95,0,2,0,3,5,5,0,0.8037578288100209,0.5149051490514904,0.0
85,1,1,1,15,7,0,5,0.8893528183716073,1.0,1.0
48,0,2,0,16,1,5,4,0.9185803757828812,0.3848238482384824,0.0
5,0,1,0,13,4,5,1,0.9394572025052192,0.03252032520325203,0.0
30,0,2,2,20,7,5,0,0.8914405010438415,0.6124661246612466,0.0
13,0,2,2,21,7,5,1,0.9519832985386223,0.17886178861788618,0.0
5,0,2,0,18,2,5,4,0.9394572025052192,0.17886178861788618,0.0
64,1,0,1,13,4,5,5,0.32150313152400845,0.33062330623306235,0.0
70,0,2,0,17,4,5,1,0.9791231732776617,0.7750677506775068,0.0
61,0,2,0,17,4,5,0,0.4425887265135702,0.20596205962059622,0.0
5,0,0,0,14,2,5,0,0.9394572025052192,0.06504065040650406,0.0
5,0,2,0,4,1,1,0,0.9394572025052192,0.0975609756097561,0.0
5,0,2,2,21,0,5,4,0.9394572025052192,0.5907859078590786,0.0
11,0,2,0,13,0,5,0,0.16701461377870586,0.02168021680216802,0.0
5,1,2,2,19,2,5,0,0.9394572025052192,0.05962059620596205,0.0
5,0,2,0,8,0,5,2,0.9394572025052192,0.05962059620596205,0.0
49,1,2,0,16,3,5,4,0.9394572025052192,0.13008130081300812,0.0
103,1,2,2,21,3,4,4,0.9791231732776617,0.06504065040650406,0.0
116,0,2,2,1,2,2,1,0.47599164926931103,0.15718157181571815,1.0
64,1,0,1,17,6,5,0,0.32150313152400845,0.8997289972899729,1.0
64,0,2,2,15,0,1,0,0.32150313152400845,0.30352303523035234,1.0
64,1,2,0,20,2,5,5,0.32150313152400845,0.8455284552845528,0.0
2,0,2,2,1,1,5,2,0.8705636743215033,0.03252032520325203,0.0
103,0,2,0,15,2,5,0,0.9791231732776617,0.0921409214092141,0.0
48,1,0,0,11,3,5,0,0.9185803757828812,0.25474254742547425,0.0
64,0,2,0,3,7,1,0,0.32150313152400845,0.24932249322493225,1.0
5,0,2,0,7,4,5,4,0.9394572025052192,0.14634146341463414,0.0
64,0,0,2,0,4,5,0,0.32150313152400845,0.037940379403794036,1.0
70,0,0,1,18,4,5,5,0.9791231732776617,0.9701897018970189,0.0
103,1,2,0,15,4,5,0,0.9791231732776617,0.5691056910569106,0.0
91,0,2,0,2,1,1,0,0.9248434237995826,0.08130081300813008,0.0
5,0,2,0,21,6,5,4,0.9394572025052192,0.07588075880758807,0.0
1,0,2,0,9,5,4,0,0.8872651356993737,0.10298102981029811,0.0
5,1,0,0,15,0,5,3,0.9394572025052192,0.25474254742547425,0.0
5,1,2,0,15,4,5,4,0.9394572025052192,1.0,0.0
64,0,2,2,18,4,5,4,0.32150313152400845,0.5474254742547425,1.0
49,0,0,0,13,6,5,0,0.9394572025052192,0.6124661246612466,0.0
70,0,2,0,7,1,5,4,0.9791231732776617,0.3360433604336044,0.0
95,0,1,0,16,3,5,2,0.8037578288100209,0.3089430894308943,0.0
64,0,2,2,15,4,5,1,0.32150313152400845,0.2764227642276423,0.0
122,0,2,2,21,4,5,2,0.9290187891440502,0.4823848238482385,1.0
99,0,2,2,8,4,5,0,0.8643006263048016,0.10298102981029811,0.0
83,0,2,0,5,4,1,0,0.6096033402922756,0.1084010840108401,0.0
99,0,1,2,11,4,5,0,0.8643006263048016,0.07588075880758807,0.0
4,1,0,0,18,5,5,4,0.6972860125260962,0.40650406504065045,0.0
15,1,0,0,13,4,5,5,0.5699373695198331,0.24932249322493225,1.0
95,0,2,0,5,4,5,1,0.8037578288100209,0.14092140921409213,0.0
61,0,2,2,12,4,5,0,0.4425887265135702,0.3252032520325204,1.0
101,1,0,1,14,4,5,3,0.5929018789144052,0.4281842818428185,1.0
5,0,2,0,7,3,5,1,0.9394572025052192,0.6504065040650406,0.0
13,1,2,2,21,4,5,4,0.9519832985386223,0.3631436314363144,0.0
64,1,2,0,14,0,5,0,0.32150313152400845,0.05420054200542005,1.0
5,0,2,2,21,4,5,4,0.9394572025052192,0.8672086720867208,1.0
95,0,2,2,21,4,5,4,0.8037578288100209,0.20596205962059622,1.0
39,0,2,0,18,7,0,5,0.1774530271398751,0.05962059620596205,0.0
5,0,2,0,5,0,5,1,0.9394572025052192,0.016260162601626015,0.0
64,0,2,0,16,2,5,2,0.32150313152400845,0.5203252032520325,0.0
70,0,0,1,18,4,5,4,0.9791231732776617,0.4552845528455285,0.0
104,0,2,0,2,7,5,4,0.47599164926931103,0.010840108401084009,0.0
13,0,2,0,21,7,5,4,0.9519832985386223,1.0,0.0
64,0,2,0,0,0,5,0,0.32150313152400845,0.24390243902439024,0.0
5,0,2,0,21,6,5,4,0.9394572025052192,0.16260162601626016,0.0
28,0,2,0,14,0,5,0,0.5678496868475993,1.0,0.0
29,1,0,1,13,4,5,0,0.47599164926931103,0.2710027100271003,0.0
6,0,2,0,21,3,5,1,0.9478079331941547,0.34146341463414637,0.0
5,0,2,0,16,4,5,4,0.9394572025052192,0.34146341463414637,1.0
47,0,2,1,13,7,5,0,0.778705636743215,0.07588075880758807,0.0
49,0,2,0,21,4,5,1,0.9394572025052192,0.5799457994579945,0.0
5,0,2,2,21,4,5,4,0.9394572025052192,0.4661246612466125,0.0
95,1,0,0,15,4,5,5,0.8037578288100209,0.8509485094850948,0.0
103,0,2,0,21,3,5,3,0.9791231732776617,0.5040650406504065,0.0
64,1,2,0,15,4,5,0,0.32150313152400845,0.2005420054200542,0.0
5,0,2,0,3,3,4,0,0.9394572025052192,0.7533875338753387,0.0
13,0,2,2,10,7,5,4,0.9519832985386223,0.03252032520325203,0.0
48,0,2,2,21,3,5,1,0.9185803757828812,0.4281842818428185,0.0
48,0,2,2,1,4,5,1,0.9185803757828812,0.12466124661246611,0.0
64,1,0,1,11,4,5,5,0.32150313152400845,0.3848238482384824,0.0
65,0,2,0,21,1,1,0,0.8956158663883091,0.14634146341463414,0.0
55,0,2,2,10,2,5,4,0.8517745302713988,0.2981029810298103,0.0
48,0,2,0,21,2,3,0,0.9185803757828812,0.981029810298103,0.0
95,0,2,2,21,1,5,1,0.8037578288100209,0.14634146341463414,0.0
43,0,0,2,3,4,5,0,0.47599164926931103,0.23306233062330622,0.0
44,0,0,0,19,4,5,1,0.1795407098121089,1.0,1.0
11,0,2,0,7,4,5,4,0.16701461377870586,0.2222222222222222,1.0
58,0,2,2,19,4,5,0,0.08768267223382065,0.3631436314363144,0.0
7,1,2,0,11,4,5,0,0.676409185803758,0.03252032520325203,1.0
48,0,2,0,18,4,1,0,0.9185803757828812,0.2710027100271003,0.0
64,0,2,2,13,1,1,0,0.32150313152400845,0.1897018970189702,0.0
5,0,2,0,21,4,5,4,0.9394572025052192,0.4444444444444445,0.0
103,0,2,0,19,4,5,4,0.9791231732776617,0.7967479674796748,0.0
101,0,2,0,21,3,5,1,0.5929018789144052,0.39566395663956644,0.0
5,0,2,0,11,4,5,0,0.9394572025052192,0.20596205962059622,1.0
6,0,2,0,18,5,5,4,0.9478079331941547,0.08672086720867209,0.0
95,1,0,2,0,5,5,5,0.8037578288100209,0.05420054200542005,0.0
13,0,2,2,5,1,5,4,0.9519832985386223,0.6287262872628726,0.0
85,1,0,2,1,4,5,3,0.8893528183716073,0.17886178861788618,1.0
13,1,0,1,15,4,5,1,0.9519832985386223,0.5962059620596206,0.0
47,0,1,0,21,7,5,0,0.778705636743215,0.037940379403794036,0.0
95,0,0,2,9,4,5,3,0.8037578288100209,0.5907859078590786,0.0
13,0,2,2,21,1,5,4,0.9519832985386223,0.11382113821138211,1.0
120,0,2,0,6,1,5,4,0.9498956158663885,0.30352303523035234,0.0
48,1,2,1,15,4,5,0,0.9185803757828812,0.2168021680216802,0.0
11,0,2,0,13,0,5,0,0.16701461377870586,0.5474254742547425,1.0
17,1,2,2,3,4,5,4,0.5260960334029228,0.5257452574525745,0.0
2,1,2,1,2,4,5,4,0.8705636743215033,0.15176151761517614,0.0
48,0,2,0,19,3,5,0,0.9185803757828812,0.16802168021680217,0.0
64,0,2,2,1,1,5,4,0.32150313152400845,0.3685636856368564,1.0
64,0,2,0,18,7,3,0,0.32150313152400845,0.6937669376693767,0.0
64,1,2,0,0,5,5,5,0.32150313152400845,0.24390243902439024,0.0
49,0,2,0,14,1,5,0,0.9394572025052192,0.30352303523035234,0.0
15,1,0,0,14,4,5,0,0.5699373695198331,0.6883468834688347,0.0
13,0,2,2,9,4,5,3,0.9519832985386223,0.1897018970189702,0.0
78,0,2,1,8,2,5,0,0.7453027139874742,0.26558265582655827,0.0
5,0,2,2,6,0,5,0,0.9394572025052192,0.43902439024390244,0.0
49,1,0,0,14,3,5,1,0.9394572025052192,0.3848238482384824,0.0
64,0,2,0,14,5,2,1,0.32150313152400845,0.08672086720867209,1.0
64,0,2,0,3,2,5,0,0.32150313152400845,0.26558265582655827,0.0
64,0,2,0,7,3,5,4,0.32150313152400845,0.05420054200542005,0.0
5,0,2,0,3,4,5,3,0.9394572025052192,0.2764227642276423,0.0
13,1,2,1,1,4,5,3,0.9519832985386223,0.6504065040650406,0.0
55,0,2,2,21,7,5,1,0.8517745302713988,0.016260162601626015,0.0
64,0,2,0,19,4,5,1,0.32150313152400845,0.5040650406504065,1.0
83,0,2,0,4,7,5,4,0.6096033402922756,0.0921409214092141,1.0
91,0,2,0,7,5,5,4,0.9248434237995826,0.06504065040650406,0.0
64,0,0,0,20,5,5,0,0.32150313152400845,0.11382113821138211,0.0
99,0,2,0,15,0,1,0,0.8643006263048016,0.4661246612466125,0.0
7,0,2,0,4,1,5,2,0.676409185803758,0.17886178861788618,0.0
101,0,1,1,16,4,5,0,0.5929018789144052,0.41192411924119243,0.0
88,0,0,0,14,5,4,5,0.5615866388308981,0.3685636856368564,0.0
66,0,2,0,16,4,5,1,0.47599164926931103,0.04336043360433604,0.0
95,0,0,0,16,2,5,1,0.8037578288100209,0.2168021680216802,0.0
5,0,2,2,21,3,5,4,0.9394572025052192,0.22764227642276422,1.0
64,0,0,0,15,5,1,1,0.32150313152400845,0.14092140921409213,1.0
49,0,0,1,13,3,5,0,0.9394572025052192,0.11924119241192412,0.0
5,0,2,0,18,1,4,1,0.9394572025052192,0.04336043360433604,0.0
5,0,2,0,9,1,1,0,0.9394572025052192,0.17886178861788618,0.0
5,1,0,0,13,4,5,0,0.9394572025052192,0.02168021680216802,1.0
11,0,2,0,11,0,5,0,0.16701461377870586,0.010840108401084009,1.0
5,1,0,2,17,4,4,0,0.9394572025052192,0.25474254742547425,0.0
5,0,2,0,20,5,4,0,0.9394572025052192,0.0921409214092141,1.0
47,0,1,0,2,7,0,1,0.778705636743215,0.4010840108401084,0.0
2,0,2,0,7,4,5,3,0.8705636743215033,0.5528455284552846,1.0
5,1,2,0,21,4,5,4,0.9394572025052192,0.17344173441734417,1.0
95,0,1,1,14,2,5,0,0.8037578288100209,0.11382113821138211,0.0
48,1,2,0,5,4,5,2,0.9185803757828812,0.2981029810298103,0.0
13,1,1,1,11,2,5,0,0.9519832985386223,0.20596205962059622,1.0
13,0,2,0,5,4,5,4,0.9519832985386223,0.3631436314363144,0.0
5,0,2,0,21,4,5,1,0.9394572025052192,0.6612466124661246,0.0
122,0,2,0,15,0,5,0,0.9290187891440502,0.11382113821138211,0.0
112,0,2,2,3,2,5,1,0.9457202505219209,0.0921409214092141,0.0
5,1,2,0,21,1,5,4,0.9394572025052192,0.0921409214092141,0.0
95,0,2,0,1,0,5,1,0.8037578288100209,1.0,0.0
48,1,2,1,16,6,5,0,0.9185803757828812,0.03252032520325203,0.0
48,0,2,1,1,7,5,4,0.9185803757828812,0.2818428184281843,1.0
97,0,2,2,19,4,5,0,0.3695198329853864,0.6991869918699186,0.0
48,0,2,1,2,3,5,4,0.9185803757828812,0.2222222222222222,0.0
2,1,0,0,14,4,5,5,0.8705636743215033,0.11382113821138211,0.0
95,1,0,1,11,4,5,5,0.8037578288100209,0.05962059620596205,0.0
72,0,2,0,21,4,5,0,0.7035490605427976,0.1951219512195122,0.0
101,0,2,1,6,4,5,0,0.5929018789144052,0.8184281842818428,1.0
7,0,2,0,2,3,5,1,0.676409185803758,0.08672086720867209,0.0
5,1,2,3,21,3,4,4,0.9394572025052192,0.05420054200542005,0.0
5,0,2,0,21,4,5,3,0.9394572025052192,1.0,0.0
5,0,1,0,7,1,2,0,0.9394572025052192,0.11382113821138211,0.0
5,1,2,4,17,4,5,5,0.9394572025052192,0.4715447154471545,0.0
5,0,2,0,1,1,5,0,0.9394572025052192,0.04878048780487805,0.0
5,0,2,0,21,1,5,4,0.9394572025052192,0.4823848238482385,0.0
39,0,2,0,16,4,5,4,0.1774530271398751,0.29268292682926833,1.0
7,0,2,0,16,4,5,0,0.676409185803758,0.10298102981029811,0.0
83,0,1,2,16,4,5,2,0.6096033402922756,0.2168021680216802,0.0
11,0,2,0,14,1,5,5,0.16701461377870586,0.3252032520325204,1.0
68,0,0,1,16,0,5,0,0.47599164926931103,0.41734417344173447,0.0
64,0,2,0,11,0,5,0,0.32150313152400845,0.1951219512195122,1.0
48,0,2,0,21,4,5,0,0.9185803757828812,0.3252032520325204,1.0
29,1,2,2,15,4,5,0,0.47599164926931103,0.24390243902439024,1.0
104,1,2,0,0,4,5,0,0.47599164926931103,0.3360433604336044,1.0
64,0,0,2,1,4,5,1,0.32150313152400845,0.3252032520325204,1.0
5,0,2,4,3,4,5,0,0.9394572025052192,0.3739837398373984,1.0
48,0,2,0,14,4,5,0,0.9185803757828812,0.5799457994579945,0.0
122,0,2,0,21,4,5,4,0.9290187891440502,0.6287262872628726,1.0
70,0,1,0,11,2,5,0,0.9791231732776617,0.1951219512195122,0.0
48,0,2,1,8,3,5,4,0.9185803757828812,0.11382113821138211,0.0
64,0,0,2,21,2,5,4,0.32150313152400845,0.016260162601626015,0.0
5,0,2,0,4,4,4,2,0.9394572025052192,0.3523035230352304,0.0
71,0,1,0,19,0,1,0,0.47599164926931103,0.23306233062330622,0.0
5,0,2,0,17,4,5,4,0.9394572025052192,0.7262872628726287,0.0
4,0,2,0,1,1,5,3,0.6972860125260962,1.0,0.0
49,0,2,2,21,1,5,1,0.9394572025052192,0.4932249322493225,0.0
38,0,2,0,21,4,5,4,0.7724425887265136,0.24932249322493225,0.0
29,1,1,0,19,4,5,1,0.47599164926931103,1.0,0.0
4,0,2,0,8,4,5,0,0.6972860125260962,0.2764227642276423,0.0
13,0,2,2,12,1,3,1,0.9519832985386223,0.016260162601626015,0.0
5,0,0,0,2,4,5,0,0.9394572025052192,0.29268292682926833,0.0
95,0,2,2,16,2,5,1,0.8037578288100209,0.027100271002710022,1.0
48,1,2,0,14,4,5,5,0.9185803757828812,0.34688346883468835,0.0
13,1,2,1,11,2,5,5,0.9519832985386223,0.1842818428184282,0.0
42,0,2,0,17,4,5,5,0.47599164926931103,0.5365853658536585,0.0
66,0,2,2,19,1,5,1,0.47599164926931103,0.25474254742547425,0.0
64,0,2,2,6,4,5,2,0.32150313152400845,0.41192411924119243,1.0
48,0,2,0,21,3,4,0,0.9185803757828812,0.10298102981029811,0.0
4,0,0,0,21,7,0,0,0.6972860125260962,0.20596205962059622,0.0
5,0,0,0,11,7,5,0,0.9394572025052192,0.17344173441734417,0.0
61,0,2,0,18,4,5,0,0.4425887265135702,0.1842818428184282,0.0
49,1,2,0,16,4,5,5,0.9394572025052192,0.17344173441734417,0.0
49,0,0,0,13,0,1,0,0.9394572025052192,0.8184281842818428,0.0
81,0,2,2,19,2,5,1,0.5323590814196242,0.0921409214092141,0.0
49,1,2,0,15,4,5,5,0.9394572025052192,0.43902439024390244,0.0
48,0,2,0,6,1,1,0,0.9185803757828812,0.08130081300813008,0.0
64,0,2,0,14,4,5,1,0.32150313152400845,0.8509485094850948,1.0
42,1,1,0,13,4,5,5,0.47599164926931103,0.2872628726287263,1.0
64,0,2,0,21,3,5,5,0.32150313152400845,0.39566395663956644,0.0
5,0,2,0,21,1,1,1,0.9394572025052192,0.027100271002710022,0.0
97,1,0,0,6,4,5,1,0.3695198329853864,0.11924119241192412,1.0
102,0,2,0,16,7,3,1,0.2275574112734864,0.4552845528455285,1.0
48,0,2,0,6,2,5,4,0.9185803757828812,0.12466124661246611,0.0
64,1,1,0,11,4,5,5,0.32150313152400845,0.41192411924119243,1.0
5,1,0,1,18,4,5,0,0.9394572025052192,0.010840108401084009,1.0
11,0,1,0,17,4,5,1,0.16701461377870586,1.0,0.0
49,0,2,0,15,0,5,2,0.9394572025052192,0.17886178861788618,0.0
120,0,2,0,21,7,5,4,0.9498956158663885,0.8672086720867208,0.0
64,0,2,2,11,1,5,1,0.32150313152400845,0.8021680216802167,0.0
5,0,2,0,12,4,5,1,0.9394572025052192,0.027100271002710022,0.0
30,0,2,2,1,1,1,0,0.8914405010438415,0.3685636856368564,0.0
13,0,2,1,7,7,5,5,0.9519832985386223,0.3523035230352304,0.0
48,0,2,2,21,6,5,3,0.9185803757828812,0.2710027100271003,0.0
64,0,2,2,18,5,5,2,0.32150313152400845,0.5799457994579945,0.0
44,0,1,2,11,3,5,0,0.1795407098121089,0.3685636856368564,1.0
46,0,2,0,15,1,5,4,0.6179540709812108,0.0975609756097561,1.0
5,0,2,2,21,2,5,0,0.9394572025052192,0.14634146341463414,0.0
5,0,2,0,5,1,5,0,0.9394572025052192,0.05420054200542005,0.0
48,0,2,0,18,6,5,4,0.9185803757828812,0.12466124661246611,0.0
5,0,2,0,17,1,5,1,0.9394572025052192,0.11382113821138211,0.0
11,1,0,0,14,0,5,0,0.16701461377870586,0.8401084010840109,1.0
74,0,2,2,5,1,5,0,0.8830897703549061,0.17886178861788618,0.0
64,1,2,0,11,4,5,0,0.32150313152400845,0.07588075880758807,1.0
75,1,2,0,15,4,5,0,0.676409185803758,0.6070460704607046,0.0
48,1,1,0,0,4,5,0,0.9185803757828812,0.4823848238482385,1.0
5,0,2,3,21,2,4,4,0.9394572025052192,0.33062330623306235,0.0
99,0,1,0,2,0,0,0,0.8643006263048016,0.7425474254742547,0.0
2,1,0,2,17,7,4,1,0.8705636743215033,0.34146341463414637,0.0
89,0,2,3,21,4,5,1,0.826722338204593,0.5799457994579945,0.0
64,0,2,2,21,4,5,3,0.32150313152400845,0.05420054200542005,0.0
64,0,0,2,14,2,5,0,0.32150313152400845,1.0,1.0
64,0,2,0,19,3,5,1,0.32150313152400845,0.2872628726287263,0.0
64,0,2,2,15,4,5,0,0.32150313152400845,0.05420054200542005,1.0
78,0,2,0,2,6,5,0,0.7453027139874742,0.4444444444444445,0.0
49,1,0,0,0,3,5,0,0.9394572025052192,0.05962059620596205,1.0
64,0,2,0,17,3,5,0,0.32150313152400845,0.8617886178861789,1.0
95,0,1,0,16,2,5,5,0.8037578288100209,0.20596205962059622,0.0
5,1,0,2,19,4,5,4,0.9394572025052192,0.1897018970189702,1.0
64,0,0,0,21,6,5,0,0.32150313152400845,1.0,1.0
49,0,0,1,15,1,1,0,0.9394572025052192,0.027100271002710022,0.0
48,1,2,0,21,4,5,4,0.9185803757828812,0.11924119241192412,0.0
5,1,2,4,1,4,5,5,0.9394572025052192,0.2818428184281843,0.0
39,1,0,0,21,0,5,3,0.1774530271398751,0.4444444444444445,1.0
78,0,2,0,19,1,4,1,0.7453027139874742,0.027100271002710022,0.0
48,1,2,1,14,0,5,0,0.9185803757828812,0.06504065040650406,0.0
103,1,2,0,20,4,5,5,0.9791231732776617,0.07046070460704607,0.0
102,0,2,0,2,4,5,0,0.2275574112734864,0.17886178861788618,1.0
5,0,2,0,21,0,5,5,0.9394572025052192,0.20596205962059622,0.0
5,0,2,0,21,1,5,4,0.9394572025052192,0.17344173441734417,0.0
103,0,2,0,8,7,5,1,0.9791231732776617,0.26558265582655827,0.0
48,1,0,0,11,4,5,0,0.9185803757828812,0.2222222222222222,1.0
5,0,2,0,21,1,5,0,0.9394572025052192,0.05962059620596205,0.0
5,1,2,2,17,2,5,1,0.9394572025052192,0.11382113821138211,0.0
64,0,0,2,0,1,5,5,0.32150313152400845,0.14092140921409213,1.0
5,0,2,2,20,7,1,0,0.9394572025052192,0.4661246612466125,0.0
5,0,2,0,19,1,5,0,0.9394572025052192,0.8997289972899729,0.0
116,0,2,2,5,2,4,0,0.47599164926931103,0.016260162601626015,0.0
48,0,2,2,21,4,5,3,0.9185803757828812,0.3848238482384824,0.0
64,0,2,0,13,5,1,0,0.32150313152400845,0.10298102981029811,0.0
85,1,2,0,21,4,5,5,0.8893528183716073,0.04878048780487805,0.0
48,0,2,0,21,1,5,4,0.9185803757828812,0.14634146341463414,0.0
13,0,2,1,18,4,5,4,0.9519832985386223,0.2168021680216802,0.0
50,1,0,0,13,1,5,5,0.6200417536534448,0.016260162601626015,0.0
64,0,2,0,17,5,5,1,0.32150313152400845,0.29268292682926833,1.0
64,0,2,0,17,3,5,0,0.32150313152400845,0.12466124661246611,1.0
74,0,2,0,21,2,5,0,0.8830897703549061,0.16802168021680217,0.0
5,0,0,1,16,3,4,0,0.9394572025052192,0.41734417344173447,0.0
4,1,2,0,9,1,5,4,0.6972860125260962,0.3848238482384824,0.0
5,1,2,0,0,4,5,5,0.9394572025052192,0.04878048780487805,0.0
30,0,2,2,21,4,5,0,0.8914405010438415,0.5094850948509485,0.0
49,1,2,0,10,4,5,3,0.9394572025052192,0.1084010840108401,1.0
64,1,0,1,0,7,5,0,0.32150313152400845,0.34146341463414637,0.0
41,1,2,0,14,1,4,0,0.457202505219207,0.08130081300813008,0.0
3,0,0,0,0,7,0,5,0.1837160751565763,1.0,0.0
48,0,2,0,21,5,5,1,0.9185803757828812,0.15718157181571815,0.0
49,0,2,0,15,1,5,0,0.9394572025052192,0.06504065040650406,0.0
5,0,2,2,21,4,5,0,0.9394572025052192,0.11382113821138211,1.0
78,0,1,0,15,1,2,0,0.7453027139874742,0.5040650406504065,0.0
5,0,2,2,8,4,5,4,0.9394572025052192,0.34688346883468835,1.0
48,0,2,2,21,7,5,4,0.9185803757828812,0.11924119241192412,0.0
5,1,2,0,5,4,1,0,0.9394572025052192,0.12466124661246611,0.0
64,1,0,1,13,4,5,5,0.32150313152400845,0.3089430894308943,0.0
5,0,2,0,2,4,5,0,0.9394572025052192,0.8075880758807588,1.0
122,0,1,0,21,1,4,1,0.9290187891440502,0.5636856368563685,0.0
6,0,2,2,1,4,5,0,0.9478079331941547,0.24932249322493225,1.0
95,1,2,2,21,0,1,4,0.8037578288100209,0.41734417344173447,0.0
121,0,2,2,21,2,5,4,1.0,0.5636856368563685,0.0
64,0,2,2,15,1,5,0,0.32150313152400845,0.7859078590785907,1.0
70,0,2,2,14,7,5,0,0.9791231732776617,0.2005420054200542,0.0
89,1,2,0,4,4,2,1,0.826722338204593,0.34688346883468835,0.0
5,0,2,0,14,2,4,0,0.9394572025052192,0.1084010840108401,0.0
5,0,2,0,1,2,5,1,0.9394572025052192,0.11924119241192412,0.0
112,0,2,0,15,0,5,3,0.9457202505219209,1.0,0.0
5,0,1,0,17,4,5,4,0.9394572025052192,0.2872628726287263,0.0
41,0,2,0,1,7,5,5,0.457202505219207,0.17886178861788618,0.0
64,0,2,0,13,1,5,0,0.32150313152400845,0.41192411924119243,1.0
64,0,2,2,13,2,2,0,0.32150313152400845,0.027100271002710022,1.0
61,1,0,0,11,4,5,1,0.4425887265135702,0.037940379403794036,1.0
5,1,2,0,17,4,1,0,0.9394572025052192,0.8997289972899729,0.0
64,0,2,0,14,3,2,0,0.32150313152400845,0.3902439024390244,0.0
48,0,2,0,11,5,1,5,0.9185803757828812,0.14634146341463414,0.0
15,0,2,2,21,3,5,2,0.5699373695198331,0.8455284552845528,0.0
5,0,2,0,21,2,5,4,0.9394572025052192,0.6233062330623306,0.0
48,0,2,0,17,1,5,0,0.9185803757828812,0.41192411924119243,0.0
2,1,0,1,16,4,5,5,0.8705636743215033,0.0921409214092141,0.0
5,1,0,0,19,2,5,4,0.9394572025052192,0.5474254742547425,0.0
70,0,1,0,1,0,5,3,0.9791231732776617,0.4552845528455285,0.0
7,0,1,0,15,2,5,0,0.676409185803758,0.34688346883468835,0.0
64,1,2,2,20,3,5,0,0.32150313152400845,0.0921409214092141,0.0
5,0,2,0,18,3,3,1,0.9394572025052192,1.0,0.0
13,0,2,2,13,4,5,0,0.9519832985386223,0.016260162601626015,0.0
13,0,2,1,8,1,5,1,0.9519832985386223,0.14634146341463414,0.0
5,1,0,1,13,4,5,0,0.9394572025052192,0.08130081300813008,1.0
30,0,2,2,16,1,4,1,0.8914405010438415,0.17886178861788618,1.0
42,1,2,0,7,4,5,3,0.47599164926931103,0.5474254742547425,0.0
49,0,2,0,4,4,5,2,0.9394572025052192,0.1897018970189702,0.0
63,0,2,2,16,2,5,0,0.6805845511482254,0.1842818428184282,0.0
74,0,0,0,20,5,5,0,0.8830897703549061,0.26558265582655827,0.0
30,0,2,2,6,3,5,3,0.8914405010438415,0.5149051490514904,0.0
112,0,2,0,14,4,1,0,0.9457202505219209,0.08672086720867209,1.0
91,0,2,0,16,3,5,0,0.9248434237995826,0.9159891598915989,0.0
30,0,2,2,15,3,5,0,0.8914405010438415,0.5365853658536585,1.0
5,0,2,0,21,7,5,4,0.9394572025052192,0.2222222222222222,0.0
5,0,2,0,1,2,4,4,0.9394572025052192,0.12466124661246611,0.0
64,0,0,0,14,1,5,0,0.32150313152400845,0.010840108401084009,0.0
95,0,2,0,1,1,5,0,0.8037578288100209,0.30352303523035234,0.0
64,0,2,2,20,7,1,1,0.32150313152400845,0.8184281842818428,0.0
5,0,2,2,7,3,5,4,0.9394572025052192,0.26558265582655827,0.0
103,0,2,0,21,6,5,4,0.9791231732776617,0.35772357723577236,0.0
65,0,0,1,11,0,5,5,0.8956158663883091,0.13008130081300812,0.0
102,0,2,1,20,4,5,5,0.2275574112734864,0.8617886178861789,1.0
5,0,2,0,11,1,5,1,0.9394572025052192,0.23848238482384823,0.0
5,0,2,0,21,3,5,1,0.9394572025052192,0.17886178861788618,0.0
48,0,2,2,15,4,4,0,0.9185803757828812,0.30352303523035234,0.0
5,1,0,0,3,4,5,5,0.9394572025052192,0.4932249322493225,0.0
5,1,0,1,15,3,5,0,0.9394572025052192,0.29268292682926833,0.0
11,0,2,0,19,4,5,4,0.16701461377870586,0.41192411924119243,0.0
78,0,2,2,12,1,5,4,0.7453027139874742,0.04336043360433604,0.0
5,0,2,2,13,5,5,0,0.9394572025052192,0.26558265582655827,0.0
5,0,2,0,21,5,5,2,0.9394572025052192,0.5365853658536585,0.0
13,0,2,0,21,4,5,0,0.9519832985386223,1.0,0.0
2,0,2,1,3,4,5,3,0.8705636743215033,0.6883468834688347,1.0
35,0,2,2,14,4,5,0,0.6116910229645096,0.5907859078590786,0.0
64,0,2,0,16,1,5,0,0.32150313152400845,0.6233062330623306,0.0
15,0,2,1,7,4,5,1,0.5699373695198331,0.8401084010840109,0.0
6,0,2,2,21,4,5,4,0.9478079331941547,0.05420054200542005,0.0
70,1,2,3,16,4,4,0,0.9791231732776617,0.06504065040650406,0.0
95,0,1,1,7,0,5,0,0.8037578288100209,0.981029810298103,0.0
121,0,2,0,21,4,5,4,1.0,0.1951219512195122,0.0
103,0,2,3,21,5,5,0,0.9791231732776617,0.04878048780487805,0.0
103,0,2,0,5,2,5,0,0.9791231732776617,0.17886178861788618,0.0
64,0,2,0,16,3,5,1,0.32150313152400845,0.16802168021680217,0.0
13,1,0,0,18,4,5,0,0.9519832985386223,0.42276422764227645,0.0
5,0,2,0,18,3,4,5,0.9394572025052192,0.1897018970189702,0.0
30,1,2,2,1,4,5,1,0.8914405010438415,0.5203252032520325,0.0
13,0,2,1,17,0,5,4,0.9519832985386223,0.5149051490514904,0.0
5,0,2,0,3,2,5,4,0.9394572025052192,0.4281842818428185,0.0
13,0,2,2,7,4,5,1,0.9519832985386223,0.06504065040650406,0.0
5,1,0,0,15,4,5,0,0.9394572025052192,0.6395663956639566,0.0
13,0,2,0,21,1,5,4,0.9519832985386223,0.0975609756097561,0.0
13,1,2,2,21,4,5,4,0.9519832985386223,0.05420054200542005,0.0
64,0,2,2,1,1,5,3,0.32150313152400845,0.016260162601626015,0.0
78,0,2,2,21,0,0,3,0.7453027139874742,1.0,0.0
5,0,2,2,18,4,5,0,0.9394572025052192,0.08130081300813008,0.0
2,1,0,0,14,4,5,0,0.8705636743215033,0.10298102981029811,0.0
30,0,2,2,3,0,5,2,0.8914405010438415,0.29268292682926833,0.0
95,1,2,0,19,0,1,1,0.8037578288100209,0.5040650406504065,0.0
5,0,2,0,18,1,5,2,0.9394572025052192,0.3848238482384824,0.0
7,0,2,1,17,4,5,1,0.676409185803758,0.13008130081300812,0.0
64,0,2,0,1,7,5,0,0.32150313152400845,0.2168021680216802,1.0
13,1,2,0,20,4,5,0,0.9519832985386223,0.2601626016260163,0.0
2,0,2,0,21,5,5,4,0.8705636743215033,0.5149051490514904,0.0
13,0,2,3,21,3,5,3,0.9519832985386223,0.13008130081300812,1.0
5,0,2,0,16,3,5,2,0.9394572025052192,0.9159891598915989,0.0
49,1,0,0,2,4,5,0,0.9394572025052192,0.25474254742547425,1.0
48,0,1,1,14,2,5,0,0.9185803757828812,0.8617886178861789,0.0
64,1,0,2,11,4,5,5,0.32150313152400845,0.7208672086720866,0.0
5,0,2,2,21,4,5,4,0.9394572025052192,0.7262872628726287,0.0
2,1,2,0,11,4,5,0,0.8705636743215033,0.12466124661246611,0.0
89,0,0,0,18,0,5,0,0.826722338204593,0.23306233062330622,0.0
64,1,0,2,11,4,5,0,0.32150313152400845,0.5582655826558265,1.0
64,1,0,0,11,4,5,5,0.32150313152400845,0.06504065040650406,0.0
49,1,2,2,2,2,4,0,0.9394572025052192,0.5257452574525745,0.0
36,0,2,0,19,4,5,1,0.536534446764092,0.29268292682926833,0.0
5,0,2,0,21,1,5,0,0.9394572025052192,1.0,0.0
64,0,0,0,13,4,5,5,0.32150313152400845,0.04878048780487805,0.0
48,0,2,0,18,2,5,4,0.9185803757828812,0.29268292682926833,0.0
13,0,2,1,6,4,5,4,0.9519832985386223,0.34146341463414637,0.0
5,0,2,0,11,3,5,0,0.9394572025052192,0.08130081300813008,0.0
70,1,1,0,14,4,5,0,0.9791231732776617,0.12466124661246611,0.0
85,0,2,0,19,4,5,4,0.8893528183716073,0.15176151761517614,1.0
64,0,2,2,6,4,0,2,0.32150313152400845,0.30352303523035234,0.0
13,1,2,0,21,4,5,5,0.9519832985386223,0.8726287262872628,0.0
5,0,2,4,21,1,5,4,0.9394572025052192,0.0975609756097561,1.0
13,0,2,0,17,3,5,0,0.9519832985386223,0.23306233062330622,0.0
49,0,2,0,14,4,1,0,0.9394572025052192,0.22764227642276422,0.0
13,1,0,0,17,4,5,1,0.9519832985386223,1.0,0.0
64,1,0,2,11,4,5,0,0.32150313152400845,0.29268292682926833,1.0
49,1,2,1,13,4,5,5,0.9394572025052192,0.17886178861788618,0.0
64,0,0,0,19,3,5,0,0.32150313152400845,0.5474254742547425,1.0
48,0,0,0,5,3,5,5,0.9185803757828812,0.04336043360433604,0.0
5,0,2,0,17,4,5,0,0.9394572025052192,0.34688346883468835,0.0
48,0,2,0,1,3,5,1,0.9185803757828812,0.05962059620596205,0.0
5,0,2,2,15,5,5,4,0.9394572025052192,0.24390243902439024,0.0
13,0,2,2,7,1,5,4,0.9519832985386223,0.1951219512195122,0.0
75,1,0,0,11,4,5,5,0.676409185803758,0.959349593495935,0.0
6,0,2,0,15,1,2,0,0.9478079331941547,0.6883468834688347,0.0
69,1,2,1,14,4,5,5,0.7891440501043843,0.08130081300813008,0.0
13,0,2,2,21,4,5,4,0.9519832985386223,0.17344173441734417,0.0
49,0,0,0,15,4,5,3,0.9394572025052192,0.2168021680216802,1.0
112,0,2,2,19,3,5,3,0.9457202505219209,0.9159891598915989,0.0
5,1,0,0,16,4,5,0,0.9394572025052192,0.1897018970189702,1.0
48,0,2,0,11,4,5,0,0.9185803757828812,0.2981029810298103,0.0
5,0,2,0,7,5,5,4,0.9394572025052192,0.4715447154471545,0.0
89,0,2,0,3,1,0,2,0.826722338204593,0.33062330623306235,0.0
5,1,2,0,16,4,5,0,0.9394572025052192,0.08672086720867209,1.0
48,0,2,0,21,3,5,4,0.9185803757828812,0.34146341463414637,0.0
48,1,2,0,21,4,1,0,0.9185803757828812,0.4769647696476965,0.0
5,1,2,1,14,4,5,5,0.9394572025052192,0.29268292682926833,0.0
61,1,0,0,13,6,5,5,0.4425887265135702,0.15176151761517614,0.0
15,0,1,0,18,4,5,0,0.5699373695198331,0.4715447154471545,0.0
22,1,2,1,20,4,5,5,0.018789144050104567,0.26558265582655827,0.0
13,0,2,0,1,1,5,1,0.9519832985386223,0.5311653116531165,0.0
64,1,0,0,3,4,5,5,0.32150313152400845,0.30352303523035234,1.0
13,0,2,2,1,5,5,1,0.9519832985386223,0.07588075880758807,0.0
117,1,0,1,13,4,5,0,0.4613778705636744,0.8130081300813008,1.0
74,1,0,0,1,4,5,5,0.8830897703549061,0.15176151761517614,0.0
5,0,2,0,21,4,5,4,0.9394572025052192,0.14634146341463414,0.0
7,1,2,0,3,1,5,1,0.676409185803758,0.23306233062330622,0.0
5,1,0,0,1,4,5,0,0.9394572025052192,0.4661246612466125,1.0
5,0,2,0,21,1,5,4,0.9394572025052192,0.29268292682926833,0.0
102,1,2,1,13,4,5,5,0.2275574112734864,1.0,0.0
69,0,2,0,1,7,5,0,0.7891440501043843,0.20596205962059622,0.0
37,1,0,0,11,4,5,5,0.5636743215031317,0.7588075880758808,1.0
58,0,2,0,4,4,5,0,0.08768267223382065,0.2710027100271003,1.0
64,0,0,0,10,4,5,0,0.32150313152400845,0.14634146341463414,1.0
120,0,2,4,16,4,5,4,0.9498956158663885,0.14634146341463414,0.0
95,0,0,1,7,3,5,4,0.8037578288100209,0.07046070460704607,0.0
74,1,2,0,21,1,5,2,0.8830897703549061,0.8943089430894309,0.0
109,1,2,0,12,3,5,5,0.7870563674321502,0.04336043360433604,0.0
95,0,2,2,3,4,5,4,0.8037578288100209,0.08130081300813008,0.0
95,0,2,0,5,4,5,4,0.8037578288100209,0.25474254742547425,0.0
6,0,0,0,15,4,5,0,0.9478079331941547,0.04336043360433604,0.0
122,0,2,0,18,4,1,0,0.9290187891440502,0.5474254742547425,0.0
13,0,0,1,15,4,4,1,0.9519832985386223,0.8780487804878049,0.0
64,0,2,2,14,1,0,1,0.32150313152400845,0.2764227642276423,1.0
13,0,2,0,14,4,5,0,0.9519832985386223,0.46070460704607047,0.0
30,0,2,2,15,3,5,0,0.8914405010438415,0.35772357723577236,0.0
50,0,0,0,13,7,1,1,0.6200417536534448,0.3794037940379404,1.0
5,1,2,0,2,1,5,1,0.9394572025052192,0.03252032520325203,0.0
94,0,2,0,15,4,5,1,0.6931106471816286,0.11382113821138211,0.0
64,0,2,0,14,4,5,1,0.32150313152400845,0.0975609756097561,0.0
99,0,2,2,14,4,5,0,0.8643006263048016,1.0,0.0
5,1,2,0,6,4,5,2,0.9394572025052192,0.23848238482384823,0.0
41,1,2,0,11,4,5,5,0.457202505219207,0.1084010840108401,0.0
2,1,0,1,19,4,5,5,0.8705636743215033,0.06504065040650406,0.0
31,0,2,0,5,4,5,1,0.7640918580375784,0.26558265582655827,0.0
5,0,2,0,6,4,5,4,0.9394572025052192,0.34688346883468835,1.0
5,0,2,0,21,4,5,4,0.9394572025052192,0.04336043360433604,0.0
5,0,2,0,21,6,5,1,0.9394572025052192,0.991869918699187,0.0
103,0,1,0,15,5,4,3,0.9791231732776617,0.11382113821138211,0.0
103,1,2,0,18,6,5,4,0.9791231732776617,0.2981029810298103,0.0
0,1,2,2,14,1,4,0,0.7870563674321502,0.17344173441734417,0.0
64,0,2,0,16,4,2,4,0.32150313152400845,0.027100271002710022,0.0
39,0,2,0,19,4,5,0,0.1774530271398751,0.12466124661246611,1.0
69,0,2,0,15,5,5,0,0.7891440501043843,0.2981029810298103,0.0
11,0,2,0,15,7,5,0,0.16701461377870586,0.5582655826558265,1.0
48,0,2,2,11,4,0,0,0.9185803757828812,0.9376693766937669,1.0
5,0,2,0,13,5,5,0,0.9394572025052192,0.8726287262872628,0.0
13,1,1,1,1,3,5,1,0.9519832985386223,0.2222222222222222,0.0
13,1,0,1,14,4,5,5,0.9519832985386223,0.31978319783197834,0.0
5,0,2,0,21,1,5,0,0.9394572025052192,0.14634146341463414,0.0
48,1,2,0,11,4,5,0,0.9185803757828812,0.5691056910569106,0.0
5,0,2,2,21,4,5,4,0.9394572025052192,0.13008130081300812,1.0
101,0,1,2,15,1,5,1,0.5929018789144052,0.037940379403794036,0.0
64,0,0,0,15,1,5,0,0.32150313152400845,0.2222222222222222,0.0
5,0,2,0,18,5,4,0,0.9394572025052192,0.15718157181571815,0.0
6,0,2,0,6,1,5,4,0.9478079331941547,0.08672086720867209,0.0
64,0,0,0,15,6,5,0,0.32150313152400845,0.39566395663956644,1.0
5,0,2,2,9,3,5,0,0.9394572025052192,0.04336043360433604,0.0
99,0,1,0,21,4,5,1,0.8643006263048016,0.027100271002710022,1.0
64,1,0,0,20,4,5,5,0.32150313152400845,0.10298102981029811,1.0
82,0,2,0,14,2,5,1,0.8768267223382047,0.2710027100271003,0.0
5,1,0,1,15,4,5,0,0.9394572025052192,0.14092140921409213,0.0
49,1,2,1,20,4,2,3,0.9394572025052192,0.21138211382113822,0.0
84,1,0,0,11,4,5,0,0.04801670146137793,0.17344173441734417,1.0
103,0,2,2,19,4,5,3,0.9791231732776617,1.0,1.0
5,1,2,1,13,4,5,1,0.9394572025052192,0.05962059620596205,0.0
101,0,2,0,3,4,1,3,0.5929018789144052,0.21138211382113822,0.0
48,0,2,0,7,4,5,0,0.9185803757828812,1.0,0.0
13,1,2,1,15,4,5,5,0.9519832985386223,0.5799457994579945,0.0
64,0,2,0,14,4,5,0,0.32150313152400845,0.016260162601626015,1.0
13,0,2,0,16,0,5,0,0.9519832985386223,0.2764227642276423,0.0
30,0,2,2,17,2,4,4,0.8914405010438415,0.15176151761517614,0.0
5,1,2,0,21,4,5,0,0.9394572025052192,0.04336043360433604,0.0
5,0,2,2,21,4,5,4,0.9394572025052192,0.21138211382113822,0.0
64,1,0,1,2,4,5,5,0.32150313152400845,0.26558265582655827,1.0
64,1,1,1,11,4,5,5,0.32150313152400845,0.5365853658536585,1.0
5,0,2,0,19,1,5,2,0.9394572025052192,0.0921409214092141,0.0
6,0,2,0,13,5,5,1,0.9478079331941547,0.010840108401084009,0.0
5,0,2,2,16,6,5,0,0.9394572025052192,0.08130081300813008,0.0
49,0,2,0,11,0,5,1,0.9394572025052192,0.48780487804878053,0.0
41,0,1,0,16,7,0,0,0.457202505219207,0.5691056910569106,0.0
116,0,0,2,9,4,5,4,0.47599164926931103,0.027100271002710022,0.0
65,0,2,2,4,1,1,2,0.8956158663883091,0.31436314363143636,0.0
11,0,2,0,14,4,5,0,0.16701461377870586,0.08130081300813008,0.0
13,1,0,2,19,4,4,1,0.9519832985386223,0.005420054200542005,0.0
5,0,2,2,21,4,5,0,0.9394572025052192,0.17886178861788618,0.0
64,0,2,2,17,1,5,0,0.32150313152400845,0.25474254742547425,0.0
70,0,2,2,5,2,5,1,0.9791231732776617,0.05962059620596205,0.0
41,0,2,0,3,0,5,3,0.457202505219207,0.5636856368563685,0.0
95,0,2,2,7,4,5,0,0.8037578288100209,0.2818428184281843,0.0
13,0,2,2,5,3,5,3,0.9519832985386223,0.21138211382113822,0.0
46,1,0,0,13,4,5,5,0.6179540709812108,0.981029810298103,1.0
95,0,0,3,1,2,4,2,0.8037578288100209,0.7588075880758808,0.0
5,0,2,0,14,3,5,1,0.9394572025052192,0.037940379403794036,0.0
5,0,1,0,8,4,5,3,0.9394572025052192,0.13550135501355012,0.0
48,0,2,0,1,1,5,1,0.9185803757828812,0.2005420054200542,0.0
21,0,2,0,14,0,5,0,0.5594989561586641,0.11924119241192412,0.0
82,0,2,0,21,1,5,1,0.8768267223382047,0.027100271002710022,1.0
5,0,2,2,21,6,2,4,0.9394572025052192,0.21138211382113822,0.0
90,0,1,0,21,6,4,0,0.6367432150313155,0.23306233062330622,0.0
106,1,0,0,0,4,5,5,0.2275574112734864,0.6341463414634146,0.0
64,0,0,2,17,7,0,1,0.32150313152400845,0.6395663956639566,0.0
51,0,2,0,21,0,5,0,0.9039665970772444,0.26558265582655827,0.0
31,0,2,0,19,0,5,0,0.7640918580375784,0.8943089430894309,1.0
6,0,2,1,17,4,5,4,0.9478079331941547,0.7859078590785907,0.0
64,1,2,2,5,0,5,5,0.32150313152400845,0.6016260162601625,1.0
101,0,1,0,18,4,5,2,0.5929018789144052,0.5907859078590786,1.0
93,0,2,2,21,1,1,0,0.40918580375782887,0.2222222222222222,0.0
64,0,2,0,21,4,1,0,0.32150313152400845,0.14092140921409213,0.0
64,0,2,0,13,1,5,1,0.32150313152400845,0.41734417344173447,1.0
64,0,0,0,14,7,5,0,0.32150313152400845,0.2601626016260163,1.0
31,0,2,0,2,2,5,0,0.7640918580375784,0.5149051490514904,0.0
49,1,0,0,13,4,5,5,0.9394572025052192,0.2872628726287263,1.0
5,0,2,0,21,2,5,0,0.9394572025052192,0.17886178861788618,0.0
48,0,2,0,21,4,5,0,0.9185803757828812,0.15176151761517614,0.0
48,0,2,0,21,4,5,4,0.9185803757828812,0.41734417344173447,0.0
5,1,2,0,15,4,5,1,0.9394572025052192,0.0975609756097561,1.0
22,0,1,3,21,4,5,4,0.018789144050104567,0.21138211382113822,0.0
96,0,2,0,3,4,5,5,0.8058455114822547,0.33062330623306235,0.0
13,0,1,0,19,4,5,4,0.9519832985386223,0.41192411924119243,0.0
13,0,2,2,2,4,5,1,0.9519832985386223,0.037940379403794036,0.0
64,0,2,2,9,2,5,0,0.32150313152400845,0.5745257452574526,0.0
4,1,2,0,11,4,5,1,0.6972860125260962,0.1951219512195122,1.0
49,0,2,0,16,4,4,1,0.9394572025052192,0.2222222222222222,0.0
64,0,2,0,14,3,5,1,0.32150313152400845,0.15176151761517614,1.0
45,1,0,0,11,4,5,0,0.6242171189979124,0.26558265582655827,0.0
64,0,0,0,11,4,5,5,0.32150313152400845,0.26558265582655827,1.0
49,0,2,0,13,2,5,0,0.9394572025052192,0.8184281842818428,0.0
48,0,2,2,6,4,5,0,0.9185803757828812,0.2981029810298103,0.0
11,0,1,0,13,1,5,0,0.16701461377870586,0.26558265582655827,1.0
74,0,1,0,16,7,5,0,0.8830897703549061,0.0975609756097561,0.0
64,0,2,0,16,3,5,0,0.32150313152400845,0.6124661246612466,0.0
95,0,2,2,16,3,5,0,0.8037578288100209,0.037940379403794036,0.0
5,0,1,0,11,3,5,0,0.9394572025052192,0.29268292682926833,0.0
5,1,0,0,15,4,5,0,0.9394572025052192,0.07588075880758807,0.0
13,1,0,1,11,4,5,0,0.9519832985386223,0.02168021680216802,0.0
49,1,0,1,11,1,5,0,0.9394572025052192,0.7642276422764227,0.0
47,1,0,0,15,4,5,5,0.778705636743215,0.06504065040650406,1.0
30,0,1,0,13,6,5,0,0.8914405010438415,0.16260162601626016,0.0
2,0,2,0,1,1,5,0,0.8705636743215033,0.6070460704607046,0.0
11,1,2,4,0,4,5,5,0.16701461377870586,0.25474254742547425,0.0
49,0,2,0,13,6,5,0,0.9394572025052192,1.0,0.0
5,0,0,0,7,1,1,0,0.9394572025052192,0.5420054200542005,0.0
49,0,2,2,14,4,5,0,0.9394572025052192,0.20596205962059622,1.0
4,0,2,2,7,4,5,1,0.6972860125260962,0.05962059620596205,1.0
93,1,2,0,8,5,5,1,0.40918580375782887,0.31978319783197834,0.0
5,0,2,0,5,3,5,1,0.9394572025052192,0.5040650406504065,0.0
117,0,2,0,20,4,5,0,0.4613778705636744,0.2764227642276423,1.0
41,0,0,2,8,4,2,4,0.457202505219207,0.5636856368563685,0.0
12,1,0,0,14,4,5,0,0.47599164926931103,0.04336043360433604,0.0
99,0,2,0,1,1,5,3,0.8643006263048016,1.0,0.0
70,0,2,0,5,1,5,4,0.9791231732776617,0.20596205962059622,0.0
93,0,1,0,11,1,5,1,0.40918580375782887,0.07046070460704607,1.0
13,0,2,0,21,3,5,4,0.9519832985386223,0.41734417344173447,0.0
49,0,2,0,16,3,5,5,0.9394572025052192,0.17886178861788618,0.0
5,0,2,0,13,4,5,4,0.9394572025052192,0.03252032520325203,0.0
5,0,0,1,15,4,5,0,0.9394572025052192,0.2872628726287263,0.0
13,0,2,3,21,4,5,4,0.9519832985386223,0.016260162601626015,0.0
28,1,2,0,21,3,2,4,0.5678496868475993,0.23306233062330622,0.0
13,0,2,0,3,1,5,0,0.9519832985386223,0.25474254742547425,0.0
36,0,2,0,21,4,5,4,0.536534446764092,0.5691056910569106,0.0
48,0,2,0,21,4,5,1,0.9185803757828812,0.005420054200542005,0.0
101,0,2,1,17,1,5,1,0.5929018789144052,0.25474254742547425,0.0
5,0,2,2,17,3,2,4,0.9394572025052192,1.0,0.0
48,0,2,1,19,4,5,4,0.9185803757828812,0.016260162601626015,0.0
121,0,2,0,6,7,5,0,1.0,0.6233062330623306,0.0
5,1,0,0,15,4,5,5,0.9394572025052192,0.016260162601626015,0.0
5,0,2,0,14,1,5,0,0.9394572025052192,0.08672086720867209,0.0
64,1,0,1,20,4,5,5,0.32150313152400845,0.07588075880758807,1.0
64,0,2,0,1,3,5,5,0.32150313152400845,0.34146341463414637,1.0
71,0,0,1,19,4,5,0,0.47599164926931103,0.5691056910569106,0.0
86,0,2,0,11,4,5,0,0.5636743215031317,0.5962059620596206,1.0
4,1,2,0,13,4,5,1,0.6972860125260962,0.3685636856368564,1.0
64,0,2,0,11,3,5,1,0.32150313152400845,0.14634146341463414,0.0
21,0,2,1,18,4,5,5,0.5594989561586641,0.14634146341463414,0.0
5,0,2,0,4,3,5,2,0.9394572025052192,0.4444444444444445,0.0
92,0,2,0,17,1,5,4,0.36534446764091877,0.0975609756097561,0.0
64,0,2,0,17,0,1,0,0.32150313152400845,0.8184281842818428,0.0
61,1,0,0,20,4,5,0,0.4425887265135702,0.1084010840108401,1.0
5,0,2,0,21,3,5,1,0.9394572025052192,0.34146341463414637,0.0
11,1,2,1,20,4,5,5,0.16701461377870586,0.15176151761517614,1.0
64,0,2,0,0,4,5,0,0.32150313152400845,0.15176151761517614,1.0
5,0,2,0,21,7,5,0,0.9394572025052192,0.5474254742547425,0.0
117,0,2,2,3,0,5,2,0.4613778705636744,0.1842818428184282,0.0
64,0,2,2,3,1,5,1,0.32150313152400845,0.33062330623306235,1.0
64,1,1,2,0,7,4,5,0.32150313152400845,0.2818428184281843,0.0
5,1,1,0,0,4,5,0,0.9394572025052192,0.6883468834688347,1.0
5,0,2,0,6,2,4,2,0.9394572025052192,0.4715447154471545,1.0
105,0,2,0,19,4,5,2,0.7515657620041754,0.7750677506775068,0.0
49,1,0,1,13,4,5,0,0.9394572025052192,0.2981029810298103,0.0
4,0,1,0,15,1,2,0,0.6972860125260962,1.0,0.0
65,0,2,0,8,2,5,1,0.8956158663883091,0.6991869918699186,0.0
13,1,1,0,20,3,5,1,0.9519832985386223,0.07046070460704607,0.0
48,1,2,1,0,4,5,5,0.9185803757828812,0.04336043360433604,0.0
48,0,2,0,16,5,5,0,0.9185803757828812,0.1084010840108401,0.0
49,0,2,0,21,4,5,4,0.9394572025052192,0.2222222222222222,0.0
6,0,2,1,2,4,5,0,0.9478079331941547,0.1897018970189702,0.0
99,0,2,0,14,3,5,0,0.8643006263048016,1.0,0.0
13,1,2,3,21,3,4,1,0.9519832985386223,0.2872628726287263,0.0
64,0,0,0,16,4,5,5,0.32150313152400845,0.08130081300813008,1.0
64,0,2,2,3,3,5,0,0.32150313152400845,0.991869918699187,1.0
5,1,1,2,19,3,5,5,0.9394572025052192,0.981029810298103,0.0
6,0,2,0,4,6,5,4,0.9478079331941547,0.16260162601626016,1.0
117,0,2,0,21,0,5,4,0.4613778705636744,0.23848238482384823,0.0
112,0,2,2,10,3,5,0,0.9457202505219209,0.1951219512195122,0.0
49,0,2,0,21,7,5,3,0.9394572025052192,0.4552845528455285,0.0
5,1,2,4,18,4,5,5,0.9394572025052192,0.5907859078590786,0.0
31,1,0,2,13,7,4,0,0.7640918580375784,0.14634146341463414,0.0
5,0,2,0,18,3,5,0,0.9394572025052192,0.1084010840108401,0.0
64,0,2,2,8,2,5,0,0.32150313152400845,0.7208672086720866,0.0
5,0,2,0,9,1,5,4,0.9394572025052192,0.7859078590785907,0.0
116,1,2,0,15,4,5,0,0.47599164926931103,0.31978319783197834,1.0
55,0,2,0,4,0,5,2,0.8517745302713988,0.037940379403794036,0.0
7,1,2,1,13,4,5,5,0.676409185803758,0.07046070460704607,0.0
49,0,2,0,18,3,5,1,0.9394572025052192,1.0,0.0
5,0,2,0,21,4,4,4,0.9394572025052192,0.16802168021680217,0.0
101,1,1,1,14,2,5,0,0.5929018789144052,1.0,1.0
5,0,2,0,21,4,5,4,0.9394572025052192,0.26558265582655827,0.0
5,1,2,2,18,4,5,3,0.9394572025052192,0.0975609756097561,1.0
49,0,2,0,16,5,5,0,0.9394572025052192,0.1084010840108401,0.0
48,1,2,0,13,4,5,5,0.9185803757828812,1.0,0.0
48,0,2,0,21,3,4,4,0.9185803757828812,0.5040650406504065,0.0
64,1,0,0,11,4,5,5,0.32150313152400845,0.5257452574525745,1.0
13,0,2,0,2,4,5,0,0.9519832985386223,0.5799457994579945,0.0
5,0,2,0,3,3,5,4,0.9394572025052192,0.7588075880758808,0.0
64,0,2,2,11,4,5,1,0.32150313152400845,0.22764227642276422,0.0
0,0,2,0,21,4,5,2,0.7870563674321502,0.8075880758807588,0.0
48,0,0,2,3,1,5,0,0.9185803757828812,0.23306233062330622,1.0
65,1,1,1,15,4,5,5,0.8956158663883091,0.8617886178861789,0.0
7,0,2,0,21,1,5,1,0.676409185803758,0.44986449864498645,0.0
2,0,0,0,5,4,5,0,0.8705636743215033,0.22764227642276422,1.0
103,0,2,0,21,4,5,0,0.9791231732776617,0.06504065040650406,0.0
64,0,0,0,13,4,5,2,0.32150313152400845,0.2710027100271003,0.0
5,0,2,0,8,1,5,4,0.9394572025052192,0.43360433604336046,0.0
21,1,0,0,14,4,5,0,0.5594989561586641,0.04336043360433604,1.0
116,0,2,0,6,4,5,1,0.47599164926931103,0.5474254742547425,1.0
5,1,2,0,15,3,5,2,0.9394572025052192,0.2981029810298103,1.0
64,0,0,2,13,4,5,1,0.32150313152400845,0.17886178861788618,0.0
122,1,0,1,1,3,5,0,0.9290187891440502,0.5203252032520325,0.0
94,0,0,0,16,4,5,0,0.6931106471816286,0.5365853658536585,0.0
5,0,2,2,21,4,5,4,0.9394572025052192,0.5420054200542005,0.0
5,1,2,0,6,4,5,4,0.9394572025052192,0.8401084010840109,0.0
30,0,2,3,2,3,5,5,0.8914405010438415,0.31436314363143636,0.0
95,0,0,0,16,2,5,2,0.8037578288100209,0.15718157181571815,0.0
64,0,2,0,15,4,5,0,0.32150313152400845,0.5853658536585366,1.0
5,0,2,2,21,4,5,4,0.9394572025052192,0.43902439024390244,1.0
5,0,2,4,1,7,5,0,0.9394572025052192,0.07046070460704607,0.0
5,0,2,0,17,7,5,4,0.9394572025052192,0.4823848238482385,0.0
13,0,2,0,6,7,5,0,0.9519832985386223,0.05962059620596205,0.0
5,1,2,2,21,3,5,0,0.9394572025052192,0.5528455284552846,0.0
5,1,0,1,19,4,5,5,0.9394572025052192,0.29268292682926833,1.0
15,0,2,2,9,2,5,4,0.5699373695198331,0.13008130081300812,0.0
13,0,2,0,21,2,5,1,0.9519832985386223,0.05962059620596205,0.0
46,0,2,2,5,1,5,0,0.6179540709812108,0.6016260162601625,0.0
36,0,0,0,14,1,4,0,0.536534446764092,0.16260162601626016,0.0
29,1,0,0,15,4,5,0,0.47599164926931103,0.7317073170731707,1.0
48,1,0,2,21,4,5,1,0.9185803757828812,0.04878048780487805,1.0
83,1,0,0,15,4,5,5,0.6096033402922756,0.027100271002710022,1.0
122,0,2,0,16,4,1,0,0.9290187891440502,0.05962059620596205,0.0
49,0,2,0,6,1,5,3,0.9394572025052192,1.0,0.0
81,0,2,0,18,4,5,0,0.5323590814196242,0.3252032520325204,0.0
5,0,2,0,21,1,2,4,0.9394572025052192,0.05420054200542005,0.0
90,0,1,0,1,2,5,4,0.6367432150313155,0.07046070460704607,1.0
64,0,2,0,16,7,5,1,0.32150313152400845,0.16802168021680217,1.0
64,0,2,0,19,0,0,0,0.32150313152400845,0.005420054200542005,1.0
5,0,2,0,18,4,5,0,0.9394572025052192,1.0,0.0
48,1,0,1,11,4,5,0,0.9185803757828812,0.02168021680216802,0.0
48,1,0,0,19,4,5,0,0.9185803757828812,0.11924119241192412,1.0
13,0,2,2,21,4,5,4,0.9519832985386223,0.24390243902439024,0.0
64,1,2,1,20,4,5,5,0.32150313152400845,0.1842818428184282,0.0
5,0,2,0,19,5,5,1,0.9394572025052192,0.6016260162601625,0.0
70,0,2,2,1,4,5,0,0.9791231732776617,0.005420054200542005,0.0
93,1,0,0,15,4,5,0,0.40918580375782887,0.0921409214092141,0.0
13,0,0,0,20,4,5,5,0.9519832985386223,0.6233062330623306,0.0
5,1,2,0,15,4,5,0,0.9394572025052192,0.4769647696476965,1.0
26,0,0,0,13,1,5,1,0.7453027139874742,0.2005420054200542,0.0
85,1,2,2,19,4,5,0,0.8893528183716073,0.2005420054200542,0.0
5,0,2,0,21,4,5,0,0.9394572025052192,0.4715447154471545,1.0
5,0,2,2,12,6,5,4,0.9394572025052192,0.05420054200542005,0.0
48,1,2,0,12,4,5,1,0.9185803757828812,0.3631436314363144,0.0
4,0,2,2,18,0,5,0,0.6972860125260962,0.005420054200542005,0.0
5,1,0,2,18,4,4,2,0.9394572025052192,0.9376693766937669,0.0
5,1,2,0,13,4,5,4,0.9394572025052192,0.39566395663956644,0.0
5,0,2,0,4,4,5,4,0.9394572025052192,0.30352303523035234,0.0
17,1,2,1,13,0,5,0,0.5260960334029228,0.0921409214092141,0.0
64,0,2,2,18,0,5,0,0.32150313152400845,0.23306233062330622,1.0
24,1,0,1,14,4,5,5,0.11899791231732793,0.959349593495935,1.0
15,0,0,2,21,1,5,4,0.5699373695198331,0.08130081300813008,0.0
64,0,0,2,16,2,5,0,0.32150313152400845,0.03252032520325203,0.0
91,0,0,0,17,7,5,0,0.9248434237995826,0.04878048780487805,0.0
13,0,2,2,14,6,5,0,0.9519832985386223,0.0975609756097561,0.0
64,0,2,0,17,1,5,4,0.32150313152400845,0.6775067750677507,0.0
5,0,2,0,21,4,5,1,0.9394572025052192,0.23306233062330622,0.0
76,1,2,2,18,2,5,1,0.8935281837160753,0.6070460704607046,0.0
30,0,2,0,7,4,5,0,0.8914405010438415,0.8184281842818428,0.0
5,0,2,2,4,4,5,4,0.9394572025052192,0.2005420054200542,1.0
5,1,0,0,2,4,5,5,0.9394572025052192,0.027100271002710022,0.0
117,0,0,0,13,0,5,0,0.4613778705636744,0.48780487804878053,0.0
110,0,1,0,15,7,5,0,0.5427974947807934,0.08130081300813008,0.0
64,1,2,4,20,4,5,5,0.32150313152400845,0.07588075880758807,1.0
48,0,2,0,16,4,5,0,0.9185803757828812,0.5745257452574526,0.0
13,1,2,1,16,2,5,0,0.9519832985386223,0.17886178861788618,0.0
5,0,2,0,10,1,5,4,0.9394572025052192,0.4823848238482385,0.0
39,0,2,0,15,0,1,1,0.1774530271398751,0.3739837398373984,0.0
16,0,2,3,6,7,5,5,0.47599164926931103,0.7425474254742547,0.0
5,1,0,0,11,4,5,0,0.9394572025052192,0.13550135501355012,1.0
38,0,2,0,8,1,5,4,0.7724425887265136,0.10298102981029811,0.0
49,1,2,0,1,1,5,4,0.9394572025052192,0.30352303523035234,0.0
30,0,0,0,0,5,5,0,0.8914405010438415,0.5365853658536585,0.0
48,1,2,0,19,0,5,0,0.9185803757828812,0.14634146341463414,1.0
44,0,0,0,0,5,5,5,0.1795407098121089,0.24390243902439024,0.0
5,0,0,0,19,2,5,0,0.9394572025052192,0.5474254742547425,0.0
5,0,2,3,21,4,5,1,0.9394572025052192,0.027100271002710022,0.0
64,0,2,0,13,3,5,5,0.32150313152400845,0.5149051490514904,1.0
74,0,0,1,19,4,5,1,0.8830897703549061,0.3631436314363144,0.0
103,0,0,0,18,2,4,3,0.9791231732776617,0.22764227642276422,1.0
48,0,2,0,15,4,5,0,0.9185803757828812,0.5474254742547425,0.0
94,0,2,2,11,2,5,0,0.6931106471816286,0.5799457994579945,0.0
21,0,0,0,0,6,5,0,0.5594989561586641,0.4823848238482385,0.0
3,0,2,0,14,4,5,0,0.1837160751565763,0.037940379403794036,0.0
48,1,0,0,16,4,5,5,0.9185803757828812,0.44986449864498645,0.0
112,1,1,0,19,4,5,4,0.9457202505219209,0.016260162601626015,1.0
13,0,0,1,17,4,5,1,0.9519832985386223,0.22764227642276422,0.0
64,1,0,1,11,4,5,5,0.32150313152400845,0.2222222222222222,0.0
99,0,2,2,6,2,5,0,0.8643006263048016,0.027100271002710022,0.0
37,0,2,0,6,5,5,1,0.5636743215031317,0.41192411924119243,1.0
89,0,2,2,6,3,5,5,0.826722338204593,0.08672086720867209,0.0
64,0,0,2,15,5,5,1,0.32150313152400845,0.33062330623306235,0.0
5,0,2,0,10,1,1,3,0.9394572025052192,0.07046070460704607,1.0
65,0,2,0,21,1,1,0,0.8956158663883091,0.17344173441734417,0.0
49,1,0,0,15,4,5,0,0.9394572025052192,0.4823848238482385,0.0
13,0,2,0,17,3,5,2,0.9519832985386223,0.15176151761517614,0.0
30,1,2,2,21,4,4,4,0.8914405010438415,0.24390243902439024,0.0
5,0,2,0,14,3,5,0,0.9394572025052192,0.9701897018970189,0.0
11,0,2,0,16,0,1,0,0.16701461377870586,0.010840108401084009,0.0
95,0,2,0,10,4,5,0,0.8037578288100209,0.14634146341463414,0.0
13,1,0,1,11,4,5,5,0.9519832985386223,0.07046070460704607,0.0
64,1,2,1,15,4,5,5,0.32150313152400845,0.991869918699187,1.0
4,1,0,1,18,4,5,3,0.6972860125260962,0.11924119241192412,0.0
5,0,2,0,21,4,5,5,0.9394572025052192,0.14634146341463414,1.0
13,0,1,0,2,0,1,0,0.9519832985386223,0.23848238482384823,0.0
2,0,2,0,21,2,5,4,0.8705636743215033,0.0921409214092141,0.0
64,0,2,0,15,1,1,0,0.32150313152400845,0.5528455284552846,1.0
65,0,2,0,21,6,5,0,0.8956158663883091,0.20596205962059622,0.0
106,0,2,0,4,4,5,0,0.2275574112734864,0.10298102981029811,0.0
102,1,0,0,16,4,5,5,0.2275574112734864,0.3360433604336044,1.0
11,1,0,0,20,4,5,0,0.16701461377870586,0.24390243902439024,0.0
5,1,2,0,15,4,5,5,0.9394572025052192,0.14092140921409213,0.0
6,0,2,0,15,4,5,1,0.9478079331941547,0.027100271002710022,0.0
121,1,2,0,13,7,1,4,1.0,0.22764227642276422,0.0
5,0,2,0,21,4,5,0,0.9394572025052192,0.1084010840108401,0.0
64,0,2,0,9,4,5,4,0.32150313152400845,0.4715447154471545,1.0
64,0,2,2,1,4,5,0,0.32150313152400845,0.6016260162601625,0.0
3,1,2,0,14,4,5,0,0.1837160751565763,0.3739837398373984,0.0
99,0,2,2,11,6,5,5,0.8643006263048016,0.9376693766937669,1.0
66,1,2,0,13,4,5,5,0.47599164926931103,0.010840108401084009,0.0
5,0,2,0,14,0,1,1,0.9394572025052192,0.027100271002710022,0.0
70,0,2,2,8,1,5,0,0.9791231732776617,0.6666666666666666,0.0
106,1,2,0,13,3,5,5,0.2275574112734864,0.3631436314363144,1.0
5,1,0,1,11,4,5,0,0.9394572025052192,0.04336043360433604,0.0
70,0,2,2,19,3,5,1,0.9791231732776617,0.2872628726287263,0.0
5,0,2,0,17,1,5,0,0.9394572025052192,0.04336043360433604,1.0
64,0,1,0,14,1,5,0,0.32150313152400845,0.43902439024390244,1.0
48,1,0,0,14,4,5,1,0.9185803757828812,0.33062330623306235,1.0
49,0,0,0,17,4,5,0,0.9394572025052192,0.2222222222222222,1.0
5,0,2,0,6,4,5,2,0.9394572025052192,0.010840108401084009,1.0
95,0,2,0,3,4,5,0,0.8037578288100209,0.5094850948509485,0.0
64,0,2,0,20,2,5,0,0.32150313152400845,0.31436314363143636,0.0
5,0,2,0,19,4,5,3,0.9394572025052192,0.016260162601626015,0.0
64,0,0,0,17,1,1,1,0.32150313152400845,0.2818428184281843,1.0
49,0,2,0,21,4,5,0,0.9394572025052192,0.24932249322493225,0.0
13,0,2,2,8,1,5,4,0.9519832985386223,0.5365853658536585,0.0
81,1,2,2,21,7,5,4,0.5323590814196242,0.5691056910569106,0.0
5,0,2,2,21,6,5,4,0.9394572025052192,0.05962059620596205,0.0
106,1,2,0,20,4,5,0,0.2275574112734864,0.8780487804878049,1.0
49,1,2,2,21,4,5,4,0.9394572025052192,0.4715447154471545,1.0
48,0,2,2,21,4,5,0,0.9185803757828812,0.2710027100271003,0.0
5,0,2,0,21,3,5,2,0.9394572025052192,0.3089430894308943,0.0
103,0,2,0,21,7,5,1,0.9791231732776617,0.34688346883468835,0.0
5,1,2,0,21,2,5,4,0.9394572025052192,0.24932249322493225,0.0
5,0,2,0,11,0,5,0,0.9394572025052192,0.3685636856368564,1.0
13,0,1,0,19,3,5,1,0.9519832985386223,0.39566395663956644,0.0
64,0,2,0,14,4,5,0,0.32150313152400845,0.0975609756097561,1.0
5,0,2,0,6,4,5,4,0.9394572025052192,0.05962059620596205,0.0
5,0,2,0,17,4,5,0,0.9394572025052192,0.1842818428184282,0.0
5,0,2,0,21,4,5,0,0.9394572025052192,0.2764227642276423,0.0
103,1,0,1,16,4,5,5,0.9791231732776617,0.3739837398373984,0.0
61,1,0,0,13,4,5,0,0.4425887265135702,0.03252032520325203,1.0
70,0,2,0,14,0,1,0,0.9791231732776617,0.6558265582655827,0.0
5,0,2,0,6,4,5,1,0.9394572025052192,0.6775067750677507,0.0
103,0,2,0,21,2,2,4,0.9791231732776617,0.9268292682926829,0.0
91,0,2,0,8,1,5,4,0.9248434237995826,0.17886178861788618,0.0
49,1,0,0,14,4,5,1,0.9394572025052192,0.20596205962059622,1.0
5,0,2,0,14,1,5,0,0.9394572025052192,0.04878048780487805,0.0
5,0,2,2,7,7,1,0,0.9394572025052192,0.30352303523035234,0.0
48,0,2,0,2,4,5,3,0.9185803757828812,0.43902439024390244,0.0
70,0,1,0,18,3,5,0,0.9791231732776617,0.6124661246612466,0.0
49,0,2,0,2,2,5,4,0.9394572025052192,0.11924119241192412,0.0
48,0,2,0,3,0,5,0,0.9185803757828812,0.25474254742547425,0.0
64,1,0,0,15,4,5,0,0.32150313152400845,0.24932249322493225,0.0
4,0,2,2,2,7,5,0,0.6972860125260962,0.11382113821138211,0.0
5,0,2,0,18,3,5,3,0.9394572025052192,0.6070460704607046,1.0
48,0,2,1,21,5,5,4,0.9185803757828812,0.2872628726287263,1.0
48,0,2,0,2,1,5,0,0.9185803757828812,0.15176151761517614,0.0
5,0,2,0,11,3,2,1,0.9394572025052192,0.6016260162601625,0.0
10,1,2,0,20,4,5,5,0.48225469728601245,0.6016260162601625,0.0
6,0,2,1,21,0,5,2,0.9478079331941547,0.5691056910569106,0.0
70,0,2,2,1,2,5,0,0.9791231732776617,0.027100271002710022,0.0
103,0,2,0,21,4,0,1,0.9791231732776617,0.7967479674796748,0.0
48,0,2,1,10,0,5,1,0.9185803757828812,0.39566395663956644,0.0
5,1,2,0,10,4,5,0,0.9394572025052192,0.4715447154471545,0.0
49,0,2,1,21,7,5,2,0.9394572025052192,0.35772357723577236,0.0
64,0,0,0,13,1,5,0,0.32150313152400845,0.23848238482384823,1.0
5,0,2,0,17,1,5,1,0.9394572025052192,0.2981029810298103,0.0
74,0,1,0,16,0,5,3,0.8830897703549061,0.02168021680216802,0.0
64,0,2,2,8,0,5,0,0.32150313152400845,0.25474254742547425,1.0
5,1,2,2,17,5,5,0,0.9394572025052192,1.0,0.0
49,1,0,0,1,5,5,0,0.9394572025052192,0.26558265582655827,0.0
2,0,2,0,9,1,5,1,0.8705636743215033,0.08130081300813008,0.0
50,0,2,0,1,0,5,2,0.6200417536534448,0.1084010840108401,0.0
5,1,2,0,14,6,5,0,0.9394572025052192,0.17886178861788618,0.0
48,0,2,0,19,1,5,0,0.9185803757828812,0.26558265582655827,0.0
71,0,2,0,2,4,5,0,0.47599164926931103,0.15718157181571815,0.0
48,0,2,0,21,1,5,1,0.9185803757828812,0.7208672086720866,0.0
88,1,0,1,13,4,5,5,0.5615866388308981,0.34688346883468835,0.0
5,0,2,0,21,2,5,4,0.9394572025052192,0.16802168021680217,0.0
50,0,2,0,18,0,5,0,0.6200417536534448,0.15718157181571815,0.0
64,0,0,0,13,1,3,1,0.32150313152400845,0.8780487804878049,1.0
64,0,2,0,15,4,5,0,0.32150313152400845,1.0,1.0
64,1,0,2,15,4,5,5,0.32150313152400845,0.13550135501355012,1.0
5,1,0,0,13,4,5,5,0.9394572025052192,0.05420054200542005,1.0
22,1,0,2,0,0,3,0,0.018789144050104567,0.11924119241192412,1.0
5,0,2,1,9,3,5,1,0.9394572025052192,0.13008130081300812,0.0
61,1,2,0,16,4,5,3,0.4425887265135702,0.16260162601626016,1.0
36,0,0,1,14,4,5,5,0.536534446764092,0.7696476964769647,0.0
13,0,2,2,21,5,5,4,0.9519832985386223,0.2222222222222222,0.0
116,0,2,0,1,7,5,0,0.47599164926931103,0.037940379403794036,0.0
118,1,0,2,1,1,5,4,0.8246346555323592,0.14092140921409213,0.0
5,1,2,0,1,2,5,4,0.9394572025052192,1.0,0.0
93,0,2,0,17,0,5,0,0.40918580375782887,0.6558265582655827,0.0
5,0,2,0,21,5,5,4,0.9394572025052192,0.17886178861788618,0.0
6,1,2,0,17,4,5,3,0.9478079331941547,0.4823848238482385,0.0
50,1,2,1,18,4,5,5,0.6200417536534448,0.34688346883468835,0.0
70,0,2,2,6,5,5,4,0.9791231732776617,0.35772357723577236,0.0
64,1,0,0,14,4,5,5,0.32150313152400845,0.29268292682926833,0.0
13,0,2,2,18,4,0,0,0.9519832985386223,0.02168021680216802,0.0
15,0,2,0,3,1,5,0,0.5699373695198331,0.027100271002710022,0.0
30,1,1,0,15,4,5,0,0.8914405010438415,0.04336043360433604,1.0
103,0,2,0,19,4,5,0,0.9791231732776617,0.2710027100271003,0.0
26,0,2,2,21,4,1,0,0.7453027139874742,0.04336043360433604,0.0
5,1,2,1,14,4,5,5,0.9394572025052192,0.24932249322493225,0.0
5,1,2,0,21,4,5,3,0.9394572025052192,0.08130081300813008,0.0
5,0,2,0,7,5,2,1,0.9394572025052192,0.25474254742547425,0.0
11,0,2,0,18,7,0,5,0.16701461377870586,0.6937669376693767,0.0
5,0,2,2,21,7,5,4,0.9394572025052192,0.13008130081300812,0.0
5,0,2,0,21,3,5,4,0.9394572025052192,0.14634146341463414,0.0
65,0,2,2,6,4,5,2,0.8956158663883091,0.0921409214092141,0.0
99,1,1,0,15,1,5,0,0.8643006263048016,0.08130081300813008,0.0
99,0,2,0,21,4,5,1,0.8643006263048016,0.46070460704607047,0.0
47,1,2,1,21,4,5,4,0.778705636743215,1.0,0.0
13,0,2,2,5,0,5,1,0.9519832985386223,0.4932249322493225,0.0
13,1,2,2,18,4,5,2,0.9519832985386223,0.0921409214092141,0.0
13,0,2,3,21,1,5,3,0.9519832985386223,0.2222222222222222,1.0
65,0,1,0,2,4,5,1,0.8956158663883091,0.8130081300813008,0.0
5,0,2,2,21,3,5,1,0.9394572025052192,0.05420054200542005,0.0
5,0,2,0,21,3,5,1,0.9394572025052192,0.7804878048780487,1.0
112,0,2,0,2,6,5,0,0.9457202505219209,0.21138211382113822,0.0
48,0,2,2,21,4,5,0,0.9185803757828812,0.07588075880758807,0.0
45,1,2,0,2,4,5,1,0.6242171189979124,0.0921409214092141,1.0
64,1,0,2,13,4,5,0,0.32150313152400845,0.30352303523035234,1.0
102,0,2,0,15,4,5,0,0.2275574112734864,0.07046070460704607,1.0
5,0,2,0,2,7,5,0,0.9394572025052192,0.08130081300813008,0.0
64,0,2,2,19,3,5,0,0.32150313152400845,0.5149051490514904,1.0
116,0,2,2,1,1,5,4,0.47599164926931103,0.21138211382113822,0.0
5,1,1,2,1,4,5,1,0.9394572025052192,0.5691056910569106,0.0
39,1,0,0,11,4,5,0,0.1774530271398751,0.010840108401084009,0.0
49,0,2,0,21,7,5,4,0.9394572025052192,0.10298102981029811,0.0
5,1,2,0,15,4,5,5,0.9394572025052192,0.16260162601626016,0.0
105,0,2,0,3,6,5,4,0.7515657620041754,0.5691056910569106,0.0
5,0,0,0,14,7,5,1,0.9394572025052192,0.8943089430894309,0.0
5,0,2,0,14,2,5,0,0.9394572025052192,0.44986449864498645,0.0
55,1,2,4,14,4,5,1,0.8517745302713988,0.037940379403794036,0.0
64,0,2,0,16,4,5,0,0.32150313152400845,0.14634146341463414,0.0
48,1,2,2,21,4,5,4,0.9185803757828812,0.25474254742547425,0.0
95,1,0,0,1,4,5,0,0.8037578288100209,0.3089430894308943,1.0
64,0,2,2,14,3,5,1,0.32150313152400845,0.16802168021680217,1.0
116,0,2,0,14,4,5,0,0.47599164926931103,0.13550135501355012,0.0
5,0,2,0,21,6,5,1,0.9394572025052192,0.29268292682926833,1.0
5,0,2,2,9,1,2,0,0.9394572025052192,0.3848238482384824,0.0
31,1,2,1,19,4,5,5,0.7640918580375784,0.1897018970189702,0.0
64,0,2,0,5,5,5,0,0.32150313152400845,0.016260162601626015,0.0
48,1,2,0,14,2,5,0,0.9185803757828812,0.11382113821138211,0.0
95,0,2,0,18,0,0,0,0.8037578288100209,0.5420054200542005,0.0
116,0,2,2,6,4,5,0,0.47599164926931103,0.0975609756097561,1.0
64,0,2,2,18,1,5,0,0.32150313152400845,0.3848238482384824,0.0
31,0,2,2,16,3,5,0,0.7640918580375784,0.14634146341463414,0.0
94,1,1,0,0,4,5,5,0.6931106471816286,0.15176151761517614,1.0
49,1,2,0,15,4,5,2,0.9394572025052192,0.6612466124661246,0.0
48,0,2,0,21,6,4,4,0.9185803757828812,0.8455284552845528,0.0
66,1,0,1,18,4,5,0,0.47599164926931103,0.40650406504065045,1.0
2,0,2,0,21,4,5,3,0.8705636743215033,0.2222222222222222,1.0
49,0,2,0,16,4,5,0,0.9394572025052192,0.6124661246612466,1.0
68,0,2,2,2,7,5,1,0.47599164926931103,0.15176151761517614,1.0
101,0,2,0,17,5,5,0,0.5929018789144052,0.5040650406504065,0.0
103,0,2,0,21,7,5,0,0.9791231732776617,0.11924119241192412,0.0
30,1,2,2,21,4,5,4,0.8914405010438415,0.3089430894308943,0.0
101,0,2,0,14,6,3,2,0.5929018789144052,0.33062330623306235,0.0
49,1,2,0,21,4,5,1,0.9394572025052192,0.16802168021680217,0.0
13,0,2,2,19,4,5,0,0.9519832985386223,0.11382113821138211,0.0
48,0,2,0,17,6,5,1,0.9185803757828812,0.027100271002710022,0.0
101,1,2,1,0,4,5,5,0.5929018789144052,0.31436314363143636,0.0
64,1,2,1,17,4,5,5,0.32150313152400845,0.8075880758807588,0.0
5,1,2,0,4,4,5,4,0.9394572025052192,1.0,0.0
5,1,2,1,11,4,5,5,0.9394572025052192,0.8075880758807588,0.0
15,0,2,2,0,0,5,0,0.5699373695198331,0.005420054200542005,0.0
64,1,2,2,11,4,5,5,0.32150313152400845,0.07046070460704607,1.0
95,0,2,2,14,0,0,0,0.8037578288100209,0.20596205962059622,0.0
91,0,2,0,21,3,5,3,0.9248434237995826,0.41734417344173447,0.0
1,0,2,0,2,7,5,0,0.8872651356993737,0.4281842818428185,0.0
91,0,2,2,18,1,5,1,0.9248434237995826,0.5962059620596206,0.0
49,1,0,1,14,3,5,0,0.9394572025052192,0.016260162601626015,0.0
64,0,0,2,19,1,4,1,0.32150313152400845,0.25474254742547425,0.0
64,0,2,0,15,0,5,2,0.32150313152400845,0.25474254742547425,1.0
5,0,0,0,17,2,5,3,0.9394572025052192,0.17344173441734417,0.0
64,1,0,1,16,4,5,5,0.32150313152400845,0.23306233062330622,1.0
2,0,2,0,9,0,5,0,0.8705636743215033,0.1951219512195122,0.0
5,1,2,3,1,3,5,0,0.9394572025052192,0.29268292682926833,0.0
48,1,0,1,14,7,5,0,0.9185803757828812,0.027100271002710022,0.0
48,1,2,1,11,4,5,5,0.9185803757828812,0.02168021680216802,1.0
64,0,2,0,1,3,5,0,0.32150313152400845,0.13008130081300812,1.0
74,0,2,1,15,4,5,5,0.8830897703549061,0.5474254742547425,0.0
101,0,2,0,15,3,5,0,0.5929018789144052,0.2710027100271003,0.0
70,0,2,2,15,0,5,4,0.9791231732776617,0.25474254742547425,0.0
5,0,2,0,11,4,5,1,0.9394572025052192,0.05420054200542005,1.0
5,0,2,2,21,4,4,4,0.9394572025052192,0.13550135501355012,0.0
5,1,2,1,20,4,5,5,0.9394572025052192,0.25474254742547425,0.0
5,0,2,0,16,3,5,0,0.9394572025052192,0.04336043360433604,0.0
70,0,2,0,21,7,5,4,0.9791231732776617,0.2168021680216802,0.0
55,1,2,0,21,3,5,4,0.8517745302713988,0.5691056910569106,0.0
64,0,2,2,19,1,5,1,0.32150313152400845,0.22764227642276422,0.0
121,1,2,1,17,1,5,4,1.0,1.0,0.0
5,1,0,2,21,6,4,4,0.9394572025052192,0.016260162601626015,0.0
5,0,2,0,21,4,5,4,0.9394572025052192,0.016260162601626015,0.0
5,0,2,2,2,3,5,2,0.9394572025052192,0.027100271002710022,0.0
99,0,2,0,17,3,5,1,0.8643006263048016,0.7967479674796748,0.0
68,1,0,1,11,4,5,0,0.47599164926931103,0.07588075880758807,1.0
48,1,2,0,15,4,5,0,0.9185803757828812,0.5365853658536585,0.0
51,0,0,2,6,3,5,0,0.9039665970772444,1.0,0.0
64,0,0,0,17,3,5,5,0.32150313152400845,0.22764227642276422,1.0
4,0,0,0,2,1,5,1,0.6972860125260962,0.6720867208672087,0.0
103,0,2,0,21,4,5,1,0.9791231732776617,0.16802168021680217,1.0
29,1,0,0,2,4,5,5,0.47599164926931103,0.5745257452574526,0.0
65,0,2,1,7,2,5,0,0.8956158663883091,0.2764227642276423,0.0
64,0,2,2,13,3,5,1,0.32150313152400845,0.06504065040650406,1.0
5,0,2,0,4,4,5,4,0.9394572025052192,0.16260162601626016,0.0
5,0,2,0,21,4,5,1,0.9394572025052192,0.11382113821138211,0.0
5,1,0,1,13,4,1,0,0.9394572025052192,1.0,0.0
13,0,2,2,21,1,5,0,0.9519832985386223,0.11382113821138211,0.0
5,0,2,0,21,3,5,4,0.9394572025052192,0.2981029810298103,0.0
4,0,1,0,18,0,5,0,0.6972860125260962,0.08672086720867209,0.0
87,1,2,3,8,4,5,0,0.8058455114822547,0.26558265582655827,0.0
50,1,0,1,20,4,5,0,0.6200417536534448,0.4281842818428185,0.0
121,0,2,1,12,4,5,5,1.0,0.8021680216802167,0.0
5,1,0,0,13,4,5,2,0.9394572025052192,0.07588075880758807,1.0
49,0,2,0,21,7,5,3,0.9394572025052192,0.2710027100271003,0.0
85,1,1,1,16,4,5,0,0.8893528183716073,0.22764227642276422,0.0
5,0,2,0,18,3,5,1,0.9394572025052192,0.13550135501355012,0.0
94,1,0,1,20,4,5,0,0.6931106471816286,0.3902439024390244,1.0
5,0,2,0,12,2,5,0,0.9394572025052192,1.0,0.0
64,1,2,0,21,4,5,5,0.32150313152400845,0.23306233062330622,0.0
103,1,2,0,21,2,5,4,0.9791231732776617,0.26558265582655827,1.0
102,0,2,0,15,1,5,0,0.2275574112734864,0.17886178861788618,1.0
5,0,2,0,17,4,5,4,0.9394572025052192,0.03252032520325203,0.0
3,0,2,0,18,0,0,0,0.1837160751565763,0.1084010840108401,1.0
46,0,2,2,3,7,5,3,0.6179540709812108,0.1951219512195122,0.0
48,1,2,0,11,4,5,5,0.9185803757828812,0.26558265582655827,1.0
5,1,0,0,11,4,5,0,0.9394572025052192,1.0,1.0
30,0,2,2,16,0,5,0,0.8914405010438415,0.037940379403794036,0.0
64,0,2,2,4,3,5,0,0.32150313152400845,0.5745257452574526,1.0
48,0,2,0,5,2,2,3,0.9185803757828812,1.0,0.0
64,0,2,0,1,3,5,0,0.32150313152400845,0.04336043360433604,1.0
48,0,2,0,4,0,5,4,0.9185803757828812,0.15176151761517614,0.0
70,0,2,0,14,0,5,2,0.9791231732776617,0.3848238482384824,0.0
101,0,1,1,17,4,5,1,0.5929018789144052,0.010840108401084009,1.0
5,1,1,1,11,4,5,0,0.9394572025052192,0.24932249322493225,1.0
5,1,2,0,13,1,5,2,0.9394572025052192,0.21138211382113822,0.0
30,0,2,2,11,2,5,0,0.8914405010438415,0.2981029810298103,0.0
102,0,2,0,16,1,5,1,0.2275574112734864,0.08672086720867209,0.0
13,0,2,2,21,4,5,5,0.9519832985386223,0.3089430894308943,0.0
4,0,0,1,19,4,5,0,0.6972860125260962,0.08130081300813008,0.0
99,1,2,0,14,4,5,5,0.8643006263048016,0.04336043360433604,1.0
48,1,0,0,0,4,5,5,0.9185803757828812,0.016260162601626015,0.0
36,0,2,0,17,1,5,1,0.536534446764092,0.1084010840108401,0.0
13,0,0,1,3,0,5,4,0.9519832985386223,0.1084010840108401,0.0
91,0,2,2,14,1,2,0,0.9248434237995826,0.11382113821138211,0.0
73,1,0,0,20,2,4,0,0.0,0.07588075880758807,1.0
64,0,0,0,2,4,5,5,0.32150313152400845,0.11924119241192412,1.0
5,0,2,2,4,5,5,3,0.9394572025052192,0.14634146341463414,0.0
94,0,0,2,11,2,5,0,0.6931106471816286,0.5311653116531165,0.0
13,0,2,0,19,5,5,3,0.9519832985386223,0.2872628726287263,0.0
94,0,2,0,8,2,5,1,0.6931106471816286,0.4823848238482385,0.0
11,0,1,0,14,7,2,0,0.16701461377870586,0.13008130081300812,1.0
15,0,2,2,21,4,5,1,0.5699373695198331,0.7750677506775068,0.0
13,1,0,0,6,3,5,4,0.9519832985386223,0.8401084010840109,0.0
64,0,0,0,18,6,5,0,0.32150313152400845,0.0921409214092141,1.0
13,0,0,1,14,1,5,0,0.9519832985386223,0.4932249322493225,0.0
5,1,2,2,0,4,5,5,0.9394572025052192,0.0975609756097561,0.0
4,1,2,0,13,1,5,1,0.6972860125260962,0.06504065040650406,0.0
56,0,0,0,14,0,1,0,0.6388308977035491,0.05420054200542005,0.0
64,0,2,2,15,1,5,0,0.32150313152400845,0.1084010840108401,0.0
69,1,2,2,3,4,5,1,0.7891440501043843,0.08672086720867209,1.0
5,0,2,0,16,3,5,0,0.9394572025052192,0.5203252032520325,0.0
99,0,2,0,2,4,5,0,0.8643006263048016,0.6449864498644986,0.0
85,0,2,2,5,5,5,0,0.8893528183716073,0.40650406504065045,0.0
5,1,0,0,15,4,5,0,0.9394572025052192,0.08130081300813008,0.0
74,1,2,0,3,3,4,2,0.8830897703549061,0.3631436314363144,0.0
5,1,2,0,2,6,5,0,0.9394572025052192,0.04878048780487805,0.0
95,0,2,0,17,3,5,0,0.8037578288100209,0.005420054200542005,0.0
3,1,0,0,19,4,5,0,0.1837160751565763,0.6666666666666666,0.0
5,0,2,0,21,1,5,4,0.9394572025052192,0.14634146341463414,0.0
13,1,0,0,17,7,5,1,0.9519832985386223,0.4552845528455285,0.0
13,0,2,0,10,5,5,2,0.9519832985386223,0.12466124661246611,0.0
117,0,2,0,15,0,4,1,0.4613778705636744,0.41734417344173447,0.0
49,0,2,0,19,1,0,4,0.9394572025052192,0.41734417344173447,0.0
5,1,2,0,17,4,1,0,0.9394572025052192,0.5528455284552846,0.0
64,1,0,1,11,4,5,5,0.32150313152400845,0.6233062330623306,1.0
5,0,1,0,18,3,5,1,0.9394572025052192,0.037940379403794036,0.0
64,0,2,0,9,4,5,4,0.32150313152400845,1.0,0.0
49,0,2,0,5,6,5,3,0.9394572025052192,0.42276422764227645,0.0
64,0,2,0,17,4,0,5,0.32150313152400845,0.5474254742547425,0.0
2,0,1,0,21,4,5,0,0.8705636743215033,0.5040650406504065,1.0
29,1,0,1,13,4,5,5,0.47599164926931103,0.34146341463414637,0.0
64,0,2,0,11,7,5,0,0.32150313152400845,0.2981029810298103,1.0
4,0,2,1,21,4,1,0,0.6972860125260962,0.5907859078590786,0.0
48,0,2,0,21,4,5,4,0.9185803757828812,0.46070460704607047,0.0
48,0,2,0,21,2,5,4,0.9185803757828812,0.14634146341463414,0.0
5,0,2,2,21,1,1,1,0.9394572025052192,0.6016260162601625,1.0
48,1,2,0,16,4,5,5,0.9185803757828812,0.027100271002710022,0.0
3,0,2,0,13,1,5,4,0.1837160751565763,0.4661246612466125,1.0
48,0,2,0,3,4,5,4,0.9185803757828812,0.2168021680216802,0.0
2,1,2,3,21,4,5,2,0.8705636743215033,0.33062330623306235,1.0
70,0,2,0,7,7,5,4,0.9791231732776617,1.0,0.0
5,0,2,0,21,7,1,4,0.9394572025052192,0.14092140921409213,0.0
5,0,2,2,21,4,5,4,0.9394572025052192,0.2710027100271003,0.0
50,0,2,0,8,4,5,0,0.6200417536534448,0.29268292682926833,0.0
30,0,1,2,19,3,5,0,0.8914405010438415,0.6016260162601625,0.0
13,0,2,2,9,1,5,0,0.9519832985386223,0.8509485094850948,0.0
30,1,0,1,15,4,5,5,0.8914405010438415,0.0921409214092141,0.0
24,0,0,0,13,4,5,0,0.11899791231732793,0.5149051490514904,1.0
95,0,2,2,19,2,5,0,0.8037578288100209,0.8021680216802167,0.0
83,0,2,0,3,4,5,0,0.6096033402922756,0.11924119241192412,0.0
44,0,2,0,16,1,5,0,0.1795407098121089,0.24390243902439024,0.0
95,0,2,1,15,0,5,1,0.8037578288100209,0.2981029810298103,0.0
48,1,0,2,4,4,4,0,0.9185803757828812,0.30352303523035234,1.0
2,0,2,0,15,4,5,0,0.8705636743215033,1.0,0.0
48,1,1,0,11,4,5,0,0.9185803757828812,0.06504065040650406,0.0
89,0,2,3,12,3,5,4,0.826722338204593,0.3252032520325204,0.0
64,0,2,0,0,7,5,0,0.32150313152400845,0.16260162601626016,1.0
48,0,2,3,6,0,5,2,0.9185803757828812,0.016260162601626015,0.0
49,0,2,0,17,6,5,3,0.9394572025052192,0.2710027100271003,0.0
95,0,2,0,1,7,5,1,0.8037578288100209,0.2710027100271003,0.0
64,0,2,0,6,4,5,1,0.32150313152400845,0.29268292682926833,1.0
5,0,2,2,14,5,5,0,0.9394572025052192,1.0,0.0
13,0,2,0,15,4,5,0,0.9519832985386223,0.20596205962059622,0.0
64,1,2,4,13,4,5,5,0.32150313152400845,0.07046070460704607,0.0
5,1,2,0,13,4,5,4,0.9394572025052192,0.5799457994579945,1.0
101,1,2,0,4,4,5,4,0.5929018789144052,0.2222222222222222,0.0
30,1,0,0,11,5,5,0,0.8914405010438415,0.04336043360433604,0.0
101,0,2,2,10,4,5,3,0.5929018789144052,0.3848238482384824,0.0
5,1,0,0,2,4,5,0,0.9394572025052192,0.22764227642276422,1.0
48,0,2,0,7,1,5,4,0.9185803757828812,0.15718157181571815,0.0
11,0,0,0,15,3,5,0,0.16701461377870586,1.0,0.0
48,0,1,0,21,1,5,4,0.9185803757828812,0.04336043360433604,1.0
13,0,2,2,21,6,5,4,0.9519832985386223,0.13550135501355012,0.0
95,0,2,2,16,3,5,2,0.8037578288100209,0.1951219512195122,0.0
5,1,1,0,15,7,5,0,0.9394572025052192,0.10298102981029811,0.0
5,0,2,0,15,4,5,1,0.9394572025052192,0.2872628726287263,1.0
103,1,2,3,21,4,5,4,0.9791231732776617,0.43902439024390244,0.0
103,1,2,0,21,6,5,0,0.9791231732776617,0.15718157181571815,0.0
64,1,0,1,11,4,5,5,0.32150313152400845,0.16802168021680217,1.0
5,0,2,0,6,2,5,1,0.9394572025052192,0.11924119241192412,0.0
49,0,2,2,21,4,5,0,0.9394572025052192,0.8184281842818428,1.0
5,0,2,0,17,4,4,1,0.9394572025052192,0.5745257452574526,1.0
30,0,2,2,5,2,5,0,0.8914405010438415,0.07588075880758807,0.0
37,0,2,0,19,1,5,0,0.5636743215031317,0.016260162601626015,0.0
116,0,2,2,19,4,5,3,0.47599164926931103,0.26558265582655827,0.0
5,0,2,0,13,4,5,1,0.9394572025052192,0.11382113821138211,1.0
114,0,2,0,4,3,5,0,0.9498956158663885,0.13550135501355012,0.0
64,0,2,0,19,0,1,1,0.32150313152400845,0.1951219512195122,1.0
42,0,2,0,18,1,2,0,0.47599164926931103,0.3523035230352304,0.0
48,0,2,2,19,1,5,0,0.9185803757828812,0.6016260162601625,0.0
64,1,0,0,13,5,2,0,0.32150313152400845,0.2818428184281843,1.0
39,1,0,1,11,4,5,5,0.1774530271398751,0.08672086720867209,0.0
64,0,2,2,16,4,5,1,0.32150313152400845,0.39566395663956644,1.0
24,0,2,1,17,0,0,0,0.11899791231732793,0.06504065040650406,0.0
4,1,0,0,20,4,5,5,0.6972860125260962,1.0,0.0
50,1,0,4,13,4,5,0,0.6200417536534448,0.26558265582655827,1.0
119,0,1,0,15,7,0,1,0.47599164926931103,1.0,0.0
95,1,2,1,3,4,5,0,0.8037578288100209,0.4823848238482385,0.0
74,0,1,0,6,1,5,2,0.8830897703549061,0.5311653116531165,0.0
64,0,0,0,13,0,5,0,0.32150313152400845,0.11382113821138211,0.0
99,0,2,2,19,1,5,0,0.8643006263048016,0.24932249322493225,0.0
5,0,2,0,8,6,5,4,0.9394572025052192,0.23848238482384823,0.0
114,0,2,0,7,4,5,0,0.9498956158663885,0.14634146341463414,0.0
93,0,2,0,21,4,5,4,0.40918580375782887,0.46070460704607047,0.0
39,0,0,0,14,4,5,5,0.1774530271398751,0.005420054200542005,1.0
105,0,2,1,15,4,5,5,0.7515657620041754,0.8726287262872628,0.0
85,1,0,2,17,4,4,0,0.8893528183716073,0.2872628726287263,0.0
64,0,0,0,14,0,5,3,0.32150313152400845,0.5853658536585366,1.0
85,1,2,1,11,1,5,1,0.8893528183716073,0.14092140921409213,0.0
5,1,0,1,20,0,2,0,0.9394572025052192,0.4661246612466125,1.0
31,0,2,2,5,4,5,0,0.7640918580375784,0.027100271002710022,0.0
64,0,2,0,11,2,5,0,0.32150313152400845,0.7262872628726287,0.0
64,0,0,0,0,4,3,5,0.32150313152400845,0.6666666666666666,1.0
48,1,2,1,13,4,5,5,0.9185803757828812,0.04336043360433604,0.0
5,1,2,0,21,5,4,4,0.9394572025052192,0.5257452574525745,0.0
5,0,2,0,3,5,5,0,0.9394572025052192,0.3848238482384824,0.0
13,1,1,2,14,4,4,1,0.9519832985386223,0.05962059620596205,0.0
55,0,2,2,21,4,5,0,0.8517745302713988,0.14634146341463414,0.0
113,0,2,2,1,4,5,4,0.47599164926931103,0.24390243902439024,1.0
65,0,2,0,17,6,5,2,0.8956158663883091,0.04878048780487805,0.0
99,1,0,0,14,4,5,0,0.8643006263048016,0.2710027100271003,1.0
5,0,2,0,21,3,5,0,0.9394572025052192,0.4552845528455285,0.0
5,0,2,0,21,4,5,0,0.9394572025052192,0.981029810298103,1.0
64,0,2,2,16,0,5,1,0.32150313152400845,0.13550135501355012,0.0
2,1,2,1,13,4,5,5,0.8705636743215033,0.5149051490514904,0.0
2,0,2,0,15,4,5,0,0.8705636743215033,0.05962059620596205,0.0
64,0,2,0,15,4,5,0,0.32150313152400845,0.1084010840108401,1.0
61,0,2,0,3,5,4,0,0.4425887265135702,0.0975609756097561,0.0
94,1,0,0,17,4,5,5,0.6931106471816286,0.027100271002710022,1.0
5,0,2,0,9,1,1,0,0.9394572025052192,0.06504065040650406,1.0
5,1,1,3,13,2,4,1,0.9394572025052192,0.07046070460704607,0.0
64,0,0,0,14,1,1,1,0.32150313152400845,1.0,0.0
48,0,2,0,5,1,5,0,0.9185803757828812,0.12466124661246611,0.0
5,0,2,0,1,5,5,0,0.9394572025052192,0.010840108401084009,0.0
1,0,2,2,8,4,0,4,0.8872651356993737,0.2764227642276423,0.0
35,0,2,0,19,4,5,4,0.6116910229645096,0.7859078590785907,0.0
5,0,2,0,2,0,1,0,0.9394572025052192,0.12466124661246611,0.0
30,0,2,2,21,3,5,4,0.8914405010438415,0.16260162601626016,0.0
5,1,2,4,15,7,5,0,0.9394572025052192,0.03252032520325203,0.0
30,1,0,0,15,4,5,0,0.8914405010438415,0.08130081300813008,0.0
5,0,2,0,16,6,2,1,0.9394572025052192,1.0,0.0
64,1,2,2,21,3,5,5,0.32150313152400845,1.0,1.0
49,0,2,0,21,7,5,0,0.9394572025052192,0.4444444444444445,0.0
5,0,2,2,6,4,5,0,0.9394572025052192,0.17886178861788618,1.0
4,0,2,0,1,6,5,4,0.6972860125260962,0.4552845528455285,0.0
1,0,2,0,21,5,5,2,0.8872651356993737,0.7588075880758808,0.0
64,1,0,4,17,4,5,5,0.32150313152400845,0.0921409214092141,0.0
26,0,2,2,5,0,1,0,0.7453027139874742,1.0,0.0
64,0,0,0,16,1,5,0,0.32150313152400845,0.41734417344173447,0.0
64,0,2,0,15,3,5,0,0.32150313152400845,0.13550135501355012,1.0
61,1,0,0,19,4,5,0,0.4425887265135702,0.2222222222222222,0.0
5,0,2,2,9,5,4,4,0.9394572025052192,0.23848238482384823,0.0
5,0,2,0,19,3,5,1,0.9394572025052192,0.4715447154471545,0.0
64,0,2,2,0,6,5,0,0.32150313152400845,0.13550135501355012,1.0
64,1,2,4,0,4,5,5,0.32150313152400845,0.24390243902439024,0.0
64,0,2,0,11,4,5,0,0.32150313152400845,0.027100271002710022,1.0
64,0,2,0,15,5,5,0,0.32150313152400845,0.43902439024390244,0.0
48,0,2,2,21,3,5,0,0.9185803757828812,0.33062330623306235,0.0
5,0,2,0,1,4,1,0,0.9394572025052192,0.4444444444444445,0.0
5,0,1,0,15,0,5,2,0.9394572025052192,0.23306233062330622,1.0
13,0,1,0,15,4,5,0,0.9519832985386223,0.05420054200542005,0.0
15,0,2,0,2,7,5,0,0.5699373695198331,0.6341463414634146,0.0
95,0,0,2,5,3,5,3,0.8037578288100209,0.05962059620596205,1.0
64,0,2,0,19,4,5,0,0.32150313152400845,0.3631436314363144,0.0
49,0,2,0,6,1,5,4,0.9394572025052192,0.2818428184281843,0.0
13,1,2,0,14,4,5,3,0.9519832985386223,0.16802168021680217,0.0
5,0,2,2,21,2,5,0,0.9394572025052192,0.2710027100271003,0.0
76,0,2,2,21,0,5,0,0.8935281837160753,0.16260162601626016,0.0
101,0,1,1,20,7,0,0,0.5929018789144052,0.3089430894308943,0.0
2,0,2,2,21,4,5,5,0.8705636743215033,0.07588075880758807,0.0
48,0,2,0,21,4,4,0,0.9185803757828812,0.26558265582655827,0.0
5,0,2,0,7,4,5,1,0.9394572025052192,0.4769647696476965,0.0
64,0,0,2,1,4,5,1,0.32150313152400845,0.016260162601626015,0.0
64,0,1,0,13,3,5,2,0.32150313152400845,1.0,0.0
99,1,2,0,4,4,5,5,0.8643006263048016,0.4444444444444445,0.0
49,1,2,0,1,3,5,0,0.9394572025052192,0.30352303523035234,0.0
39,1,0,0,11,4,5,1,0.1774530271398751,0.6449864498644986,0.0
112,0,2,0,21,4,5,4,0.9457202505219209,0.6720867208672087,0.0
13,0,2,2,21,4,5,4,0.9519832985386223,0.7046070460704607,0.0
48,0,2,0,21,4,2,4,0.9185803757828812,0.3739837398373984,0.0
64,0,2,0,6,5,1,1,0.32150313152400845,0.4010840108401084,1.0
48,0,2,0,21,4,5,0,0.9185803757828812,0.0975609756097561,0.0
5,0,1,0,7,2,2,0,0.9394572025052192,0.8184281842818428,0.0
5,0,2,0,21,4,5,4,0.9394572025052192,0.06504065040650406,0.0
30,0,2,2,21,1,5,0,0.8914405010438415,1.0,0.0
95,0,2,0,13,1,5,0,0.8037578288100209,0.2222222222222222,0.0
5,0,2,0,21,3,5,0,0.9394572025052192,0.25474254742547425,0.0
30,0,2,0,1,0,5,0,0.8914405010438415,0.5799457994579945,0.0
83,1,0,0,18,7,0,0,0.6096033402922756,0.2818428184281843,1.0
5,0,2,0,19,4,4,4,0.9394572025052192,0.7533875338753387,0.0
94,0,2,0,18,4,5,5,0.6931106471816286,0.0921409214092141,1.0
48,0,2,2,6,4,5,1,0.9185803757828812,0.2981029810298103,0.0
5,0,2,0,21,4,5,1,0.9394572025052192,0.3739837398373984,0.0
31,0,2,0,14,5,5,0,0.7640918580375784,0.2818428184281843,0.0
47,0,2,0,4,7,5,3,0.778705636743215,0.23306233062330622,1.0
5,1,0,0,15,4,5,0,0.9394572025052192,0.12466124661246611,0.0
30,1,2,0,11,4,5,0,0.8914405010438415,0.3360433604336044,0.0
64,0,2,0,17,1,5,3,0.32150313152400845,0.35772357723577236,1.0
46,0,2,0,13,4,5,0,0.6179540709812108,0.04336043360433604,0.0
101,0,2,0,2,4,5,3,0.5929018789144052,0.15718157181571815,1.0
30,0,2,0,8,4,0,2,0.8914405010438415,0.3089430894308943,0.0
13,0,1,0,2,0,1,0,0.9519832985386223,0.4823848238482385,0.0
89,0,2,2,21,1,5,1,0.826722338204593,0.41734417344173447,0.0
5,1,1,1,17,4,5,0,0.9394572025052192,0.991869918699187,0.0
5,0,2,0,21,1,5,0,0.9394572025052192,1.0,0.0
56,1,2,3,21,4,5,5,0.6388308977035491,0.6124661246612466,0.0
30,0,2,0,7,3,5,1,0.8914405010438415,0.3631436314363144,0.0
5,0,2,0,5,3,5,4,0.9394572025052192,1.0,0.0
64,0,2,0,4,1,1,0,0.32150313152400845,0.2872628726287263,0.0
64,0,2,0,20,4,1,0,0.32150313152400845,0.1897018970189702,1.0
6,1,2,1,21,4,5,0,0.9478079331941547,0.07588075880758807,0.0
11,0,2,0,15,4,5,1,0.16701461377870586,0.30352303523035234,1.0
4,1,0,1,11,3,5,1,0.6972860125260962,0.07588075880758807,0.0
116,0,2,0,5,7,1,0,0.47599164926931103,0.13008130081300812,0.0
15,0,2,2,15,2,5,1,0.5699373695198331,0.16260162601626016,1.0
64,0,0,0,20,0,5,0,0.32150313152400845,0.11382113821138211,0.0
48,1,0,1,15,4,5,0,0.9185803757828812,0.23306233062330622,0.0
5,1,2,2,1,3,5,2,0.9394572025052192,0.010840108401084009,0.0
64,0,2,2,16,3,5,2,0.32150313152400845,0.29268292682926833,0.0
105,0,2,2,2,0,1,1,0.7515657620041754,0.6233062330623306,0.0
30,0,2,3,21,3,5,4,0.8914405010438415,1.0,0.0
5,0,2,0,2,5,5,1,0.9394572025052192,0.2168021680216802,0.0
100,0,2,0,1,7,5,0,0.6784968684759918,0.08130081300813008,0.0
93,0,2,0,14,4,5,0,0.40918580375782887,0.07046070460704607,0.0
94,0,1,0,2,2,5,0,0.6931106471816286,0.9376693766937669,0.0
103,0,2,0,2,4,5,1,0.9791231732776617,0.0921409214092141,1.0
5,0,2,3,21,2,5,2,0.9394572025052192,0.44986449864498645,0.0
47,0,2,0,8,4,5,0,0.778705636743215,0.4823848238482385,0.0
30,0,0,2,7,2,5,0,0.8914405010438415,0.9376693766937669,0.0
4,0,0,1,16,5,5,5,0.6972860125260962,0.027100271002710022,0.0
5,1,0,0,14,4,5,5,0.9394572025052192,0.2710027100271003,0.0
48,0,2,2,11,4,5,1,0.9185803757828812,0.43902439024390244,0.0
48,0,2,0,21,4,5,2,0.9185803757828812,0.8997289972899729,1.0
1,0,2,0,1,4,5,3,0.8872651356993737,0.10298102981029811,0.0
48,0,2,0,4,7,5,4,0.9185803757828812,0.12466124661246611,0.0
5,1,0,0,17,3,5,0,0.9394572025052192,0.11382113821138211,0.0
5,0,2,0,14,4,5,0,0.9394572025052192,0.07046070460704607,0.0
64,0,2,2,15,7,0,0,0.32150313152400845,0.5745257452574526,1.0
64,0,2,0,14,4,1,0,0.32150313152400845,0.21138211382113822,1.0
119,0,2,0,19,4,5,0,0.47599164926931103,0.4715447154471545,0.0
97,1,0,0,14,4,5,5,0.3695198329853864,0.7154471544715447,0.0
64,0,2,0,15,7,5,4,0.32150313152400845,0.11382113821138211,0.0
87,0,2,0,3,4,5,4,0.8058455114822547,1.0,1.0
21,1,0,1,0,4,5,0,0.5594989561586641,0.2222222222222222,1.0
48,0,2,2,21,2,5,0,0.9185803757828812,0.43902439024390244,0.0
106,1,2,4,20,4,5,0,0.2275574112734864,0.17886178861788618,1.0
48,0,2,2,17,3,5,0,0.9185803757828812,0.22764227642276422,0.0
64,0,2,0,15,6,5,1,0.32150313152400845,1.0,1.0
91,0,2,2,21,4,5,0,0.9248434237995826,0.41192411924119243,0.0
64,1,2,1,13,4,5,5,0.32150313152400845,0.17344173441734417,0.0
13,0,2,0,0,2,4,0,0.9519832985386223,0.24390243902439024,0.0
85,0,2,3,21,4,5,4,0.8893528183716073,0.24932249322493225,0.0
77,0,2,2,6,4,5,4,0.6388308977035491,0.41734417344173447,0.0
53,1,0,0,13,4,5,0,0.9415448851774533,0.40650406504065045,1.0
115,0,2,2,5,1,5,0,0.5699373695198331,0.44986449864498645,0.0
122,1,2,0,19,1,5,0,0.9290187891440502,0.13008130081300812,0.0
48,0,2,0,21,3,5,4,0.9185803757828812,0.30352303523035234,1.0
13,0,2,2,6,2,5,2,0.9519832985386223,0.39566395663956644,0.0
63,0,2,2,8,4,5,0,0.6805845511482254,0.016260162601626015,0.0
74,0,2,2,15,4,5,1,0.8830897703549061,0.34688346883468835,0.0
70,0,2,2,21,4,5,0,0.9791231732776617,0.6991869918699186,0.0
13,1,0,1,13,4,5,5,0.9519832985386223,0.15176151761517614,0.0
33,1,2,0,11,6,4,0,0.47599164926931103,0.5149051490514904,1.0
48,0,2,0,6,4,5,1,0.9185803757828812,0.04336043360433604,0.0
64,1,2,1,11,4,5,5,0.32150313152400845,0.08672086720867209,0.0
5,0,2,0,21,1,1,2,0.9394572025052192,0.9701897018970189,0.0
30,0,2,2,15,4,5,0,0.8914405010438415,0.2872628726287263,0.0
78,0,1,0,13,3,5,1,0.7453027139874742,0.037940379403794036,1.0
83,0,1,0,13,4,5,1,0.6096033402922756,0.24932249322493225,1.0
61,0,2,0,15,0,5,1,0.4425887265135702,0.9268292682926829,1.0
64,1,0,2,13,4,5,5,0.32150313152400845,0.8780487804878049,0.0
13,0,2,0,21,4,5,3,0.9519832985386223,0.016260162601626015,0.0
48,0,2,0,3,4,5,0,0.9185803757828812,0.010840108401084009,0.0
5,0,2,0,14,1,5,0,0.9394572025052192,0.2872628726287263,0.0
116,0,1,0,1,4,5,0,0.47599164926931103,0.8021680216802167,1.0
64,0,2,0,3,3,5,0,0.32150313152400845,0.04878048780487805,1.0
13,0,2,0,19,1,5,5,0.9519832985386223,0.6558265582655827,0.0
47,0,2,2,6,7,5,4,0.778705636743215,0.31436314363143636,0.0
13,0,0,2,10,4,5,3,0.9519832985386223,0.14092140921409213,0.0
5,0,2,0,14,4,5,0,0.9394572025052192,0.05962059620596205,0.0
5,1,0,0,0,4,5,5,0.9394572025052192,0.6287262872628726,0.0
5,0,2,3,21,3,5,3,0.9394572025052192,1.0,0.0
18,0,2,0,18,4,5,0,0.3549060542797495,0.027100271002710022,0.0
78,0,2,2,15,1,5,4,0.7453027139874742,0.5636856368563685,0.0
48,0,2,0,21,7,0,4,0.9185803757828812,0.4769647696476965,0.0
91,0,2,0,14,4,5,0,0.9248434237995826,1.0,0.0
5,0,2,0,15,2,5,1,0.9394572025052192,0.0921409214092141,0.0
102,0,2,0,2,4,5,4,0.2275574112734864,0.5745257452574526,1.0
91,0,2,2,15,7,0,0,0.9248434237995826,0.41734417344173447,0.0
64,0,2,0,14,4,5,0,0.32150313152400845,0.5582655826558265,0.0
5,0,2,2,2,7,1,1,0.9394572025052192,0.2818428184281843,0.0
83,0,2,2,15,3,4,0,0.6096033402922756,0.14634146341463414,1.0
42,1,2,0,21,1,4,4,0.47599164926931103,0.12466124661246611,0.0
101,0,2,0,1,1,2,0,0.5929018789144052,0.4281842818428185,0.0
5,0,2,0,21,3,5,4,0.9394572025052192,0.1897018970189702,0.0
5,0,2,0,19,5,5,1,0.9394572025052192,0.1897018970189702,0.0
64,1,0,1,17,4,5,5,0.32150313152400845,0.24390243902439024,1.0
5,1,2,0,12,3,2,4,0.9394572025052192,0.14634146341463414,0.0
64,0,2,0,5,5,5,0,0.32150313152400845,0.14634146341463414,1.0
5,0,2,2,2,4,0,5,0.9394572025052192,1.0,0.0
64,0,2,0,15,3,5,0,0.32150313152400845,0.2981029810298103,1.0
5,0,2,0,21,3,5,1,0.9394572025052192,0.13008130081300812,0.0
65,0,2,0,8,4,5,5,0.8956158663883091,0.17344173441734417,0.0
48,1,0,0,19,4,5,5,0.9185803757828812,0.4932249322493225,1.0
5,0,2,0,21,6,5,1,0.9394572025052192,0.15176151761517614,0.0
30,0,2,2,14,2,5,0,0.8914405010438415,0.027100271002710022,0.0
48,0,2,0,15,0,5,1,0.9185803757828812,0.4932249322493225,0.0
48,1,0,1,13,4,5,5,0.9185803757828812,0.2710027100271003,0.0
64,1,0,0,20,1,5,0,0.32150313152400845,0.4444444444444445,0.0
89,0,2,0,18,4,5,0,0.826722338204593,0.17344173441734417,0.0
5,0,2,0,16,1,5,1,0.9394572025052192,0.4444444444444445,0.0
64,0,2,2,5,4,5,1,0.32150313152400845,0.46070460704607047,0.0
48,0,2,2,14,0,1,1,0.9185803757828812,0.34688346883468835,0.0
38,0,2,0,13,7,5,5,0.7724425887265136,0.3360433604336044,0.0
13,1,0,1,20,4,5,5,0.9519832985386223,0.26558265582655827,0.0
3,1,0,0,14,4,5,0,0.1837160751565763,0.22764227642276422,1.0
102,1,2,0,16,4,5,0,0.2275574112734864,0.981029810298103,1.0
65,0,2,1,16,4,5,0,0.8956158663883091,0.7859078590785907,0.0
48,0,2,0,21,7,0,0,0.9185803757828812,0.4769647696476965,0.0
116,0,1,0,1,0,2,0,0.47599164926931103,0.34146341463414637,0.0
104,1,1,2,14,5,4,0,0.47599164926931103,0.5962059620596206,1.0
3,0,1,1,16,0,5,0,0.1837160751565763,0.26558265582655827,1.0
13,0,2,1,16,2,5,2,0.9519832985386223,0.07588075880758807,1.0
39,1,0,1,14,4,5,0,0.1774530271398751,0.3902439024390244,1.0
13,0,2,0,17,4,5,0,0.9519832985386223,0.5691056910569106,0.0
29,1,1,1,11,4,5,1,0.47599164926931103,0.24932249322493225,1.0
41,0,2,0,13,1,5,0,0.457202505219207,0.5691056910569106,0.0
11,1,2,1,20,4,5,5,0.16701461377870586,0.3631436314363144,1.0
6,0,2,0,13,2,5,2,0.9478079331941547,0.43360433604336046,0.0
47,0,2,1,21,4,5,4,0.778705636743215,0.23306233062330622,0.0
102,1,0,0,13,7,5,0,0.2275574112734864,0.12466124661246611,1.0
85,0,2,2,21,2,4,0,0.8893528183716073,1.0,1.0
91,1,0,0,14,4,5,2,0.9248434237995826,0.05962059620596205,0.0
70,1,2,1,0,4,4,0,0.9791231732776617,0.5311653116531165,0.0
5,0,0,0,21,7,1,4,0.9394572025052192,0.26558265582655827,0.0
64,0,2,0,17,6,5,3,0.32150313152400845,0.2168021680216802,0.0
5,0,2,0,1,4,5,0,0.9394572025052192,0.6775067750677507,0.0
30,0,2,2,11,4,5,0,0.8914405010438415,0.23848238482384823,0.0
13,1,0,0,17,0,4,3,0.9519832985386223,0.24390243902439024,0.0
41,1,2,1,13,4,5,5,0.457202505219207,0.17344173441734417,0.0
64,0,0,2,17,4,5,2,0.32150313152400845,0.3523035230352304,1.0
7,0,2,0,13,1,5,1,0.676409185803758,0.05962059620596205,0.0
13,1,0,0,1,4,5,2,0.9519832985386223,0.04336043360433604,1.0
64,0,0,0,13,4,5,1,0.32150313152400845,0.08672086720867209,0.0
5,0,2,0,14,4,5,5,0.9394572025052192,0.21138211382113822,0.0
13,0,2,0,21,4,5,4,0.9519832985386223,0.027100271002710022,0.0
64,1,0,0,13,5,5,0,0.32150313152400845,0.17886178861788618,1.0
48,0,2,1,11,4,5,0,0.9185803757828812,0.1951219512195122,0.0
41,0,2,0,7,0,5,4,0.457202505219207,0.7533875338753387,0.0
64,0,2,2,16,4,5,0,0.32150313152400845,0.2981029810298103,0.0
102,1,0,0,20,4,5,5,0.2275574112734864,0.7804878048780487,1.0
36,1,1,2,15,5,4,0,0.536534446764092,0.08672086720867209,0.0
5,0,2,0,1,6,5,1,0.9394572025052192,0.9376693766937669,0.0
99,0,2,0,4,4,5,4,0.8643006263048016,0.15718157181571815,0.0
112,1,0,1,11,4,5,5,0.9457202505219209,0.2764227642276423,0.0
15,0,2,0,17,4,5,3,0.5699373695198331,0.8943089430894309,0.0
64,0,2,2,13,4,5,0,0.32150313152400845,0.29268292682926833,1.0
15,1,2,2,13,4,5,1,0.5699373695198331,0.17886178861788618,1.0
64,1,2,1,13,4,5,5,0.32150313152400845,0.43360433604336046,0.0
30,0,2,2,6,2,5,0,0.8914405010438415,0.07588075880758807,0.0
5,0,2,2,9,4,4,3,0.9394572025052192,0.2818428184281843,0.0
64,0,2,0,13,1,5,0,0.32150313152400845,0.41734417344173447,0.0
55,0,2,0,13,1,5,0,0.8517745302713988,0.0975609756097561,1.0
42,0,2,0,2,4,5,0,0.47599164926931103,1.0,0.0
5,0,2,0,21,2,5,4,0.9394572025052192,0.08130081300813008,0.0
64,0,2,0,16,3,5,1,0.32150313152400845,0.2222222222222222,1.0
30,0,2,0,8,3,5,4,0.8914405010438415,0.6775067750677507,0.0
102,0,0,0,15,4,5,0,0.2275574112734864,0.33062330623306235,0.0
78,0,0,0,21,1,5,4,0.7453027139874742,0.3848238482384824,0.0
13,1,2,2,2,4,5,5,0.9519832985386223,0.0921409214092141,1.0
94,0,0,0,7,5,5,4,0.6931106471816286,0.25474254742547425,0.0
13,0,2,1,17,0,5,4,0.9519832985386223,0.5962059620596206,0.0
89,0,2,0,8,1,5,0,0.826722338204593,0.12466124661246611,0.0
51,0,2,0,0,1,5,5,0.9039665970772444,0.02168021680216802,0.0
11,0,2,0,18,0,3,0,0.16701461377870586,0.1951219512195122,1.0
91,0,2,2,4,2,5,0,0.9248434237995826,0.5799457994579945,0.0
64,0,0,0,14,1,5,1,0.32150313152400845,0.22764227642276422,0.0
64,0,0,0,13,4,5,1,0.32150313152400845,0.027100271002710022,1.0
118,0,2,1,6,4,5,3,0.8246346555323592,0.3360433604336044,0.0
49,0,2,0,2,1,5,1,0.9394572025052192,1.0,0.0
66,0,2,2,3,5,5,0,0.47599164926931103,0.05420054200542005,0.0
66,1,2,2,17,4,5,0,0.47599164926931103,0.5257452574525745,1.0
64,0,0,2,11,2,5,0,0.32150313152400845,0.17886178861788618,1.0
5,0,2,0,5,6,5,4,0.9394572025052192,0.5420054200542005,0.0
5,0,2,3,21,6,2,0,0.9394572025052192,0.5582655826558265,1.0
5,0,2,0,21,1,5,1,0.9394572025052192,0.027100271002710022,0.0
48,0,0,0,1,3,5,1,0.9185803757828812,0.08672086720867209,0.0
93,0,2,0,19,1,5,5,0.40918580375782887,0.11924119241192412,0.0
47,0,2,2,17,4,5,0,0.778705636743215,0.027100271002710022,1.0
48,0,2,1,21,4,5,1,0.9185803757828812,0.15718157181571815,0.0
5,0,2,0,15,2,5,0,0.9394572025052192,0.05420054200542005,0.0
64,0,0,0,13,7,5,0,0.32150313152400845,0.04878048780487805,1.0
51,0,2,2,16,4,5,0,0.9039665970772444,0.0921409214092141,0.0
116,1,0,0,0,4,5,5,0.47599164926931103,0.17886178861788618,0.0
13,0,2,0,21,2,5,5,0.9519832985386223,0.6612466124661246,0.0
24,0,2,2,19,4,5,5,0.11899791231732793,0.15176151761517614,1.0
58,1,0,0,11,4,5,5,0.08768267223382065,0.26558265582655827,1.0
77,0,2,0,21,7,5,0,0.6388308977035491,0.3089430894308943,0.0
5,1,2,0,14,6,4,1,0.9394572025052192,0.027100271002710022,0.0
64,0,2,2,14,0,5,0,0.32150313152400845,0.11382113821138211,0.0
39,1,0,0,13,4,5,1,0.1774530271398751,0.010840108401084009,1.0
13,1,2,1,17,4,5,5,0.9519832985386223,0.12466124661246611,0.0
5,1,1,0,9,3,5,1,0.9394572025052192,0.29268292682926833,0.0
99,0,2,3,21,4,5,4,0.8643006263048016,0.5257452574525745,0.0
11,1,0,0,15,4,5,0,0.16701461377870586,0.16802168021680217,1.0
5,0,1,2,8,3,5,0,0.9394572025052192,0.5040650406504065,0.0
48,0,2,0,17,1,5,2,0.9185803757828812,0.5365853658536585,0.0
77,0,1,0,14,4,5,0,0.6388308977035491,0.037940379403794036,0.0
112,0,2,2,7,4,5,0,0.9457202505219209,0.5149051490514904,0.0
64,0,2,0,16,1,5,1,0.32150313152400845,0.06504065040650406,0.0
4,0,2,2,3,6,5,1,0.6972860125260962,0.35772357723577236,0.0
114,1,2,1,2,4,5,5,0.9498956158663885,0.1842818428184282,0.0
69,0,2,1,1,0,0,2,0.7891440501043843,0.40650406504065045,0.0
85,0,2,2,1,4,5,0,0.8893528183716073,0.6558265582655827,0.0
64,1,0,0,14,4,5,0,0.32150313152400845,0.07588075880758807,1.0
64,0,0,0,13,3,5,0,0.32150313152400845,0.2872628726287263,0.0
98,0,2,0,17,3,5,0,0.47599164926931103,0.05420054200542005,0.0
5,0,2,0,2,4,5,2,0.9394572025052192,0.010840108401084009,0.0
64,0,2,0,14,4,5,3,0.32150313152400845,0.05420054200542005,0.0
66,1,0,1,11,4,5,0,0.47599164926931103,0.0921409214092141,0.0
65,0,2,1,19,1,5,1,0.8956158663883091,0.5365853658536585,0.0
5,0,2,0,3,1,5,3,0.9394572025052192,0.2005420054200542,0.0
5,0,2,0,7,0,1,0,0.9394572025052192,0.34688346883468835,0.0
5,0,2,0,21,4,5,4,0.9394572025052192,0.13550135501355012,1.0
51,1,1,2,17,4,4,0,0.9039665970772444,0.027100271002710022,0.0
82,0,2,2,21,4,5,0,0.8768267223382047,0.1842818428184282,0.0
81,1,2,2,19,4,5,1,0.5323590814196242,0.2764227642276423,0.0
5,0,2,0,21,0,5,1,0.9394572025052192,0.13550135501355012,0.0
13,1,0,1,18,6,5,0,0.9519832985386223,1.0,0.0
24,0,2,0,19,4,5,4,0.11899791231732793,0.08672086720867209,0.0
47,1,0,0,13,4,5,5,0.778705636743215,0.04336043360433604,1.0
39,0,2,0,11,4,5,0,0.1774530271398751,0.15176151761517614,0.0
65,0,2,0,21,4,5,4,0.8956158663883091,0.959349593495935,0.0
103,1,0,2,14,6,4,5,0.9791231732776617,0.027100271002710022,0.0
5,0,2,0,4,3,5,3,0.9394572025052192,0.04878048780487805,1.0
48,0,2,2,20,4,5,0,0.9185803757828812,0.7533875338753387,0.0
47,1,0,0,14,4,5,5,0.778705636743215,0.15718157181571815,1.0
5,0,2,0,10,3,5,4,0.9394572025052192,0.5745257452574526,0.0
5,1,2,0,11,4,5,0,0.9394572025052192,0.2981029810298103,1.0
5,0,2,0,17,3,5,3,0.9394572025052192,0.5365853658536585,0.0
50,1,0,0,15,4,5,5,0.6200417536534448,0.005420054200542005,0.0
5,0,2,0,21,6,5,0,0.9394572025052192,0.07588075880758807,0.0
5,0,1,0,11,4,5,0,0.9394572025052192,0.03252032520325203,0.0
4,0,2,2,15,1,5,0,0.6972860125260962,0.25474254742547425,0.0
98,1,0,4,20,4,5,5,0.47599164926931103,0.1951219512195122,1.0
5,1,2,0,13,5,5,1,0.9394572025052192,0.10298102981029811,0.0
95,0,2,0,18,4,5,0,0.8037578288100209,0.6991869918699186,0.0
48,1,0,2,1,4,5,0,0.9185803757828812,0.6504065040650406,0.0
17,0,0,0,15,4,5,0,0.5260960334029228,0.39566395663956644,1.0
5,0,2,0,15,2,5,0,0.9394572025052192,0.34688346883468835,0.0
1,0,2,0,7,0,5,0,0.8872651356993737,0.1897018970189702,0.0
64,0,2,0,21,0,5,5,0.32150313152400845,0.07046070460704607,1.0
30,0,2,2,19,3,5,1,0.8914405010438415,0.2764227642276423,0.0
64,1,0,0,0,4,5,5,0.32150313152400845,0.08130081300813008,1.0
64,0,2,0,4,4,5,2,0.32150313152400845,0.41192411924119243,1.0
5,1,2,2,21,4,5,4,0.9394572025052192,0.24932249322493225,1.0
89,0,2,0,17,1,5,1,0.826722338204593,0.04878048780487805,0.0
34,1,2,1,0,4,5,5,0.8058455114822547,0.13550135501355012,0.0
5,0,2,2,1,2,5,0,0.9394572025052192,0.30352303523035234,0.0
101,0,2,0,21,4,5,0,0.5929018789144052,0.7588075880758808,1.0
36,0,2,0,17,7,1,1,0.536534446764092,0.2981029810298103,0.0
6,0,2,0,2,3,5,1,0.9478079331941547,0.0975609756097561,0.0
13,0,2,0,19,4,5,0,0.9519832985386223,0.3902439024390244,0.0
64,0,2,0,11,1,5,0,0.32150313152400845,0.5365853658536585,0.0
11,0,2,0,11,4,5,0,0.16701461377870586,0.3523035230352304,1.0
64,1,0,2,16,0,5,0,0.32150313152400845,0.15176151761517614,0.0
94,1,0,1,15,4,5,5,0.6931106471816286,0.06504065040650406,0.0
95,1,0,1,14,3,5,0,0.8037578288100209,0.1897018970189702,0.0
5,0,2,0,5,1,5,0,0.9394572025052192,0.26558265582655827,0.0
46,1,2,1,0,4,5,5,0.6179540709812108,0.4444444444444445,1.0
49,0,2,0,10,1,2,0,0.9394572025052192,0.26558265582655827,0.0
91,0,2,0,13,4,5,0,0.9248434237995826,0.14634146341463414,0.0
5,0,2,2,21,4,5,4,0.9394572025052192,0.17886178861788618,0.0
64,0,2,2,6,4,5,5,0.32150313152400845,0.15718157181571815,0.0
5,1,0,1,16,4,2,3,0.9394572025052192,0.14092140921409213,0.0
48,0,2,2,7,4,5,1,0.9185803757828812,0.7425474254742547,0.0
119,0,2,2,6,7,5,0,0.47599164926931103,0.1897018970189702,0.0
64,0,2,0,18,3,5,0,0.32150313152400845,0.25474254742547425,1.0
64,0,2,2,14,0,5,1,0.32150313152400845,0.037940379403794036,1.0
5,0,2,0,5,1,2,0,0.9394572025052192,0.23306233062330622,1.0
85,1,1,1,20,7,5,0,0.8893528183716073,0.11382113821138211,0.0
6,0,2,0,14,4,5,0,0.9478079331941547,0.3089430894308943,0.0
74,0,2,2,21,4,5,4,0.8830897703549061,0.2764227642276423,0.0
64,0,2,0,15,2,5,0,0.32150313152400845,0.2764227642276423,1.0
48,0,2,0,8,4,5,1,0.9185803757828812,0.2764227642276423,0.0
95,1,2,2,16,7,5,4,0.8037578288100209,1.0,0.0
5,0,2,2,21,0,5,4,0.9394572025052192,0.3360433604336044,0.0
96,0,2,0,13,7,5,1,0.8058455114822547,0.016260162601626015,0.0
5,1,0,2,21,1,2,1,0.9394572025052192,0.25474254742547425,0.0
5,0,2,0,19,0,1,1,0.9394572025052192,0.5636856368563685,0.0
101,0,1,0,17,0,4,0,0.5929018789144052,0.8509485094850948,0.0
7,0,2,0,3,4,5,4,0.676409185803758,0.13008130081300812,0.0
15,0,2,0,14,1,5,2,0.5699373695198331,0.6070460704607046,0.0
5,1,0,2,14,4,5,0,0.9394572025052192,0.03252032520325203,1.0
64,0,2,2,16,0,5,0,0.32150313152400845,0.23848238482384823,1.0
48,0,2,2,14,3,5,0,0.9185803757828812,0.1084010840108401,0.0
64,1,2,2,15,4,5,5,0.32150313152400845,0.11924119241192412,0.0
49,0,0,0,14,6,5,0,0.9394572025052192,0.14634146341463414,0.0
64,0,2,0,15,0,5,0,0.32150313152400845,0.7750677506775068,0.0
95,0,2,2,21,4,5,1,0.8037578288100209,0.1084010840108401,0.0
31,0,2,0,16,2,5,0,0.7640918580375784,0.1084010840108401,0.0
5,1,2,0,15,4,5,1,0.9394572025052192,0.11382113821138211,1.0
5,0,2,0,1,1,5,3,0.9394572025052192,0.13550135501355012,0.0
5,0,2,0,21,4,5,0,0.9394572025052192,0.5040650406504065,0.0
5,1,2,0,14,4,5,5,0.9394572025052192,0.17886178861788618,0.0
13,0,2,0,18,4,1,1,0.9519832985386223,0.2818428184281843,0.0
31,0,2,0,6,4,1,0,0.7640918580375784,0.4552845528455285,0.0
2,1,0,0,13,7,1,0,0.8705636743215033,0.04878048780487805,1.0
5,0,2,0,21,7,5,4,0.9394572025052192,0.6666666666666666,0.0
5,0,2,2,14,6,5,0,0.9394572025052192,0.6829268292682926,0.0
15,0,0,1,15,4,5,5,0.5699373695198331,0.16802168021680217,0.0
95,0,1,0,17,4,5,0,0.8037578288100209,0.3360433604336044,0.0
48,0,2,0,3,6,5,0,0.9185803757828812,0.2764227642276423,0.0
5,0,2,0,18,7,1,2,0.9394572025052192,0.2005420054200542,0.0
13,1,2,0,15,4,5,3,0.9519832985386223,0.0975609756097561,1.0
5,0,2,2,2,0,5,4,0.9394572025052192,0.24932249322493225,0.0
5,0,2,0,6,4,5,0,0.9394572025052192,0.2764227642276423,0.0
13,1,1,1,11,0,4,1,0.9519832985386223,0.06504065040650406,0.0
48,0,2,1,6,7,5,4,0.9185803757828812,0.2005420054200542,0.0
64,0,2,0,10,4,5,5,0.32150313152400845,0.3089430894308943,1.0
101,0,2,0,21,4,5,3,0.5929018789144052,0.24390243902439024,0.0
64,1,0,0,11,4,4,5,0.32150313152400845,0.20596205962059622,0.0
30,0,1,2,15,4,5,0,0.8914405010438415,0.1084010840108401,0.0
49,0,2,2,7,1,5,4,0.9394572025052192,0.12466124661246611,0.0
103,0,2,0,21,1,5,4,0.9791231732776617,0.3523035230352304,0.0
64,1,2,0,16,3,5,5,0.32150313152400845,0.1084010840108401,1.0
65,0,1,0,15,4,4,4,0.8956158663883091,0.24390243902439024,0.0
98,0,0,4,17,1,4,1,0.47599164926931103,0.03252032520325203,0.0
2,0,2,0,4,4,5,4,0.8705636743215033,0.5691056910569106,1.0
64,0,2,2,17,1,5,4,0.32150313152400845,0.5962059620596206,1.0
13,0,0,0,19,0,5,1,0.9519832985386223,0.26558265582655827,0.0
5,0,2,0,13,1,1,0,0.9394572025052192,0.5853658536585366,1.0
49,0,2,0,8,3,4,4,0.9394572025052192,0.5040650406504065,0.0
65,0,2,0,14,2,5,0,0.8956158663883091,0.16802168021680217,0.0
5,1,0,2,3,3,4,1,0.9394572025052192,0.8346883468834688,0.0
13,1,0,0,11,4,5,1,0.9519832985386223,0.6720867208672087,0.0
65,0,2,0,13,4,5,1,0.8956158663883091,0.20596205962059622,0.0
114,0,2,0,18,4,5,0,0.9498956158663885,0.17886178861788618,0.0
5,1,0,0,11,4,5,0,0.9394572025052192,0.0975609756097561,1.0
48,0,2,2,21,3,5,5,0.9185803757828812,0.15176151761517614,0.0
5,0,2,0,5,3,5,0,0.9394572025052192,0.8184281842818428,0.0
112,0,2,2,9,4,5,4,0.9457202505219209,0.16260162601626016,0.0
64,0,2,0,20,0,5,0,0.32150313152400845,0.13550135501355012,1.0
31,0,0,1,19,4,5,1,0.7640918580375784,0.6991869918699186,0.0
48,0,2,0,19,1,4,0,0.9185803757828812,0.3089430894308943,0.0
13,0,2,2,21,3,5,1,0.9519832985386223,0.7479674796747967,0.0
48,1,0,0,14,7,0,0,0.9185803757828812,0.17886178861788618,0.0
5,1,0,0,11,4,4,0,0.9394572025052192,0.13008130081300812,1.0
5,0,2,0,21,4,5,0,0.9394572025052192,0.8672086720867208,1.0
47,0,2,2,19,0,5,2,0.778705636743215,0.46070460704607047,0.0
13,1,0,0,18,4,5,5,0.9519832985386223,0.34146341463414637,0.0
5,0,2,0,6,4,5,2,0.9394572025052192,0.6287262872628726,0.0
13,0,2,0,6,4,5,4,0.9519832985386223,0.07046070460704607,0.0
94,0,2,2,21,7,5,2,0.6931106471816286,0.15718157181571815,0.0
122,0,0,0,15,0,5,1,0.9290187891440502,0.2222222222222222,0.0
97,0,2,2,14,4,5,5,0.3695198329853864,0.31436314363143636,0.0
48,1,2,0,15,4,5,0,0.9185803757828812,0.6341463414634146,1.0
21,0,0,0,6,4,5,5,0.5594989561586641,0.30352303523035234,1.0
5,1,0,2,5,3,4,1,0.9394572025052192,0.2764227642276423,1.0
121,0,2,1,11,4,5,0,1.0,0.10298102981029811,0.0
48,0,2,2,14,0,5,1,0.9185803757828812,0.24390243902439024,0.0
64,0,2,0,13,3,5,1,0.32150313152400845,0.17886178861788618,1.0
64,0,2,0,18,4,5,3,0.32150313152400845,0.07046070460704607,0.0
64,0,2,0,17,4,1,1,0.32150313152400845,0.24390243902439024,1.0
64,0,0,2,13,0,5,5,0.32150313152400845,0.0921409214092141,1.0
103,1,2,4,13,4,5,5,0.9791231732776617,0.2764227642276423,0.0
39,0,1,2,21,3,2,2,0.1774530271398751,0.7262872628726287,1.0
15,0,2,2,17,4,5,1,0.5699373695198331,0.016260162601626015,0.0
64,0,0,0,11,4,0,0,0.32150313152400845,0.33062330623306235,1.0
41,1,2,4,20,4,5,0,0.457202505219207,0.07046070460704607,0.0
64,0,2,0,15,4,5,0,0.32150313152400845,1.0,0.0
78,1,1,0,15,4,5,3,0.7453027139874742,0.12466124661246611,0.0
13,0,0,2,6,4,5,1,0.9519832985386223,0.1951219512195122,0.0
95,0,0,2,1,3,5,2,0.8037578288100209,0.07046070460704607,0.0
5,0,2,0,21,3,5,2,0.9394572025052192,0.005420054200542005,0.0
2,1,2,0,13,4,5,0,0.8705636743215033,0.5474254742547425,1.0
60,1,2,0,13,7,5,1,0.47599164926931103,0.22764227642276422,0.0
65,0,2,0,3,1,5,0,0.8956158663883091,0.20596205962059622,0.0
95,0,2,0,2,4,5,0,0.8037578288100209,0.8075880758807588,0.0
64,1,2,0,0,4,5,0,0.32150313152400845,0.5365853658536585,1.0
70,0,2,0,17,2,5,4,0.9791231732776617,0.15176151761517614,0.0
36,0,2,2,6,5,5,3,0.536534446764092,0.26558265582655827,0.0
48,0,0,0,16,4,5,4,0.9185803757828812,0.8943089430894309,1.0
5,1,2,0,0,4,5,0,0.9394572025052192,0.25474254742547425,1.0
5,1,0,2,10,4,4,3,0.9394572025052192,0.1897018970189702,0.0
93,0,2,2,7,4,5,4,0.40918580375782887,0.8617886178861789,0.0
68,0,2,2,13,2,5,0,0.47599164926931103,0.2222222222222222,0.0
5,1,2,1,21,4,5,0,0.9394572025052192,0.016260162601626015,0.0
103,0,2,0,6,1,5,2,0.9791231732776617,0.07046070460704607,1.0
48,0,2,0,21,2,3,4,0.9185803757828812,0.14634146341463414,0.0
24,0,2,0,14,0,5,1,0.11899791231732793,0.0921409214092141,1.0
14,1,0,0,13,4,5,5,0.665970772442589,0.08130081300813008,1.0
41,1,2,1,11,4,5,5,0.457202505219207,0.4715447154471545,0.0
64,0,0,0,20,5,5,0,0.32150313152400845,0.07046070460704607,0.0
48,0,2,2,15,7,1,0,0.9185803757828812,0.31978319783197834,0.0
64,1,0,0,0,5,5,0,0.32150313152400845,0.005420054200542005,1.0
48,0,2,2,13,1,4,0,0.9185803757828812,0.14634146341463414,0.0
95,0,2,2,16,3,5,0,0.8037578288100209,0.44986449864498645,0.0
64,0,2,0,13,4,5,0,0.32150313152400845,0.2764227642276423,1.0
103,0,2,0,6,4,5,4,0.9791231732776617,0.17886178861788618,1.0
39,0,2,0,2,1,5,0,0.1774530271398751,0.6666666666666666,1.0
64,0,2,0,13,0,5,0,0.32150313152400845,0.3089430894308943,0.0
89,0,2,0,5,1,1,0,0.826722338204593,0.04878048780487805,0.0
101,0,2,0,7,4,2,5,0.5929018789144052,1.0,0.0
13,1,2,0,21,0,5,4,0.9519832985386223,0.027100271002710022,0.0
2,0,2,2,15,4,5,1,0.8705636743215033,0.15718157181571815,0.0
50,0,0,0,0,0,5,5,0.6200417536534448,0.8021680216802167,0.0
100,0,2,0,7,4,5,4,0.6784968684759918,0.016260162601626015,1.0
13,0,1,0,9,1,2,2,0.9519832985386223,0.44986449864498645,0.0
5,0,2,0,11,4,5,0,0.9394572025052192,0.23306233062330622,1.0
112,0,2,2,9,3,5,0,0.9457202505219209,0.23306233062330622,0.0
73,1,0,2,14,4,5,5,0.0,0.3523035230352304,1.0
48,0,0,0,15,2,4,0,0.9185803757828812,0.6124661246612466,0.0
95,1,2,3,19,4,5,4,0.8037578288100209,1.0,0.0
21,0,2,0,11,4,5,0,0.5594989561586641,0.15176151761517614,1.0
77,0,2,0,21,4,5,3,0.6388308977035491,0.4823848238482385,0.0
64,1,2,1,11,4,5,5,0.32150313152400845,0.10298102981029811,1.0
11,0,1,0,13,4,5,0,0.16701461377870586,0.3089430894308943,1.0
5,1,2,0,15,4,5,2,0.9394572025052192,0.02168021680216802,0.0
64,1,2,0,6,4,5,5,0.32150313152400845,0.0921409214092141,0.0
48,0,2,0,16,5,5,2,0.9185803757828812,0.6720867208672087,0.0
77,0,2,2,1,2,5,0,0.6388308977035491,0.16802168021680217,0.0
102,0,2,0,16,4,1,0,0.2275574112734864,0.26558265582655827,1.0
5,0,2,0,21,4,5,4,0.9394572025052192,0.24390243902439024,1.0
5,0,2,0,15,1,5,4,0.9394572025052192,1.0,0.0
5,0,2,2,21,6,3,4,0.9394572025052192,0.26558265582655827,0.0
5,0,2,0,7,1,5,1,0.9394572025052192,0.43902439024390244,0.0
4,1,0,0,17,4,5,5,0.6972860125260962,0.02168021680216802,1.0
5,1,2,0,21,1,5,0,0.9394572025052192,0.05962059620596205,0.0
50,1,0,0,15,4,5,0,0.6200417536534448,0.08672086720867209,1.0
5,0,2,0,14,1,5,3,0.9394572025052192,0.2981029810298103,0.0
64,0,2,0,0,4,5,5,0.32150313152400845,0.3631436314363144,1.0
4,0,2,2,1,4,5,0,0.6972860125260962,0.25474254742547425,0.0
99,0,1,2,4,5,5,0,0.8643006263048016,0.21138211382113822,0.0
48,0,2,2,7,4,4,4,0.9185803757828812,0.16260162601626016,0.0
5,0,2,0,12,4,5,4,0.9394572025052192,0.8184281842818428,1.0
55,1,0,2,3,4,4,0,0.8517745302713988,0.8184281842818428,0.0
48,0,2,0,5,0,5,2,0.9185803757828812,0.2222222222222222,0.0
5,0,2,0,8,1,5,1,0.9394572025052192,0.016260162601626015,0.0
5,0,0,2,15,4,5,0,0.9394572025052192,0.29268292682926833,1.0
102,0,2,0,3,4,5,4,0.2275574112734864,0.02168021680216802,0.0
5,0,2,0,15,7,5,0,0.9394572025052192,0.13008130081300812,0.0
101,0,2,1,2,4,5,0,0.5929018789144052,0.0921409214092141,0.0
49,0,2,2,12,6,5,0,0.9394572025052192,0.13008130081300812,0.0
49,0,0,0,16,3,5,1,0.9394572025052192,0.0921409214092141,0.0
101,0,0,0,11,4,0,1,0.5929018789144052,0.2764227642276423,0.0
99,1,0,1,18,4,5,0,0.8643006263048016,0.6070460704607046,0.0
5,1,0,1,16,4,4,1,0.9394572025052192,0.5962059620596206,1.0
5,0,2,0,7,4,1,0,0.9394572025052192,0.44986449864498645,0.0
70,0,2,2,3,3,4,4,0.9791231732776617,0.4444444444444445,0.0
64,0,2,2,15,1,5,0,0.32150313152400845,0.4281842818428185,0.0
117,0,2,0,6,0,5,0,0.4613778705636744,0.23848238482384823,1.0
93,1,0,1,11,4,5,5,0.40918580375782887,0.23306233062330622,1.0
5,0,2,2,1,5,5,1,0.9394572025052192,0.2168021680216802,0.0
43,1,1,0,13,0,1,0,0.47599164926931103,0.07046070460704607,0.0
14,0,2,0,11,4,5,5,0.665970772442589,0.11924119241192412,1.0
99,0,2,2,2,4,5,0,0.8643006263048016,0.3848238482384824,0.0
90,0,2,0,1,0,5,0,0.6367432150313155,0.1951219512195122,0.0
49,0,2,2,5,6,5,4,0.9394572025052192,0.7317073170731707,0.0
5,0,2,0,14,4,4,0,0.9394572025052192,0.25474254742547425,1.0
13,0,2,0,15,3,4,5,0.9519832985386223,0.02168021680216802,0.0
103,0,2,0,21,3,5,1,0.9791231732776617,0.3631436314363144,0.0
70,1,0,1,14,4,5,0,0.9791231732776617,0.005420054200542005,0.0
64,0,0,0,16,1,5,5,0.32150313152400845,0.027100271002710022,1.0
49,1,0,0,13,4,5,5,0.9394572025052192,0.16260162601626016,0.0
122,0,2,0,3,2,5,0,0.9290187891440502,0.10298102981029811,0.0
121,1,2,3,16,2,4,4,1.0,0.6829268292682926,0.0
64,0,2,0,17,3,5,1,0.32150313152400845,0.16802168021680217,0.0
48,0,2,0,12,4,5,0,0.9185803757828812,0.5528455284552846,0.0
101,0,2,0,15,4,5,0,0.5929018789144052,0.12466124661246611,1.0
4,0,2,0,8,4,2,0,0.6972860125260962,0.30352303523035234,0.0
13,1,2,0,6,2,5,4,0.9519832985386223,0.10298102981029811,0.0
98,1,0,0,11,4,5,0,0.47599164926931103,0.11382113821138211,1.0
64,1,0,2,16,4,5,0,0.32150313152400845,0.010840108401084009,1.0
71,0,1,0,14,1,5,0,0.47599164926931103,0.17344173441734417,0.0
64,0,2,2,15,5,5,3,0.32150313152400845,0.31978319783197834,1.0
49,0,2,0,5,0,0,1,0.9394572025052192,0.34146341463414637,0.0
49,0,0,0,18,1,1,0,0.9394572025052192,0.6016260162601625,0.0
64,0,2,0,8,4,5,0,0.32150313152400845,0.4932249322493225,0.0
5,0,2,0,15,4,5,1,0.9394572025052192,0.13008130081300812,1.0
5,0,2,0,0,5,5,5,0.9394572025052192,0.04336043360433604,0.0
13,0,0,1,17,4,5,1,0.9519832985386223,0.43902439024390244,0.0
13,0,2,2,10,4,5,2,0.9519832985386223,0.3360433604336044,0.0
64,1,2,2,21,5,5,0,0.32150313152400845,1.0,1.0
64,0,0,0,16,4,5,2,0.32150313152400845,0.31436314363143636,0.0
103,0,2,1,2,7,5,5,0.9791231732776617,0.33062330623306235,0.0
99,0,2,0,6,5,5,0,0.8643006263048016,0.5636856368563685,0.0
5,0,2,1,1,4,5,0,0.9394572025052192,0.027100271002710022,0.0
15,0,2,0,17,4,5,0,0.5699373695198331,0.3631436314363144,1.0
41,1,2,0,16,4,5,1,0.457202505219207,0.8943089430894309,1.0
64,0,0,0,11,0,4,1,0.32150313152400845,0.4281842818428185,0.0
6,1,2,0,18,6,5,0,0.9478079331941547,0.4661246612466125,0.0
6,0,2,2,5,4,5,4,0.9478079331941547,0.22764227642276422,0.0
61,0,2,0,15,1,5,1,0.4425887265135702,0.07588075880758807,0.0
64,0,2,0,16,0,1,0,0.32150313152400845,0.3089430894308943,1.0
38,0,2,0,2,4,5,4,0.7724425887265136,0.027100271002710022,0.0
5,0,2,0,11,4,5,0,0.9394572025052192,0.6666666666666666,0.0
4,0,2,2,4,2,5,0,0.6972860125260962,0.5745257452574526,0.0
93,0,2,0,12,4,5,4,0.40918580375782887,0.5745257452574526,0.0
5,1,0,0,14,5,5,1,0.9394572025052192,0.44986449864498645,1.0
48,0,2,0,5,2,5,1,0.9185803757828812,0.0975609756097561,0.0
48,0,2,0,11,2,5,0,0.9185803757828812,0.26558265582655827,0.0
4,1,1,2,17,4,5,4,0.6972860125260962,0.7479674796747967,1.0
69,1,2,0,21,4,5,0,0.7891440501043843,0.2872628726287263,1.0
120,0,2,2,21,2,5,4,0.9498956158663885,0.6666666666666666,0.0
95,1,0,1,18,4,5,5,0.8037578288100209,0.35772357723577236,0.0
48,1,2,1,13,4,5,5,0.9185803757828812,0.981029810298103,0.0
101,1,0,1,14,4,5,5,0.5929018789144052,0.8780487804878049,0.0
5,0,2,0,18,4,5,0,0.9394572025052192,0.9268292682926829,0.0
64,0,2,0,14,4,5,0,0.32150313152400845,0.13008130081300812,0.0
5,0,2,0,9,3,5,0,0.9394572025052192,0.005420054200542005,0.0
64,0,2,2,20,1,5,0,0.32150313152400845,0.2818428184281843,0.0
5,0,2,0,18,3,5,0,0.9394572025052192,0.12466124661246611,0.0
5,1,2,2,19,4,5,0,0.9394572025052192,1.0,1.0
11,1,0,0,20,4,5,0,0.16701461377870586,0.46070460704607047,1.0
5,0,2,0,13,2,5,1,0.9394572025052192,0.005420054200542005,0.0
13,0,2,0,11,2,5,0,0.9519832985386223,0.2818428184281843,0.0
24,1,1,0,1,1,1,0,0.11899791231732793,0.30352303523035234,0.0
50,0,2,0,6,4,5,4,0.6200417536534448,0.11924119241192412,0.0
5,0,2,0,6,3,5,4,0.9394572025052192,0.16260162601626016,1.0
49,0,2,1,3,1,5,1,0.9394572025052192,0.39566395663956644,0.0
94,1,2,1,11,4,5,5,0.6931106471816286,0.06504065040650406,0.0
48,0,1,0,2,0,1,0,0.9185803757828812,0.11924119241192412,0.0
49,1,0,0,18,4,5,0,0.9394572025052192,0.20596205962059622,1.0
5,0,2,0,14,0,5,2,0.9394572025052192,0.15176151761517614,1.0
63,0,0,0,16,4,5,0,0.6805845511482254,0.6504065040650406,0.0
48,0,2,0,16,2,5,1,0.9185803757828812,0.12466124661246611,1.0
69,0,0,1,14,4,0,1,0.7891440501043843,0.41734417344173447,0.0
77,0,0,2,18,4,5,1,0.6388308977035491,0.12466124661246611,0.0
49,0,2,0,16,4,5,1,0.9394572025052192,0.44986449864498645,0.0
5,1,0,0,4,4,5,5,0.9394572025052192,1.0,0.0
5,0,2,0,16,3,5,0,0.9394572025052192,1.0,0.0
5,1,2,0,13,4,1,1,0.9394572025052192,0.12466124661246611,0.0
7,0,2,2,14,7,5,0,0.676409185803758,0.31436314363143636,0.0
5,0,2,0,14,0,5,0,0.9394572025052192,0.3685636856368564,0.0
103,0,2,0,19,0,5,0,0.9791231732776617,0.0921409214092141,0.0
48,0,2,0,16,4,5,0,0.9185803757828812,0.34688346883468835,0.0
5,0,2,0,19,4,5,4,0.9394572025052192,0.15718157181571815,0.0
17,0,2,1,15,7,5,1,0.5260960334029228,0.07588075880758807,0.0
74,0,2,2,4,1,5,0,0.8830897703549061,0.2872628726287263,0.0
89,0,0,0,16,7,5,0,0.826722338204593,0.5799457994579945,0.0
114,1,0,0,16,2,4,0,0.9498956158663885,0.016260162601626015,0.0
16,1,2,0,14,4,5,5,0.47599164926931103,0.1084010840108401,0.0
101,0,0,0,17,4,5,0,0.5929018789144052,0.11382113821138211,1.0
5,0,2,0,1,0,5,4,0.9394572025052192,0.8075880758807588,0.0
103,0,2,0,2,1,5,4,0.9791231732776617,0.35772357723577236,0.0
5,0,2,2,9,0,5,1,0.9394572025052192,0.24932249322493225,0.0
7,0,2,0,13,4,5,0,0.676409185803758,0.1951219512195122,0.0
2,0,2,2,21,4,5,0,0.8705636743215033,0.7046070460704607,0.0
49,0,2,2,21,1,5,0,0.9394572025052192,1.0,0.0
48,1,2,3,21,6,2,4,0.9185803757828812,0.23848238482384823,0.0
116,1,2,1,0,4,5,5,0.47599164926931103,0.027100271002710022,0.0
85,0,2,0,2,1,5,0,0.8893528183716073,0.35772357723577236,0.0
88,0,2,0,18,0,5,0,0.5615866388308981,0.6395663956639566,0.0
5,0,2,0,1,0,5,1,0.9394572025052192,0.08130081300813008,0.0
5,0,2,0,19,0,0,0,0.9394572025052192,0.12466124661246611,0.0
64,0,2,0,13,4,5,1,0.32150313152400845,0.5365853658536585,1.0
5,0,2,0,21,2,5,4,0.9394572025052192,0.037940379403794036,0.0
6,0,2,0,3,4,5,0,0.9478079331941547,0.6124661246612466,0.0
6,0,2,2,6,2,5,3,0.9478079331941547,0.6233062330623306,1.0
85,0,2,0,13,7,0,0,0.8893528183716073,0.8888888888888888,0.0
30,1,0,0,13,7,0,0,0.8914405010438415,1.0,0.0
11,1,2,2,15,1,5,4,0.16701461377870586,0.33062330623306235,1.0
64,1,0,0,13,1,5,0,0.32150313152400845,0.26558265582655827,1.0
7,0,2,0,0,1,2,0,0.676409185803758,0.1084010840108401,0.0
65,0,2,0,11,4,5,0,0.8956158663883091,0.14634146341463414,0.0
48,1,2,2,1,4,5,4,0.9185803757828812,0.35772357723577236,0.0
64,0,2,0,14,7,1,0,0.32150313152400845,0.1084010840108401,0.0
24,1,0,1,11,4,5,0,0.11899791231732793,1.0,1.0
55,0,2,0,18,4,5,2,0.8517745302713988,0.24932249322493225,0.0
103,0,2,0,4,3,5,0,0.9791231732776617,0.2872628726287263,1.0
5,0,2,0,17,1,5,0,0.9394572025052192,0.30352303523035234,0.0
5,0,2,0,16,3,4,1,0.9394572025052192,0.1084010840108401,0.0
5,0,2,0,5,4,5,2,0.9394572025052192,0.1084010840108401,1.0
82,1,0,0,18,4,5,1,0.8768267223382047,0.14634146341463414,0.0
64,1,0,2,13,1,5,2,0.32150313152400845,0.39566395663956644,0.0
79,1,0,0,14,4,5,1,0.1941544885177453,0.7967479674796748,0.0
5,1,0,2,19,4,4,5,0.9394572025052192,0.8943089430894309,0.0
5,0,2,2,21,7,5,4,0.9394572025052192,0.2981029810298103,0.0
31,1,0,0,16,4,5,0,0.7640918580375784,0.3902439024390244,0.0
5,0,2,2,21,3,5,2,0.9394572025052192,0.22764227642276422,0.0
5,1,2,4,16,4,5,5,0.9394572025052192,0.2981029810298103,0.0
120,0,2,2,1,4,5,0,0.9498956158663885,1.0,0.0
95,0,2,2,7,4,5,0,0.8037578288100209,0.005420054200542005,0.0
82,0,2,0,21,1,5,4,0.8768267223382047,0.11382113821138211,0.0
5,1,0,1,19,4,5,0,0.9394572025052192,0.31436314363143636,0.0
77,1,1,0,13,4,5,0,0.6388308977035491,0.17886178861788618,1.0
64,1,2,0,14,4,0,0,0.32150313152400845,0.39566395663956644,1.0
48,0,2,0,21,3,5,4,0.9185803757828812,0.016260162601626015,1.0
5,0,2,3,11,7,0,0,0.9394572025052192,0.13550135501355012,0.0
5,0,2,0,19,4,5,0,0.9394572025052192,0.2818428184281843,0.0
48,0,2,0,6,4,5,0,0.9185803757828812,0.016260162601626015,0.0
64,0,2,0,1,4,5,5,0.32150313152400845,0.23306233062330622,1.0
47,0,2,0,3,4,5,4,0.778705636743215,0.1842818428184282,0.0
116,1,2,0,19,1,5,2,0.47599164926931103,0.06504065040650406,0.0
5,0,2,0,12,4,5,4,0.9394572025052192,0.13550135501355012,1.0
64,0,2,2,14,7,0,0,0.32150313152400845,0.41734417344173447,1.0
77,0,2,0,15,7,5,0,0.6388308977035491,0.016260162601626015,0.0
5,1,2,0,21,4,5,0,0.9394572025052192,0.08672086720867209,1.0
93,0,2,0,11,6,5,0,0.40918580375782887,0.6666666666666666,0.0
64,0,2,0,1,4,5,0,0.32150313152400845,0.8021680216802167,1.0
64,1,0,1,13,4,5,5,0.32150313152400845,0.03252032520325203,1.0
49,0,2,0,15,0,5,4,0.9394572025052192,0.05420054200542005,0.0
5,0,2,0,17,3,5,3,0.9394572025052192,0.08130081300813008,0.0
5,0,2,2,21,1,5,4,0.9394572025052192,1.0,0.0
49,0,2,0,2,7,5,1,0.9394572025052192,0.08672086720867209,0.0
6,0,2,0,18,4,5,0,0.9478079331941547,1.0,0.0
64,0,2,2,11,3,5,1,0.32150313152400845,0.2168021680216802,1.0
120,0,2,3,21,1,1,1,0.9498956158663885,0.14634146341463414,0.0
5,0,2,0,9,4,5,0,0.9394572025052192,0.20596205962059622,0.0
51,0,2,2,19,3,5,0,0.9039665970772444,0.12466124661246611,1.0
13,1,0,1,15,4,5,0,0.9519832985386223,0.25474254742547425,0.0
49,1,0,1,13,4,5,1,0.9394572025052192,0.2818428184281843,1.0
118,0,0,1,16,4,1,0,0.8246346555323592,0.26558265582655827,0.0
30,0,2,2,1,4,5,1,0.8914405010438415,0.4281842818428185,0.0
13,0,2,0,9,1,5,4,0.9519832985386223,0.3252032520325204,0.0
13,0,2,0,21,4,5,4,0.9519832985386223,0.010840108401084009,0.0
55,1,2,4,16,7,5,2,0.8517745302713988,0.05962059620596205,0.0
5,0,2,0,21,4,5,4,0.9394572025052192,0.03252032520325203,0.0
48,0,2,0,21,1,5,3,0.9185803757828812,0.2222222222222222,0.0
103,1,1,0,19,4,5,5,0.9791231732776617,0.04336043360433604,1.0
103,0,2,0,7,2,2,0,0.9791231732776617,0.21138211382113822,0.0
94,1,0,1,15,2,5,0,0.6931106471816286,0.005420054200542005,0.0
5,0,2,3,21,4,5,4,0.9394572025052192,0.13008130081300812,0.0
49,1,2,3,21,2,4,4,0.9394572025052192,0.0975609756097561,0.0
48,0,2,0,16,3,5,0,0.9185803757828812,0.25474254742547425,0.0
30,0,2,2,11,7,0,0,0.8914405010438415,0.2872628726287263,0.0
30,1,0,0,14,4,5,0,0.8914405010438415,0.13008130081300812,0.0
48,0,2,0,17,0,5,0,0.9185803757828812,0.05420054200542005,0.0
6,0,0,1,15,7,0,0,0.9478079331941547,0.33062330623306235,0.0
5,1,0,0,0,2,2,0,0.9394572025052192,0.5094850948509485,1.0
5,1,0,1,17,4,5,5,0.9394572025052192,1.0,0.0
6,0,1,0,21,4,5,4,0.9478079331941547,0.07588075880758807,0.0
121,0,2,0,21,5,5,4,1.0,0.027100271002710022,0.0
48,0,2,0,5,7,5,3,0.9185803757828812,0.5799457994579945,0.0
5,0,2,0,16,4,1,0,0.9394572025052192,0.07046070460704607,0.0
12,1,2,1,18,7,5,4,0.47599164926931103,0.10298102981029811,0.0
2,0,2,0,21,4,5,3,0.8705636743215033,0.4281842818428185,0.0
30,0,2,2,2,4,5,1,0.8914405010438415,0.05962059620596205,0.0
5,1,2,4,16,4,5,5,0.9394572025052192,0.4552845528455285,0.0
5,0,2,0,1,4,5,4,0.9394572025052192,0.3089430894308943,0.0
49,0,2,0,21,4,1,0,0.9394572025052192,0.6775067750677507,0.0
5,0,1,0,18,2,5,3,0.9394572025052192,0.4552845528455285,0.0
47,0,1,0,9,3,5,0,0.778705636743215,0.26558265582655827,0.0
13,0,1,0,2,1,5,4,0.9519832985386223,0.23306233062330622,0.0
6,0,2,2,21,1,5,4,0.9478079331941547,0.1951219512195122,0.0
4,0,2,2,21,1,5,2,0.6972860125260962,0.8834688346883468,0.0
49,0,2,0,4,5,5,4,0.9394572025052192,0.04878048780487805,0.0
5,0,2,0,21,7,0,2,0.9394572025052192,0.2818428184281843,0.0
13,1,2,1,15,3,5,4,0.9519832985386223,0.24390243902439024,0.0
45,0,2,2,5,6,4,1,0.6242171189979124,0.1897018970189702,0.0
13,0,2,0,21,4,2,0,0.9519832985386223,0.7425474254742547,0.0
41,1,0,0,0,4,5,0,0.457202505219207,0.4661246612466125,1.0
103,0,2,2,7,6,2,1,0.9791231732776617,0.8943089430894309,0.0
2,0,2,0,21,4,5,5,0.8705636743215033,0.35772357723577236,0.0
13,0,2,1,21,1,5,4,0.9519832985386223,0.0921409214092141,0.0
82,1,2,0,2,4,5,1,0.8768267223382047,0.1951219512195122,1.0
5,0,2,0,21,2,4,1,0.9394572025052192,0.9701897018970189,0.0
15,0,2,2,21,3,5,0,0.5699373695198331,0.027100271002710022,0.0
48,0,2,2,11,0,5,0,0.9185803757828812,0.41734417344173447,0.0
50,0,2,0,19,2,5,4,0.6200417536534448,0.6558265582655827,0.0
94,0,2,0,10,5,5,4,0.6931106471816286,0.8780487804878049,0.0
48,0,2,0,18,2,5,1,0.9185803757828812,1.0,0.0
5,0,2,0,18,2,5,1,0.9394572025052192,0.5474254742547425,0.0
48,1,0,0,11,4,5,5,0.9185803757828812,0.4281842818428185,1.0
6,0,2,0,6,4,5,3,0.9478079331941547,0.1897018970189702,0.0
94,0,2,0,21,2,5,1,0.6931106471816286,0.04336043360433604,0.0
59,0,2,0,1,7,0,0,0.7390396659707728,0.48780487804878053,0.0
11,0,0,0,14,0,5,0,0.16701461377870586,0.13550135501355012,1.0
94,0,2,0,19,4,5,0,0.6931106471816286,0.25474254742547425,0.0
85,0,2,2,21,4,5,4,0.8893528183716073,0.04336043360433604,0.0
36,0,2,2,18,4,5,0,0.536534446764092,0.17344173441734417,1.0
61,0,0,0,15,4,5,0,0.4425887265135702,0.07046070460704607,0.0
13,0,2,0,21,0,5,1,0.9519832985386223,0.4823848238482385,0.0
49,0,2,0,19,4,5,5,0.9394572025052192,0.16802168021680217,1.0
1,1,2,3,21,1,4,4,0.8872651356993737,0.12466124661246611,0.0
13,0,2,2,21,2,5,4,0.9519832985386223,0.1951219512195122,0.0
64,0,0,0,17,4,5,0,0.32150313152400845,0.010840108401084009,1.0
82,0,0,2,19,4,5,4,0.8768267223382047,0.2710027100271003,0.0
5,1,2,0,9,3,5,4,0.9394572025052192,0.16802168021680217,0.0
91,0,2,1,5,7,5,4,0.9248434237995826,0.07046070460704607,0.0
21,1,2,0,0,4,5,5,0.5594989561586641,0.5907859078590786,0.0
13,0,2,0,3,3,5,3,0.9519832985386223,0.1842818428184282,0.0
103,1,2,4,16,4,5,5,0.9791231732776617,0.5311653116531165,0.0
30,0,2,0,21,2,5,5,0.8914405010438415,0.5311653116531165,0.0
5,0,2,0,21,2,4,4,0.9394572025052192,0.41192411924119243,0.0
103,0,2,2,18,4,5,0,0.9791231732776617,0.5907859078590786,0.0
118,0,0,0,16,0,0,3,0.8246346555323592,0.4932249322493225,0.0
70,0,2,3,21,5,5,4,0.9791231732776617,0.2005420054200542,0.0
65,0,2,0,13,4,5,0,0.8956158663883091,0.8346883468834688,1.0
13,1,2,2,21,4,5,4,0.9519832985386223,0.2222222222222222,0.0
48,0,2,0,15,6,4,3,0.9185803757828812,1.0,0.0
47,1,0,1,16,4,5,5,0.778705636743215,1.0,0.0
48,0,2,0,21,0,5,4,0.9185803757828812,0.11382113821138211,0.0
107,1,2,1,20,4,5,4,0.47599164926931103,0.35772357723577236,0.0
49,0,2,0,1,4,5,0,0.9394572025052192,0.3631436314363144,0.0
30,0,2,2,21,1,5,4,0.8914405010438415,0.6233062330623306,0.0
70,1,0,0,17,4,5,1,0.9791231732776617,0.41734417344173447,1.0
112,0,1,0,8,3,5,3,0.9457202505219209,1.0,1.0
103,0,2,1,1,3,5,1,0.9791231732776617,0.17344173441734417,0.0
85,0,2,2,5,7,0,0,0.8893528183716073,0.8401084010840109,0.0
24,1,0,0,20,4,5,0,0.11899791231732793,0.0975609756097561,1.0
13,0,2,0,21,4,5,3,0.9519832985386223,0.037940379403794036,0.0
89,1,0,0,16,4,5,5,0.826722338204593,0.0921409214092141,0.0
13,1,0,2,14,0,4,3,0.9519832985386223,0.21138211382113822,1.0
4,0,2,2,4,4,5,1,0.6972860125260962,0.44986449864498645,1.0
24,0,2,0,21,4,5,5,0.11899791231732793,0.5040650406504065,0.0
5,0,0,1,19,4,5,0,0.9394572025052192,0.8401084010840109,1.0
48,0,2,3,2,1,5,1,0.9185803757828812,0.3089430894308943,0.0
5,0,2,2,21,4,5,4,0.9394572025052192,0.29268292682926833,1.0
48,0,2,0,21,4,5,0,0.9185803757828812,0.22764227642276422,0.0
122,0,2,2,21,2,5,4,0.9290187891440502,0.016260162601626015,0.0
64,0,0,0,18,3,5,1,0.32150313152400845,0.10298102981029811,1.0
15,0,1,0,11,1,5,0,0.5699373695198331,0.08130081300813008,0.0
11,0,1,0,7,4,4,1,0.16701461377870586,0.7859078590785907,1.0
41,1,2,0,13,1,4,0,0.457202505219207,0.3848238482384824,0.0
103,0,2,0,21,4,5,4,0.9791231732776617,0.8455284552845528,0.0
5,0,1,1,3,5,5,4,0.9394572025052192,0.06504065040650406,0.0
106,0,2,1,18,4,5,0,0.2275574112734864,0.10298102981029811,0.0
48,0,2,0,18,0,1,0,0.9185803757828812,0.17344173441734417,0.0
16,1,0,0,0,4,5,0,0.47599164926931103,0.24932249322493225,0.0
57,1,2,0,15,4,5,1,0.6137787056367434,0.1897018970189702,1.0
64,0,2,2,19,4,5,5,0.32150313152400845,0.5365853658536585,1.0
117,0,0,0,16,4,5,0,0.4613778705636744,0.31978319783197834,1.0
5,0,2,0,21,4,5,4,0.9394572025052192,0.027100271002710022,1.0
64,1,2,0,15,4,5,5,0.32150313152400845,0.23848238482384823,1.0
6,0,0,0,6,7,5,0,0.9478079331941547,1.0,0.0
85,0,2,2,7,4,2,1,0.8893528183716073,0.17886178861788618,0.0
30,0,2,2,17,7,5,0,0.8914405010438415,0.17886178861788618,0.0
5,0,2,0,14,1,5,0,0.9394572025052192,0.7154471544715447,0.0
13,0,2,3,21,4,5,1,0.9519832985386223,0.14634146341463414,1.0
29,1,2,0,11,4,5,5,0.47599164926931103,0.2222222222222222,0.0
49,0,2,0,10,4,5,4,0.9394572025052192,0.3848238482384824,0.0
13,0,2,0,7,5,5,1,0.9519832985386223,0.0975609756097561,0.0
5,0,2,2,17,4,5,3,0.9394572025052192,0.1842818428184282,0.0
5,0,2,0,21,1,4,0,0.9394572025052192,0.5745257452574526,1.0
121,0,2,1,6,0,5,1,1.0,0.16802168021680217,1.0
5,0,2,2,13,3,5,0,0.9394572025052192,0.24932249322493225,0.0
50,0,2,0,14,1,4,5,0.6200417536534448,0.2222222222222222,0.0
64,1,0,1,17,4,5,5,0.32150313152400845,0.016260162601626015,0.0
30,0,2,2,21,4,5,5,0.8914405010438415,0.21138211382113822,0.0
83,1,2,0,14,4,5,0,0.6096033402922756,0.23306233062330622,1.0
48,0,1,0,3,2,5,0,0.9185803757828812,0.8997289972899729,0.0
6,0,1,2,8,4,5,4,0.9478079331941547,0.13008130081300812,0.0
61,1,0,0,16,4,5,5,0.4425887265135702,0.8130081300813008,1.0
48,1,2,4,13,4,5,5,0.9185803757828812,0.25474254742547425,0.0
65,0,2,0,1,1,5,0,0.8956158663883091,0.23306233062330622,0.0
30,0,2,2,21,0,5,4,0.8914405010438415,1.0,0.0
5,0,1,2,1,3,4,0,0.9394572025052192,0.16802168021680217,0.0
121,0,0,0,1,4,5,2,1.0,0.14092140921409213,0.0
64,0,2,0,14,4,4,1,0.32150313152400845,0.17344173441734417,0.0
112,0,2,0,16,7,5,0,0.9457202505219209,1.0,0.0
83,0,1,0,1,1,5,1,0.6096033402922756,0.037940379403794036,0.0
6,1,0,0,15,4,5,4,0.9478079331941547,0.037940379403794036,0.0
5,0,2,0,16,4,5,0,0.9394572025052192,0.20596205962059622,1.0
64,1,0,0,13,4,5,0,0.32150313152400845,0.35772357723577236,1.0
64,0,2,0,3,5,1,1,0.32150313152400845,0.010840108401084009,1.0
64,0,2,0,16,3,5,4,0.32150313152400845,0.23848238482384823,1.0
83,0,2,0,15,3,5,0,0.6096033402922756,0.0921409214092141,0.0
5,0,2,2,21,2,5,0,0.9394572025052192,0.1897018970189702,0.0
101,0,2,0,0,4,0,0,0.5929018789144052,0.17886178861788618,0.0
70,1,1,1,11,3,5,5,0.9791231732776617,0.9701897018970189,0.0
21,0,0,0,18,1,5,0,0.5594989561586641,0.016260162601626015,0.0
5,0,2,0,2,0,1,0,0.9394572025052192,0.4010840108401084,0.0
13,0,2,2,2,0,5,1,0.9519832985386223,0.016260162601626015,0.0
2,0,2,2,4,4,5,1,0.8705636743215033,0.4444444444444445,0.0
42,0,2,3,21,4,5,3,0.47599164926931103,0.10298102981029811,0.0
64,0,2,2,15,5,5,0,0.32150313152400845,0.5474254742547425,0.0
13,0,2,2,2,1,5,1,0.9519832985386223,0.26558265582655827,0.0
84,1,2,0,14,4,5,1,0.04801670146137793,0.0921409214092141,0.0
95,1,1,1,11,4,5,5,0.8037578288100209,0.6016260162601625,0.0
11,0,0,0,16,4,5,0,0.16701461377870586,0.10298102981029811,1.0
91,0,2,2,21,4,5,4,0.9248434237995826,0.21138211382113822,0.0
30,0,2,2,10,7,0,0,0.8914405010438415,0.0921409214092141,0.0
65,1,2,0,21,2,4,0,0.8956158663883091,0.17886178861788618,0.0
64,0,0,0,15,4,5,0,0.32150313152400845,0.3794037940379404,1.0
5,1,2,2,6,3,5,1,0.9394572025052192,0.34146341463414637,0.0
16,0,2,0,5,4,5,0,0.47599164926931103,0.8292682926829268,0.0
71,0,2,0,3,4,5,2,0.47599164926931103,0.3848238482384824,1.0
5,0,2,2,21,2,4,4,0.9394572025052192,0.08672086720867209,0.0
5,0,2,0,21,2,2,4,0.9394572025052192,0.10298102981029811,0.0
41,1,0,1,13,4,5,0,0.457202505219207,0.13550135501355012,1.0
5,0,2,0,10,1,5,0,0.9394572025052192,0.4715447154471545,0.0
99,0,2,0,7,4,1,3,0.8643006263048016,0.4010840108401084,0.0
5,0,2,0,0,3,5,0,0.9394572025052192,0.25474254742547425,0.0
112,0,2,0,2,4,1,1,0.9457202505219209,0.8184281842818428,0.0
17,0,2,0,2,0,5,0,0.5260960334029228,0.48780487804878053,0.0
5,1,0,0,11,4,4,0,0.9394572025052192,0.26558265582655827,1.0
5,0,2,2,9,3,5,0,0.9394572025052192,0.23848238482384823,0.0
5,0,2,0,3,1,5,0,0.9394572025052192,0.4010840108401084,1.0
95,1,0,0,13,4,5,0,0.8037578288100209,0.41734417344173447,1.0
13,0,2,1,16,1,5,4,0.9519832985386223,0.2764227642276423,0.0
70,0,2,1,17,1,4,0,0.9791231732776617,0.027100271002710022,0.0
5,0,2,0,16,0,5,0,0.9394572025052192,0.08672086720867209,0.0
48,0,2,0,4,4,5,4,0.9185803757828812,0.07588075880758807,0.0
48,0,2,0,1,4,5,5,0.9185803757828812,0.31978319783197834,0.0
15,0,2,1,16,5,5,0,0.5699373695198331,0.12466124661246611,0.0
64,1,2,0,14,0,5,0,0.32150313152400845,0.07046070460704607,1.0
13,0,2,2,2,5,5,0,0.9519832985386223,0.39566395663956644,0.0
11,1,0,1,13,4,5,0,0.16701461377870586,0.5257452574525745,0.0
5,1,2,3,4,1,4,1,0.9394572025052192,0.42276422764227645,0.0
13,0,2,2,21,5,5,0,0.9519832985386223,0.16802168021680217,0.0
122,0,2,0,21,7,5,4,0.9290187891440502,0.25474254742547425,0.0
6,0,0,1,1,4,5,0,0.9478079331941547,0.42276422764227645,0.0
49,0,2,0,21,4,5,4,0.9394572025052192,0.5040650406504065,0.0
5,0,2,0,21,0,5,1,0.9394572025052192,0.22764227642276422,0.0
30,0,2,0,21,4,5,4,0.8914405010438415,0.8401084010840109,0.0
5,1,2,0,13,0,5,4,0.9394572025052192,0.08672086720867209,0.0
13,0,2,0,7,4,5,0,0.9519832985386223,0.2981029810298103,1.0
32,1,2,0,11,4,5,0,0.03549060542797511,0.5149051490514904,1.0
5,0,2,0,3,3,5,4,0.9394572025052192,0.03252032520325203,0.0
64,0,2,0,14,1,5,3,0.32150313152400845,0.3360433604336044,0.0
5,1,0,0,15,4,5,5,0.9394572025052192,0.24932249322493225,0.0
106,0,2,0,2,4,5,3,0.2275574112734864,0.2764227642276423,0.0
47,0,2,0,1,7,5,0,0.778705636743215,0.14634146341463414,0.0
48,0,2,0,21,2,4,4,0.9185803757828812,0.11924119241192412,0.0
5,0,2,0,21,4,5,4,0.9394572025052192,0.1084010840108401,0.0
5,0,1,0,5,7,5,0,0.9394572025052192,0.04336043360433604,1.0
48,0,2,0,21,4,5,1,0.9185803757828812,1.0,0.0
82,1,0,0,16,4,5,4,0.8768267223382047,0.15176151761517614,0.0
2,1,2,1,14,4,5,0,0.8705636743215033,0.3848238482384824,1.0
5,0,2,2,12,4,5,4,0.9394572025052192,0.07046070460704607,1.0
78,0,2,2,17,7,0,3,0.7453027139874742,0.08130081300813008,0.0
94,0,2,0,18,4,0,0,0.6931106471816286,0.0975609756097561,0.0
5,0,0,0,5,3,5,0,0.9394572025052192,0.05420054200542005,0.0
13,0,2,2,17,1,5,0,0.9519832985386223,0.22764227642276422,0.0
64,1,0,1,20,4,5,5,0.32150313152400845,0.5962059620596206,0.0
4,1,0,2,0,4,4,0,0.6972860125260962,0.23848238482384823,0.0
105,0,0,0,5,1,5,0,0.7515657620041754,0.7317073170731707,0.0
98,0,2,0,1,4,5,0,0.47599164926931103,0.07046070460704607,1.0
13,1,2,1,11,0,1,1,0.9519832985386223,0.31436314363143636,0.0
5,0,2,0,13,4,5,0,0.9394572025052192,0.17344173441734417,1.0
5,1,2,1,17,4,5,0,0.9394572025052192,0.2168021680216802,1.0
5,0,1,2,21,6,4,3,0.9394572025052192,0.05420054200542005,0.0
64,0,2,0,20,0,4,0,0.32150313152400845,0.5474254742547425,1.0
5,1,2,0,1,4,5,1,0.9394572025052192,0.4661246612466125,1.0
15,1,2,2,15,4,5,5,0.5699373695198331,0.42276422764227645,0.0
13,0,2,0,9,4,5,4,0.9519832985386223,1.0,0.0
11,1,2,0,20,4,5,3,0.16701461377870586,0.8509485094850948,0.0
21,1,0,1,13,4,5,0,0.5594989561586641,0.016260162601626015,0.0
79,1,0,0,15,6,5,0,0.1941544885177453,0.6395663956639566,1.0
30,0,2,2,2,4,5,0,0.8914405010438415,0.2981029810298103,0.0
5,0,2,0,21,1,2,0,0.9394572025052192,0.3739837398373984,0.0
49,0,2,2,11,0,5,1,0.9394572025052192,0.3848238482384824,0.0
64,1,2,2,14,6,5,0,0.32150313152400845,0.40650406504065045,1.0
61,0,0,0,13,4,5,0,0.4425887265135702,0.12466124661246611,0.0
64,1,2,1,0,4,5,5,0.32150313152400845,0.7425474254742547,1.0
64,0,2,2,15,4,5,4,0.32150313152400845,0.5799457994579945,1.0
5,0,2,0,15,5,5,1,0.9394572025052192,0.20596205962059622,0.0
4,0,2,2,21,4,5,4,0.6972860125260962,0.03252032520325203,0.0
51,0,0,0,15,4,5,1,0.9039665970772444,0.41192411924119243,1.0
5,0,2,0,20,1,5,0,0.9394572025052192,0.40650406504065045,0.0
64,0,2,0,10,3,5,1,0.32150313152400845,0.05962059620596205,0.0
40,0,0,0,16,4,5,0,0.5532359081419624,0.2222222222222222,0.0
64,0,0,0,11,4,5,0,0.32150313152400845,0.9051490514905148,1.0
5,0,2,0,13,3,5,0,0.9394572025052192,0.13008130081300812,0.0
5,0,2,0,13,0,0,0,0.9394572025052192,0.1084010840108401,0.0
13,1,2,1,21,4,5,4,0.9519832985386223,0.027100271002710022,0.0
64,0,0,2,3,4,4,0,0.32150313152400845,0.1842818428184282,0.0
6,0,2,2,21,2,5,4,0.9478079331941547,0.8726287262872628,0.0
13,0,2,0,14,3,5,0,0.9519832985386223,0.0975609756097561,0.0
6,1,2,0,15,4,5,5,0.9478079331941547,0.15718157181571815,0.0
49,0,2,0,21,4,5,1,0.9394572025052192,0.4823848238482385,1.0
5,1,1,0,14,3,4,0,0.9394572025052192,0.06504065040650406,0.0
13,1,2,2,5,5,5,2,0.9519832985386223,0.1897018970189702,0.0
13,1,0,1,16,4,5,0,0.9519832985386223,1.0,0.0
121,0,2,2,21,4,5,4,1.0,0.25474254742547425,1.0
5,1,2,0,18,4,1,0,0.9394572025052192,0.4769647696476965,0.0
13,1,2,1,13,4,5,5,0.9519832985386223,0.08672086720867209,0.0
103,0,2,0,17,0,5,0,0.9791231732776617,0.9159891598915989,0.0
64,0,2,0,17,1,1,1,0.32150313152400845,0.1842818428184282,0.0
64,0,2,0,19,5,5,3,0.32150313152400845,0.7750677506775068,1.0
115,1,2,0,11,4,5,5,0.5699373695198331,0.11382113821138211,1.0
48,0,2,0,21,7,5,4,0.9185803757828812,0.17344173441734417,0.0
95,1,2,4,18,4,5,5,0.8037578288100209,0.11382113821138211,0.0
64,0,2,0,17,1,1,1,0.32150313152400845,0.40650406504065045,0.0
5,0,2,0,21,4,5,4,0.9394572025052192,0.4715447154471545,1.0
48,0,0,0,3,1,5,0,0.9185803757828812,0.027100271002710022,0.0
64,0,2,0,13,1,5,1,0.32150313152400845,0.8834688346883468,1.0
4,0,2,0,19,4,5,0,0.6972860125260962,0.6883468834688347,0.0
5,1,1,1,15,4,5,0,0.9394572025052192,0.5149051490514904,0.0
64,1,0,0,13,4,5,5,0.32150313152400845,0.2222222222222222,0.0
115,0,1,0,14,7,5,0,0.5699373695198331,1.0,1.0
31,0,2,0,12,4,5,0,0.7640918580375784,0.5636856368563685,0.0
2,0,2,0,21,4,5,0,0.8705636743215033,0.4823848238482385,0.0
51,0,2,2,18,1,5,2,0.9039665970772444,0.29268292682926833,0.0
14,0,0,0,5,3,5,0,0.665970772442589,0.6991869918699186,0.0
5,0,2,2,21,3,5,4,0.9394572025052192,0.21138211382113822,0.0
99,0,2,2,21,4,0,1,0.8643006263048016,0.1084010840108401,0.0
64,0,2,0,15,3,5,5,0.32150313152400845,1.0,1.0
64,1,0,0,14,4,5,5,0.32150313152400845,0.2168021680216802,1.0
5,0,2,0,21,3,5,4,0.9394572025052192,0.13008130081300812,0.0
5,0,2,0,4,5,5,1,0.9394572025052192,0.8726287262872628,0.0
5,0,2,0,17,7,5,4,0.9394572025052192,0.0975609756097561,0.0
95,0,2,0,6,4,5,0,0.8037578288100209,0.12466124661246611,0.0
116,0,2,2,6,4,5,5,0.47599164926931103,0.7100271002710027,0.0
64,1,0,0,11,4,5,5,0.32150313152400845,0.5474254742547425,0.0
64,1,2,2,15,4,2,4,0.32150313152400845,0.5636856368563685,1.0
5,0,0,2,21,3,5,4,0.9394572025052192,1.0,0.0
70,0,2,2,12,3,5,0,0.9791231732776617,0.3089430894308943,0.0
99,0,2,0,15,3,3,0,0.8643006263048016,0.8021680216802167,0.0
5,0,2,2,21,3,5,4,0.9394572025052192,0.12466124661246611,0.0
5,0,1,0,5,4,5,4,0.9394572025052192,0.11382113821138211,0.0
64,0,2,0,14,4,5,0,0.32150313152400845,0.3631436314363144,1.0
13,0,2,2,21,4,5,4,0.9519832985386223,0.11382113821138211,0.0
48,0,2,0,6,2,5,4,0.9185803757828812,0.3523035230352304,1.0
5,0,2,0,21,4,1,1,0.9394572025052192,0.11382113821138211,0.0
5,0,2,0,16,0,0,0,0.9394572025052192,0.04336043360433604,0.0
64,1,2,0,1,6,5,4,0.32150313152400845,0.2601626016260163,1.0
5,1,2,4,14,4,5,5,0.9394572025052192,0.027100271002710022,0.0
95,0,1,0,17,3,5,0,0.8037578288100209,0.2168021680216802,0.0
50,0,1,2,16,4,5,1,0.6200417536534448,0.42276422764227645,0.0
5,0,2,0,1,0,5,1,0.9394572025052192,0.4281842818428185,0.0
5,0,2,0,18,1,5,2,0.9394572025052192,0.037940379403794036,0.0
27,1,2,0,1,0,5,5,0.43841336116910257,0.11382113821138211,0.0
66,0,2,4,14,4,5,0,0.47599164926931103,0.06504065040650406,0.0
7,0,1,1,13,4,1,0,0.676409185803758,0.7154471544715447,0.0
50,0,2,0,17,0,1,0,0.6200417536534448,0.48780487804878053,0.0
117,0,0,0,14,4,2,0,0.4613778705636744,0.17886178861788618,1.0
5,0,2,0,4,1,5,0,0.9394572025052192,0.15176151761517614,0.0
49,1,0,0,16,3,5,0,0.9394572025052192,0.13008130081300812,0.0
95,0,2,2,6,3,5,4,0.8037578288100209,0.04878048780487805,0.0
70,0,2,2,21,3,5,1,0.9791231732776617,0.21138211382113822,0.0
49,0,2,1,21,1,5,4,0.9394572025052192,0.1084010840108401,1.0
5,0,2,0,21,4,3,0,0.9394572025052192,0.2710027100271003,0.0
30,0,2,2,17,4,5,0,0.8914405010438415,0.25474254742547425,0.0
5,0,2,0,21,3,5,4,0.9394572025052192,0.05962059620596205,0.0
5,0,2,0,18,3,3,1,0.9394572025052192,0.6558265582655827,0.0
49,0,2,0,16,7,5,1,0.9394572025052192,0.15176151761517614,0.0
5,0,2,0,21,3,5,4,0.9394572025052192,0.2168021680216802,0.0
101,1,2,1,14,4,5,5,0.5929018789144052,0.04878048780487805,0.0
64,0,2,0,13,7,5,0,0.32150313152400845,0.14634146341463414,1.0
5,0,2,0,21,6,5,0,0.9394572025052192,0.037940379403794036,0.0
5,0,0,0,19,4,2,0,0.9394572025052192,0.2601626016260163,1.0
13,0,1,0,1,1,4,0,0.9519832985386223,0.20596205962059622,0.0
49,1,0,0,13,4,5,5,0.9394572025052192,0.0921409214092141,1.0
48,0,2,0,2,6,5,4,0.9185803757828812,0.016260162601626015,0.0
25,0,1,0,16,4,5,3,0.32359081419624225,0.3848238482384824,0.0
48,0,2,0,12,3,5,4,0.9185803757828812,0.41734417344173447,0.0
48,0,2,2,6,4,5,5,0.9185803757828812,0.21138211382113822,1.0
105,1,0,4,18,4,5,5,0.7515657620041754,0.04878048780487805,0.0
120,0,2,2,21,4,5,0,0.9498956158663885,0.43902439024390244,0.0
50,0,2,2,4,1,4,1,0.6200417536534448,0.05962059620596205,0.0
1,0,0,2,14,4,1,1,0.8872651356993737,0.06504065040650406,1.0
48,0,2,2,10,3,5,1,0.9185803757828812,1.0,0.0
94,0,2,0,18,4,4,1,0.6931106471816286,0.7317073170731707,0.0
5,1,0,0,15,2,2,2,0.9394572025052192,0.027100271002710022,0.0
19,1,2,0,13,4,5,5,0.6471816283924845,0.6937669376693767,0.0
5,0,2,0,1,3,5,0,0.9394572025052192,0.1084010840108401,0.0
5,1,2,0,15,4,5,5,0.9394572025052192,0.05962059620596205,0.0
108,0,2,1,21,4,5,4,0.47599164926931103,0.04878048780487805,0.0
101,1,0,0,17,4,5,1,0.5929018789144052,0.1084010840108401,1.0
5,0,2,2,21,4,5,5,0.9394572025052192,0.2222222222222222,0.0
5,0,2,0,16,1,5,2,0.9394572025052192,0.8943089430894309,1.0
5,0,2,2,21,1,5,0,0.9394572025052192,0.1084010840108401,0.0
120,0,1,2,7,4,5,4,0.9498956158663885,1.0,0.0
104,0,2,0,15,4,5,0,0.47599164926931103,0.03252032520325203,0.0
112,0,2,2,21,2,5,0,0.9457202505219209,0.07046070460704607,0.0
5,0,2,0,21,4,1,0,0.9394572025052192,0.7696476964769647,0.0
5,1,2,4,20,4,5,5,0.9394572025052192,0.20596205962059622,0.0
64,1,0,1,11,4,5,5,0.32150313152400845,0.9159891598915989,0.0
48,0,0,2,13,3,2,0,0.9185803757828812,0.05962059620596205,0.0
5,0,2,0,16,7,4,1,0.9394572025052192,0.29268292682926833,0.0
5,0,2,0,21,1,5,2,0.9394572025052192,1.0,0.0
27,1,2,0,1,6,5,1,0.43841336116910257,0.16802168021680217,0.0
35,0,2,2,2,7,5,4,0.6116910229645096,0.29268292682926833,0.0
78,0,2,0,16,4,4,1,0.7453027139874742,0.11924119241192412,0.0
5,0,2,0,3,1,5,4,0.9394572025052192,0.23848238482384823,0.0
49,0,2,2,21,4,2,4,0.9394572025052192,0.06504065040650406,1.0
48,1,2,4,17,4,5,0,0.9185803757828812,0.4823848238482385,0.0
64,0,2,2,15,4,5,1,0.32150313152400845,0.5745257452574526,0.0
99,0,2,2,16,5,5,2,0.8643006263048016,0.16802168021680217,0.0
48,0,2,0,9,4,5,0,0.9185803757828812,0.07588075880758807,0.0
99,0,2,2,21,1,1,2,0.8643006263048016,0.07046070460704607,0.0
64,0,2,0,13,4,5,0,0.32150313152400845,0.6558265582655827,0.0
15,1,0,0,15,7,0,0,0.5699373695198331,1.0,0.0
7,0,1,0,14,1,5,2,0.676409185803758,0.20596205962059622,0.0
64,1,0,0,13,4,5,5,0.32150313152400845,0.04878048780487805,1.0
64,0,2,0,17,4,5,0,0.32150313152400845,0.15176151761517614,1.0
33,1,0,0,13,1,5,0,0.47599164926931103,0.010840108401084009,0.0
64,0,0,2,11,0,5,0,0.32150313152400845,1.0,1.0
5,0,0,0,17,4,5,2,0.9394572025052192,0.3523035230352304,1.0
5,0,0,0,1,4,5,1,0.9394572025052192,0.3685636856368564,0.0
48,1,2,3,15,2,4,0,0.9185803757828812,0.6883468834688347,0.0
13,0,2,1,5,4,5,2,0.9519832985386223,0.44986449864498645,0.0
64,0,2,0,3,3,5,0,0.32150313152400845,0.5474254742547425,1.0
74,0,2,2,21,0,5,5,0.8830897703549061,0.5094850948509485,0.0
5,0,2,0,21,4,5,4,0.9394572025052192,0.17886178861788618,1.0
13,0,2,0,9,4,5,2,0.9519832985386223,0.11382113821138211,0.0
74,0,2,1,6,4,5,0,0.8830897703549061,0.13008130081300812,0.0
64,0,2,0,15,4,5,3,0.32150313152400845,0.17886178861788618,0.0
2,1,0,0,16,4,5,5,0.8705636743215033,0.7533875338753387,0.0
28,0,2,0,17,4,5,0,0.5678496868475993,0.6829268292682926,0.0
4,0,2,2,1,6,5,0,0.6972860125260962,0.11924119241192412,0.0
30,0,2,2,21,6,5,4,0.8914405010438415,0.22764227642276422,0.0
64,1,2,1,11,4,5,5,0.32150313152400845,0.06504065040650406,0.0
13,0,2,0,21,4,5,4,0.9519832985386223,0.07046070460704607,1.0
5,1,2,0,20,4,5,0,0.9394572025052192,0.7479674796747967,1.0
48,0,2,0,7,1,5,4,0.9185803757828812,0.4823848238482385,0.0
5,1,2,0,19,4,5,0,0.9394572025052192,0.2601626016260163,1.0
116,0,0,0,17,4,5,1,0.47599164926931103,0.07046070460704607,0.0
48,0,2,0,16,4,5,0,0.9185803757828812,0.5474254742547425,0.0
5,1,2,0,15,3,4,1,0.9394572025052192,0.1084010840108401,0.0
13,1,0,1,18,4,5,0,0.9519832985386223,0.42276422764227645,0.0
13,0,1,0,4,4,5,0,0.9519832985386223,0.2005420054200542,0.0
64,1,2,0,17,1,1,0,0.32150313152400845,0.41734417344173447,1.0
61,0,2,0,6,1,5,4,0.4425887265135702,0.4552845528455285,0.0
64,0,2,0,3,4,5,4,0.32150313152400845,0.13008130081300812,1.0
4,0,2,2,2,2,5,0,0.6972860125260962,0.07588075880758807,1.0
6,1,0,0,13,4,5,0,0.9478079331941547,0.13550135501355012,0.0
5,1,2,2,0,4,5,5,0.9394572025052192,0.43360433604336046,1.0
48,0,2,0,11,7,5,1,0.9185803757828812,0.08672086720867209,0.0
48,0,2,0,5,4,1,0,0.9185803757828812,1.0,0.0
43,1,0,0,0,4,5,5,0.47599164926931103,0.39566395663956644,0.0
13,0,2,0,15,7,5,2,0.9519832985386223,0.44986449864498645,0.0
95,0,1,0,16,4,5,0,0.8037578288100209,0.3252032520325204,0.0
5,0,2,0,8,3,5,4,0.9394572025052192,0.5040650406504065,0.0
48,0,2,2,21,7,0,1,0.9185803757828812,0.6991869918699186,0.0
30,0,1,2,14,7,1,0,0.8914405010438415,0.5636856368563685,0.0
5,0,0,3,21,3,4,5,0.9394572025052192,0.2981029810298103,0.0
5,0,2,0,21,3,5,4,0.9394572025052192,0.25474254742547425,0.0
6,1,2,2,4,4,5,1,0.9478079331941547,0.15718157181571815,0.0
64,1,2,0,13,5,5,2,0.32150313152400845,0.08672086720867209,1.0
5,1,0,0,13,4,5,0,0.9394572025052192,0.08672086720867209,1.0
70,0,2,2,19,5,5,0,0.9791231732776617,0.24390243902439024,0.0
64,0,2,1,19,4,5,4,0.32150313152400845,0.027100271002710022,0.0
30,0,2,0,8,5,5,0,0.8914405010438415,0.0921409214092141,0.0
13,0,2,0,21,3,5,4,0.9519832985386223,0.13550135501355012,0.0
91,0,2,2,19,1,5,0,0.9248434237995826,0.08672086720867209,0.0
64,0,2,0,19,1,5,4,0.32150313152400845,0.9376693766937669,0.0
64,1,2,1,15,4,5,5,0.32150313152400845,0.2710027100271003,1.0
30,1,1,0,13,0,5,0,0.8914405010438415,0.07588075880758807,0.0
5,1,2,0,11,4,5,5,0.9394572025052192,0.7859078590785907,0.0
101,1,2,0,10,5,5,4,0.5929018789144052,0.2168021680216802,0.0
64,0,2,0,19,2,5,0,0.32150313152400845,0.2005420054200542,1.0
64,1,0,1,11,4,5,5,0.32150313152400845,0.0921409214092141,0.0
5,0,1,0,0,3,5,0,0.9394572025052192,0.3848238482384824,0.0
48,1,0,0,19,4,5,4,0.9185803757828812,0.4769647696476965,1.0
48,0,2,0,21,4,5,4,0.9185803757828812,0.14092140921409213,0.0
5,0,2,0,2,4,5,0,0.9394572025052192,0.24932249322493225,0.0
49,0,2,0,16,5,4,1,0.9394572025052192,0.6991869918699186,0.0
64,0,0,0,11,0,1,0,0.32150313152400845,0.16802168021680217,1.0
64,1,0,0,13,4,5,5,0.32150313152400845,0.2818428184281843,1.0
11,0,2,0,17,5,3,2,0.16701461377870586,0.6124661246612466,1.0
64,1,2,0,13,1,5,2,0.32150313152400845,0.3685636856368564,1.0
48,0,2,0,21,1,5,1,0.9185803757828812,0.08672086720867209,0.0
5,0,2,2,6,1,5,1,0.9394572025052192,0.016260162601626015,0.0
5,0,1,0,1,2,5,1,0.9394572025052192,0.1951219512195122,0.0
42,0,2,0,13,4,5,0,0.47599164926931103,0.2764227642276423,0.0
64,0,2,2,15,7,5,1,0.32150313152400845,0.23306233062330622,0.0
5,0,2,2,5,4,1,0,0.9394572025052192,0.17886178861788618,0.0
5,0,2,0,14,4,5,3,0.9394572025052192,0.11382113821138211,0.0
121,0,2,2,21,4,5,0,1.0,0.17886178861788618,0.0
95,0,2,0,0,7,5,0,0.8037578288100209,0.0975609756097561,0.0
64,0,2,0,14,1,5,1,0.32150313152400845,0.5040650406504065,1.0
5,0,2,0,21,3,5,5,0.9394572025052192,0.5853658536585366,0.0
24,0,0,1,15,4,5,5,0.11899791231732793,0.5257452574525745,0.0
5,0,2,0,17,3,5,5,0.9394572025052192,0.16260162601626016,0.0
48,1,2,1,0,4,5,0,0.9185803757828812,0.6341463414634146,1.0
29,0,2,0,15,4,5,2,0.47599164926931103,0.2222222222222222,0.0
5,0,2,0,7,6,5,0,0.9394572025052192,1.0,0.0
48,0,2,0,19,3,5,0,0.9185803757828812,0.037940379403794036,0.0
64,0,2,0,15,2,5,0,0.32150313152400845,0.15718157181571815,0.0
64,0,2,0,16,4,5,0,0.32150313152400845,0.3739837398373984,1.0
16,1,2,0,16,4,5,5,0.47599164926931103,0.5691056910569106,1.0
30,0,2,2,21,4,5,1,0.8914405010438415,0.11924119241192412,0.0
13,0,2,2,15,3,5,0,0.9519832985386223,0.2168021680216802,0.0
5,0,1,0,16,4,5,5,0.9394572025052192,0.4444444444444445,0.0
70,0,0,0,6,1,5,4,0.9791231732776617,0.14634146341463414,0.0
13,1,0,0,5,7,0,0,0.9519832985386223,0.14634146341463414,1.0
64,0,2,0,1,0,1,1,0.32150313152400845,0.10298102981029811,1.0
5,1,2,3,6,3,5,1,0.9394572025052192,0.7967479674796748,0.0
69,1,0,1,11,7,5,5,0.7891440501043843,0.22764227642276422,0.0
71,0,2,0,18,1,4,2,0.47599164926931103,0.03252032520325203,0.0
4,0,2,2,2,5,5,0,0.6972860125260962,0.43360433604336046,0.0
13,0,0,0,17,7,0,1,0.9519832985386223,0.959349593495935,0.0
112,1,0,0,11,4,5,0,0.9457202505219209,0.41192411924119243,1.0
3,1,0,0,13,4,5,5,0.1837160751565763,0.12466124661246611,0.0
5,0,2,0,21,4,4,4,0.9394572025052192,0.26558265582655827,1.0
93,0,2,0,1,4,5,1,0.40918580375782887,0.02168021680216802,0.0
5,0,2,3,21,0,0,4,0.9394572025052192,0.2168021680216802,0.0
11,0,2,0,16,4,5,2,0.16701461377870586,0.16802168021680217,1.0
49,0,2,0,15,4,1,0,0.9394572025052192,0.5474254742547425,0.0
13,0,2,2,2,4,5,1,0.9519832985386223,0.33062330623306235,0.0
1,0,2,2,18,4,5,1,0.8872651356993737,0.2818428184281843,0.0
24,0,2,0,20,4,5,0,0.11899791231732793,0.11382113821138211,1.0
91,0,2,0,21,1,5,4,0.9248434237995826,0.3848238482384824,0.0
48,1,0,0,0,4,5,0,0.9185803757828812,0.2222222222222222,1.0
48,0,2,0,1,0,5,1,0.9185803757828812,0.48780487804878053,0.0
7,1,2,2,0,4,5,0,0.676409185803758,0.07588075880758807,0.0
30,0,2,2,16,5,4,2,0.8914405010438415,0.17886178861788618,0.0
48,1,0,1,16,4,5,5,0.9185803757828812,0.5149051490514904,0.0
30,0,2,2,1,1,5,2,0.8914405010438415,0.1842818428184282,0.0
5,1,2,0,21,4,5,1,0.9394572025052192,0.14634146341463414,1.0
64,1,1,1,14,0,5,0,0.32150313152400845,0.7696476964769647,0.0
112,0,0,2,19,4,5,3,0.9457202505219209,0.5420054200542005,1.0
49,0,2,2,21,4,5,4,0.9394572025052192,0.3360433604336044,1.0
5,0,2,0,21,3,5,4,0.9394572025052192,0.1897018970189702,0.0
64,0,0,0,15,0,0,0,0.32150313152400845,0.04336043360433604,1.0
48,0,2,2,7,7,5,0,0.9185803757828812,0.23848238482384823,0.0
5,0,2,1,10,4,5,3,0.9394572025052192,0.15176151761517614,0.0
64,1,0,0,13,4,4,0,0.32150313152400845,0.07046070460704607,0.0
5,0,2,0,6,4,1,0,0.9394572025052192,1.0,0.0
5,0,2,2,10,4,5,0,0.9394572025052192,0.4281842818428185,0.0
48,0,2,0,9,4,5,4,0.9185803757828812,0.12466124661246611,0.0
31,0,1,2,15,0,5,0,0.7640918580375784,0.8075880758807588,0.0
48,0,2,0,12,7,0,1,0.9185803757828812,0.23306233062330622,0.0
48,0,2,2,0,0,5,0,0.9185803757828812,0.3685636856368564,0.0
114,0,2,0,12,4,5,1,0.9498956158663885,0.016260162601626015,0.0
64,0,2,0,1,3,5,4,0.32150313152400845,0.4552845528455285,0.0
5,0,2,0,2,7,5,4,0.9394572025052192,0.05420054200542005,0.0
64,0,0,2,0,4,5,0,0.32150313152400845,0.11382113821138211,0.0
5,0,0,0,14,4,5,0,0.9394572025052192,0.10298102981029811,0.0
64,0,2,2,17,4,5,1,0.32150313152400845,0.44986449864498645,0.0
74,0,2,2,7,4,5,4,0.8830897703549061,0.08672086720867209,0.0
29,1,2,0,15,0,5,0,0.47599164926931103,0.25474254742547425,1.0
64,1,0,1,15,4,5,1,0.32150313152400845,0.34146341463414637,0.0
2,1,2,0,11,4,5,5,0.8705636743215033,0.3685636856368564,0.0
47,0,0,1,14,4,5,1,0.778705636743215,0.7750677506775068,0.0
5,1,2,3,21,1,5,0,0.9394572025052192,0.11382113821138211,0.0
2,0,2,0,19,4,5,1,0.8705636743215033,0.027100271002710022,1.0
64,1,0,0,16,3,4,0,0.32150313152400845,0.07588075880758807,1.0
64,0,2,2,2,2,5,1,0.32150313152400845,0.04878048780487805,1.0
5,0,2,2,21,1,5,4,0.9394572025052192,0.04878048780487805,0.0
5,0,2,0,5,1,5,0,0.9394572025052192,0.15176151761517614,0.0
5,0,2,0,14,4,5,0,0.9394572025052192,0.2222222222222222,0.0
5,0,2,0,21,4,5,3,0.9394572025052192,0.3685636856368564,1.0
13,1,2,1,19,4,5,5,0.9519832985386223,0.24390243902439024,0.0
29,0,2,1,3,4,5,0,0.47599164926931103,0.25474254742547425,1.0
5,0,2,2,1,4,5,0,0.9394572025052192,0.08130081300813008,0.0
49,0,1,0,17,4,2,1,0.9394572025052192,0.39566395663956644,0.0
5,0,2,1,2,1,5,4,0.9394572025052192,0.6395663956639566,0.0
55,0,2,0,10,1,5,0,0.8517745302713988,0.08672086720867209,0.0
64,0,2,2,20,4,5,0,0.32150313152400845,0.13550135501355012,1.0
5,0,2,0,6,0,5,4,0.9394572025052192,0.24390243902439024,0.0
70,0,2,1,18,0,1,2,0.9791231732776617,0.027100271002710022,0.0
5,0,2,0,21,4,5,4,0.9394572025052192,0.1084010840108401,0.0
49,0,2,2,21,2,4,0,0.9394572025052192,0.24390243902439024,0.0
5,1,2,0,21,4,5,1,0.9394572025052192,0.25474254742547425,0.0
85,1,0,0,15,4,5,0,0.8893528183716073,0.5257452574525745,0.0
4,0,2,4,2,4,5,4,0.6972860125260962,0.41734417344173447,0.0
64,0,2,0,5,3,5,0,0.32150313152400845,0.07046070460704607,1.0
5,1,0,1,16,4,4,0,0.9394572025052192,0.12466124661246611,0.0
21,1,0,0,13,4,5,5,0.5594989561586641,0.43902439024390244,0.0
66,0,2,2,2,3,5,0,0.47599164926931103,0.4444444444444445,0.0
64,1,2,1,20,4,5,5,0.32150313152400845,0.29268292682926833,0.0
47,1,0,2,6,4,5,5,0.778705636743215,0.05962059620596205,0.0
70,1,0,1,13,3,5,2,0.9791231732776617,0.1897018970189702,0.0
48,0,2,0,6,0,1,0,0.9185803757828812,0.6124661246612466,0.0
5,0,2,2,0,7,0,0,0.9394572025052192,0.41734417344173447,0.0
30,0,2,2,1,4,1,2,0.8914405010438415,0.21138211382113822,0.0
5,0,2,2,8,1,5,1,0.9394572025052192,0.44986449864498645,0.0
91,1,0,0,2,4,5,0,0.9248434237995826,0.41192411924119243,1.0
2,0,2,0,19,7,5,4,0.8705636743215033,0.0921409214092141,0.0
103,1,2,1,10,4,5,4,0.9791231732776617,0.2981029810298103,0.0
11,0,2,0,14,4,5,0,0.16701461377870586,0.1897018970189702,1.0
5,0,2,2,6,2,5,3,0.9394572025052192,0.22764227642276422,0.0
103,1,2,3,21,4,5,4,0.9791231732776617,0.2764227642276423,0.0
50,0,2,1,21,4,5,0,0.6200417536534448,0.5474254742547425,0.0
64,0,0,0,15,4,5,5,0.32150313152400845,0.21138211382113822,0.0
64,0,0,0,13,0,0,0,0.32150313152400845,1.0,1.0
70,0,2,2,8,5,4,1,0.9791231732776617,0.12466124661246611,0.0
13,0,2,0,18,0,5,4,0.9519832985386223,0.3902439024390244,0.0
64,1,0,1,15,4,5,5,0.32150313152400845,0.07046070460704607,1.0
6,0,2,0,19,5,5,0,0.9478079331941547,0.2872628726287263,0.0
102,0,2,2,13,1,5,2,0.2275574112734864,0.31978319783197834,0.0
33,0,0,2,2,4,5,1,0.47599164926931103,0.06504065040650406,1.0
103,0,2,2,21,4,5,1,0.9791231732776617,0.26558265582655827,0.0
122,0,2,0,14,7,0,0,0.9290187891440502,0.3685636856368564,0.0
4,1,2,0,13,4,5,2,0.6972860125260962,0.2005420054200542,0.0
49,0,2,0,12,3,3,4,0.9394572025052192,0.23848238482384823,0.0
84,1,2,0,11,4,5,0,0.04801670146137793,0.11924119241192412,0.0
13,1,2,1,0,7,2,5,0.9519832985386223,0.2818428184281843,0.0
13,0,2,0,12,4,5,4,0.9519832985386223,0.8401084010840109,0.0
33,1,0,1,15,4,5,0,0.47599164926931103,0.05962059620596205,0.0
95,0,0,0,15,0,5,0,0.8037578288100209,1.0,0.0
30,0,2,2,21,4,5,0,0.8914405010438415,0.4823848238482385,0.0
116,1,2,1,15,4,5,5,0.47599164926931103,0.26558265582655827,0.0
13,1,0,0,0,0,0,0,0.9519832985386223,0.07046070460704607,0.0
6,1,0,2,21,5,2,1,0.9478079331941547,0.12466124661246611,0.0
5,0,0,2,16,3,5,2,0.9394572025052192,0.29268292682926833,0.0
5,1,2,0,19,4,5,0,0.9394572025052192,0.23306233062330622,0.0
64,0,2,0,1,0,0,0,0.32150313152400845,0.12466124661246611,0.0
48,0,2,0,11,0,5,0,0.9185803757828812,0.8780487804878049,0.0
55,0,2,2,6,1,5,0,0.8517745302713988,0.31978319783197834,0.0
11,0,2,0,18,4,5,0,0.16701461377870586,1.0,1.0
65,1,2,1,0,4,5,5,0.8956158663883091,0.24932249322493225,1.0
4,0,2,0,6,4,5,4,0.6972860125260962,0.1084010840108401,0.0
103,0,2,3,18,2,4,2,0.9791231732776617,1.0,0.0
65,0,2,0,7,7,1,0,0.8956158663883091,0.16260162601626016,0.0
95,0,2,2,19,1,5,1,0.8037578288100209,0.2222222222222222,1.0
5,0,2,0,16,4,5,0,0.9394572025052192,1.0,0.0
68,0,2,1,14,1,5,1,0.47599164926931103,0.23848238482384823,1.0
5,1,0,0,20,4,5,0,0.9394572025052192,0.005420054200542005,0.0
39,0,2,0,14,1,5,0,0.1774530271398751,0.11382113821138211,0.0
6,0,2,0,7,4,5,4,0.9478079331941547,0.33062330623306235,0.0
5,0,2,0,21,0,5,4,0.9394572025052192,0.037940379403794036,0.0
48,0,2,2,7,4,5,5,0.9185803757828812,0.016260162601626015,0.0
70,1,2,3,14,4,4,0,0.9791231732776617,0.06504065040650406,0.0
5,0,2,2,21,2,5,2,0.9394572025052192,0.7208672086720866,0.0
64,1,0,2,0,4,5,5,0.32150313152400845,0.08130081300813008,0.0
49,1,2,4,14,4,5,5,0.9394572025052192,0.2168021680216802,0.0
13,0,0,0,10,1,5,0,0.9519832985386223,0.5962059620596206,0.0
49,0,2,0,21,4,5,4,0.9394572025052192,0.23848238482384823,1.0
116,1,0,0,11,4,5,5,0.47599164926931103,0.2222222222222222,0.0
43,1,0,0,15,7,4,0,0.47599164926931103,0.5799457994579945,0.0
55,0,2,2,2,1,5,0,0.8517745302713988,0.027100271002710022,0.0
49,0,2,0,7,4,5,3,0.9394572025052192,0.08672086720867209,0.0
116,0,2,0,5,4,5,0,0.47599164926931103,0.7804878048780487,0.0
64,0,0,0,14,4,5,0,0.32150313152400845,0.11924119241192412,1.0
5,0,2,0,18,4,5,0,0.9394572025052192,0.11382113821138211,0.0
91,0,2,0,17,1,5,0,0.9248434237995826,0.1084010840108401,0.0
101,0,2,2,18,4,5,0,0.5929018789144052,0.26558265582655827,0.0
35,0,2,0,3,4,5,0,0.6116910229645096,1.0,0.0
91,0,2,0,21,2,5,2,0.9248434237995826,0.11924119241192412,0.0
5,1,2,0,9,2,4,0,0.9394572025052192,0.4281842818428185,0.0
64,0,2,2,14,1,5,0,0.32150313152400845,0.16802168021680217,1.0
30,1,1,2,13,2,5,4,0.8914405010438415,0.1842818428184282,0.0
5,0,2,0,21,3,5,4,0.9394572025052192,0.3739837398373984,0.0
5,1,2,0,11,5,3,0,0.9394572025052192,0.41734417344173447,1.0
83,0,2,0,18,4,5,4,0.6096033402922756,0.4661246612466125,0.0
5,1,0,0,15,0,4,0,0.9394572025052192,0.2168021680216802,0.0
113,0,0,0,11,6,5,0,0.47599164926931103,0.9159891598915989,0.0
13,0,2,0,7,2,5,1,0.9519832985386223,0.31978319783197834,0.0
93,0,1,0,14,3,5,5,0.40918580375782887,0.11382113821138211,0.0
5,0,2,0,1,3,5,0,0.9394572025052192,0.2764227642276423,0.0
64,0,2,0,18,4,5,0,0.32150313152400845,0.04878048780487805,1.0
99,0,2,0,2,0,5,0,0.8643006263048016,0.07588075880758807,0.0
112,0,2,0,1,1,5,4,0.9457202505219209,0.12466124661246611,0.0
49,1,0,1,11,4,5,5,0.9394572025052192,0.46070460704607047,0.0
48,0,2,0,21,4,5,2,0.9185803757828812,0.04336043360433604,0.0
5,1,1,0,19,4,5,1,0.9394572025052192,0.41192411924119243,1.0
1,0,2,0,3,4,5,0,0.8872651356993737,0.5040650406504065,0.0
64,0,2,2,15,4,5,0,0.32150313152400845,0.2981029810298103,0.0
13,1,0,0,17,6,4,5,0.9519832985386223,0.04336043360433604,0.0
48,0,2,2,19,1,2,0,0.9185803757828812,0.037940379403794036,0.0
64,1,0,1,13,4,5,0,0.32150313152400845,0.2764227642276423,0.0
13,1,0,1,16,3,5,5,0.9519832985386223,0.3848238482384824,0.0
89,1,2,0,1,4,5,0,0.826722338204593,0.26558265582655827,0.0
112,0,2,3,21,5,5,4,0.9457202505219209,0.06504065040650406,0.0
5,0,2,2,21,4,5,4,0.9394572025052192,0.23306233062330622,1.0
47,0,1,0,2,4,5,1,0.778705636743215,0.2005420054200542,0.0
64,0,2,2,18,4,5,1,0.32150313152400845,0.3631436314363144,1.0
48,0,1,0,16,0,5,3,0.9185803757828812,0.11924119241192412,1.0
116,0,2,0,0,0,0,0,0.47599164926931103,0.16802168021680217,0.0
2,1,0,1,19,4,5,1,0.8705636743215033,0.35772357723577236,0.0
5,1,0,1,16,4,5,5,0.9394572025052192,0.25474254742547425,0.0
64,0,2,0,17,3,5,5,0.32150313152400845,0.027100271002710022,0.0
64,0,2,0,21,3,5,4,0.32150313152400845,0.33062330623306235,0.0
11,0,0,2,6,4,5,1,0.16701461377870586,0.29268292682926833,0.0
64,0,0,0,16,3,5,0,0.32150313152400845,0.39566395663956644,0.0
122,1,2,1,18,6,4,0,0.9290187891440502,0.2222222222222222,0.0
64,0,2,0,14,4,5,1,0.32150313152400845,0.6016260162601625,1.0
89,1,2,0,2,4,5,4,0.826722338204593,0.23848238482384823,1.0
5,0,2,0,12,4,5,0,0.9394572025052192,0.29268292682926833,1.0
5,0,2,2,21,2,2,4,0.9394572025052192,0.5420054200542005,0.0
112,1,2,2,10,5,5,4,0.9457202505219209,0.16260162601626016,0.0
5,0,2,2,21,4,5,1,0.9394572025052192,0.10298102981029811,1.0
64,0,2,0,3,3,5,5,0.32150313152400845,0.1842818428184282,1.0
13,0,2,0,7,4,5,4,0.9519832985386223,0.21138211382113822,0.0
48,0,2,0,21,7,5,0,0.9185803757828812,0.1842818428184282,0.0
15,0,1,0,2,4,5,0,0.5699373695198331,0.14634146341463414,0.0
74,0,2,3,21,3,5,4,0.8830897703549061,0.05420054200542005,0.0
5,1,1,0,17,5,2,1,0.9394572025052192,0.04878048780487805,0.0
48,0,2,0,21,1,5,4,0.9185803757828812,0.981029810298103,0.0
91,0,2,0,4,0,5,1,0.9248434237995826,0.15718157181571815,0.0
5,0,2,0,4,2,5,0,0.9394572025052192,0.3739837398373984,0.0
55,1,0,0,19,4,5,0,0.8517745302713988,0.1084010840108401,1.0
64,0,0,4,11,1,4,1,0.32150313152400845,0.26558265582655827,1.0
13,0,2,2,21,4,1,1,0.9519832985386223,0.016260162601626015,0.0
77,0,2,0,2,0,5,1,0.6388308977035491,0.26558265582655827,0.0
5,0,2,0,8,4,1,1,0.9394572025052192,0.037940379403794036,0.0
13,1,0,0,1,7,5,1,0.9519832985386223,0.3089430894308943,0.0
112,0,2,0,1,4,5,4,0.9457202505219209,0.8617886178861789,1.0
48,1,1,0,20,4,5,5,0.9185803757828812,0.1842818428184282,0.0
21,1,0,0,11,4,5,5,0.5594989561586641,0.0921409214092141,0.0
13,0,2,0,7,4,1,0,0.9519832985386223,0.7208672086720866,0.0
30,1,0,2,1,7,1,0,0.8914405010438415,0.4281842818428185,0.0
5,0,2,0,14,4,1,0,0.9394572025052192,0.16260162601626016,0.0
5,0,2,0,16,4,5,0,0.9394572025052192,0.12466124661246611,0.0
48,0,2,0,21,4,5,4,0.9185803757828812,0.5636856368563685,0.0
64,0,2,0,6,2,5,0,0.32150313152400845,0.07046070460704607,1.0
36,0,2,0,16,4,5,0,0.536534446764092,0.6558265582655827,1.0
101,0,2,0,17,1,5,0,0.5929018789144052,0.5365853658536585,0.0
5,1,2,0,11,1,4,1,0.9394572025052192,0.1842818428184282,1.0
99,0,2,0,15,4,5,0,0.8643006263048016,0.1084010840108401,0.0
48,0,2,0,14,2,5,0,0.9185803757828812,0.3089430894308943,0.0
64,0,0,2,11,5,5,5,0.32150313152400845,0.07588075880758807,0.0
61,0,2,0,17,4,5,0,0.4425887265135702,0.3902439024390244,0.0
31,0,2,0,7,2,5,4,0.7640918580375784,0.6991869918699186,0.0
15,0,0,2,20,4,5,0,0.5699373695198331,0.0975609756097561,0.0
119,0,2,2,21,7,4,5,0.47599164926931103,0.29268292682926833,0.0
48,1,2,0,6,4,5,4,0.9185803757828812,0.4823848238482385,0.0
5,0,2,0,21,4,5,3,0.9394572025052192,0.14634146341463414,0.0
64,0,2,0,16,5,5,5,0.32150313152400845,0.43360433604336046,1.0
105,0,2,0,6,0,5,1,0.7515657620041754,0.08130081300813008,0.0
65,0,2,0,12,6,5,0,0.8956158663883091,0.15718157181571815,0.0
2,0,2,1,5,4,5,0,0.8705636743215033,0.4769647696476965,0.0
99,1,0,0,11,4,5,0,0.8643006263048016,0.10298102981029811,0.0
85,0,2,0,4,1,5,4,0.8893528183716073,0.05962059620596205,0.0
64,1,2,2,11,4,5,0,0.32150313152400845,0.1951219512195122,0.0
2,0,2,1,2,7,5,0,0.8705636743215033,0.037940379403794036,1.0
5,0,2,0,5,1,5,0,0.9394572025052192,1.0,0.0
5,0,2,0,21,4,1,0,0.9394572025052192,0.16260162601626016,0.0
64,0,2,0,18,1,5,0,0.32150313152400845,0.2764227642276423,1.0
64,0,2,0,11,1,0,1,0.32150313152400845,0.2710027100271003,1.0
49,1,2,2,1,1,4,0,0.9394572025052192,0.4661246612466125,1.0
43,1,0,2,13,4,5,0,0.47599164926931103,0.8455284552845528,1.0
64,1,0,0,11,4,5,5,0.32150313152400845,0.16260162601626016,1.0
91,0,2,0,2,4,5,0,0.9248434237995826,0.11382113821138211,0.0
95,1,1,1,14,4,5,1,0.8037578288100209,0.5149051490514904,0.0
82,0,2,2,18,1,5,5,0.8768267223382047,0.2005420054200542,0.0
64,0,2,0,14,1,5,3,0.32150313152400845,0.06504065040650406,1.0
101,0,1,0,5,3,5,4,0.5929018789144052,0.11924119241192412,0.0
48,0,2,0,18,0,1,0,0.9185803757828812,0.5582655826558265,0.0
13,0,2,2,21,4,5,0,0.9519832985386223,0.17344173441734417,0.0
64,0,2,0,6,3,5,5,0.32150313152400845,0.08672086720867209,0.0
48,0,2,2,16,4,5,0,0.9185803757828812,0.2168021680216802,0.0
64,0,2,0,2,4,5,4,0.32150313152400845,0.39566395663956644,0.0
4,0,1,0,17,0,1,2,0.6972860125260962,0.7859078590785907,0.0
5,0,2,0,19,3,5,0,0.9394572025052192,0.04878048780487805,0.0
95,0,0,0,19,7,0,0,0.8037578288100209,0.12466124661246611,0.0
103,0,2,1,16,4,5,0,0.9791231732776617,0.31436314363143636,0.0
4,1,0,1,18,4,5,0,0.6972860125260962,0.34146341463414637,0.0
5,0,2,0,16,5,5,1,0.9394572025052192,1.0,1.0
5,1,0,0,18,4,5,0,0.9394572025052192,0.5365853658536585,1.0
24,1,0,1,14,4,5,0,0.11899791231732793,0.07046070460704607,1.0
5,1,2,2,21,4,5,1,0.9394572025052192,0.5149051490514904,0.0
94,0,0,0,14,4,5,0,0.6931106471816286,0.037940379403794036,0.0
5,0,2,0,1,3,5,4,0.9394572025052192,0.1084010840108401,0.0
65,0,2,0,18,4,5,4,0.8956158663883091,0.2872628726287263,0.0
13,1,2,1,13,1,4,1,0.9519832985386223,0.34688346883468835,0.0
5,1,0,1,20,4,5,0,0.9394572025052192,0.24390243902439024,0.0
5,0,2,0,7,4,1,0,0.9394572025052192,0.3739837398373984,0.0
64,0,2,0,14,4,5,0,0.32150313152400845,0.17886178861788618,0.0
117,0,2,0,1,5,5,4,0.4613778705636744,0.3360433604336044,1.0
94,0,2,2,19,1,5,0,0.6931106471816286,0.005420054200542005,0.0
114,0,2,2,10,3,5,5,0.9498956158663885,0.12466124661246611,0.0
95,1,0,0,19,3,5,2,0.8037578288100209,0.07046070460704607,0.0
48,0,2,1,12,4,5,4,0.9185803757828812,0.12466124661246611,1.0
13,1,0,0,15,2,5,0,0.9519832985386223,0.03252032520325203,1.0
49,0,2,2,21,1,5,4,0.9394572025052192,0.8075880758807588,0.0
5,0,1,2,21,3,5,4,0.9394572025052192,0.17344173441734417,0.0
55,1,2,0,2,7,0,0,0.8517745302713988,0.34688346883468835,0.0
103,0,1,0,10,4,5,4,0.9791231732776617,0.6016260162601625,0.0
5,0,2,0,5,4,5,4,0.9394572025052192,0.14092140921409213,0.0
111,0,2,0,17,7,5,2,0.465553235908142,0.016260162601626015,0.0
5,0,2,0,14,4,2,1,0.9394572025052192,0.8509485094850948,0.0
48,0,2,1,19,0,5,1,0.9185803757828812,0.05962059620596205,0.0
5,0,2,0,8,2,5,1,0.9394572025052192,0.24390243902439024,0.0
11,0,2,2,19,1,5,4,0.16701461377870586,0.0921409214092141,0.0
77,0,1,0,15,4,5,2,0.6388308977035491,0.5257452574525745,0.0
64,0,2,0,18,0,0,1,0.32150313152400845,0.4823848238482385,1.0
64,0,2,0,17,7,0,0,0.32150313152400845,0.5962059620596206,1.0
64,0,2,0,6,3,5,0,0.32150313152400845,0.3360433604336044,0.0
83,1,1,0,20,1,5,0,0.6096033402922756,0.39566395663956644,1.0
49,0,2,2,21,1,5,4,0.9394572025052192,0.3848238482384824,0.0
48,0,2,2,6,4,5,0,0.9185803757828812,0.07046070460704607,0.0
48,0,2,0,21,4,5,1,0.9185803757828812,0.16260162601626016,0.0
99,1,2,0,16,4,5,5,0.8643006263048016,0.13550135501355012,1.0
99,0,2,2,13,4,1,1,0.8643006263048016,0.23306233062330622,0.0
48,0,2,0,1,4,5,0,0.9185803757828812,0.13550135501355012,0.0
5,0,2,0,21,4,5,2,0.9394572025052192,0.24932249322493225,0.0
64,0,0,2,16,1,5,0,0.32150313152400845,1.0,0.0
48,1,2,1,15,4,5,0,0.9185803757828812,0.3739837398373984,0.0
13,0,2,0,15,3,5,0,0.9519832985386223,0.26558265582655827,0.0
64,1,0,0,0,4,5,5,0.32150313152400845,0.2872628726287263,1.0
64,0,2,0,16,7,0,2,0.32150313152400845,0.05962059620596205,1.0
82,1,2,3,21,7,4,3,0.8768267223382047,0.4661246612466125,0.0
48,0,2,0,17,2,5,3,0.9185803757828812,0.11382113821138211,0.0
116,0,2,0,17,2,4,4,0.47599164926931103,0.05420054200542005,0.0
64,1,2,0,11,1,5,0,0.32150313152400845,0.7533875338753387,1.0
48,1,2,0,2,1,5,0,0.9185803757828812,0.05962059620596205,0.0
5,1,2,0,13,5,5,0,0.9394572025052192,0.04878048780487805,0.0
13,1,2,1,14,4,5,5,0.9519832985386223,0.3360433604336044,0.0
5,1,2,0,19,4,5,1,0.9394572025052192,0.22764227642276422,0.0
64,1,0,0,16,3,5,0,0.32150313152400845,0.1084010840108401,1.0
5,0,2,0,21,3,5,4,0.9394572025052192,0.12466124661246611,0.0
13,0,2,0,1,0,5,0,0.9519832985386223,0.6991869918699186,0.0
64,0,0,2,11,4,5,0,0.32150313152400845,0.25474254742547425,1.0
5,1,0,1,7,4,5,5,0.9394572025052192,0.7425474254742547,1.0
5,0,2,0,19,1,5,1,0.9394572025052192,0.4010840108401084,0.0
5,0,2,0,6,4,5,4,0.9394572025052192,0.2222222222222222,0.0
48,0,2,2,10,1,1,0,0.9185803757828812,0.31978319783197834,0.0
21,1,0,0,13,4,5,5,0.5594989561586641,0.3739837398373984,1.0
5,0,1,0,14,1,5,2,0.9394572025052192,0.2764227642276423,0.0
13,0,1,0,14,3,5,0,0.9519832985386223,1.0,0.0
4,0,1,0,13,1,1,0,0.6972860125260962,0.2981029810298103,0.0
48,0,2,0,21,1,5,0,0.9185803757828812,0.04878048780487805,0.0
64,1,2,0,11,6,4,0,0.32150313152400845,0.02168021680216802,1.0
5,0,2,0,19,5,5,0,0.9394572025052192,0.30352303523035234,0.0
82,1,1,0,18,1,1,1,0.8768267223382047,0.5799457994579945,0.0
48,0,2,0,21,4,5,0,0.9185803757828812,0.30352303523035234,0.0
5,0,2,0,21,1,5,1,0.9394572025052192,0.05962059620596205,0.0
61,1,2,2,21,1,5,4,0.4425887265135702,0.24932249322493225,0.0
65,0,2,0,12,5,5,1,0.8956158663883091,0.0975609756097561,0.0
48,0,2,1,16,1,5,0,0.9185803757828812,0.39566395663956644,0.0
5,0,2,0,21,3,5,2,0.9394572025052192,0.3794037940379404,0.0
2,1,0,2,16,4,2,2,0.8705636743215033,0.4715447154471545,0.0
5,0,2,2,17,4,5,1,0.9394572025052192,0.0975609756097561,1.0
49,1,2,0,0,6,5,0,0.9394572025052192,0.25474254742547425,1.0
5,0,2,0,16,4,5,1,0.9394572025052192,0.2710027100271003,0.0
64,0,2,0,15,0,5,5,0.32150313152400845,0.12466124661246611,1.0
64,1,0,1,16,4,5,5,0.32150313152400845,0.44986449864498645,1.0
3,0,2,0,14,7,5,0,0.1837160751565763,0.4281842818428185,0.0
48,0,2,2,19,0,3,1,0.9185803757828812,1.0,0.0
5,0,2,2,1,3,5,0,0.9394572025052192,0.1084010840108401,0.0
64,0,0,2,13,1,5,2,0.32150313152400845,0.15718157181571815,0.0
2,0,2,0,19,5,5,0,0.8705636743215033,0.15718157181571815,1.0
13,0,1,1,0,1,5,0,0.9519832985386223,0.1842818428184282,0.0
70,0,2,0,8,3,5,0,0.9791231732776617,0.16802168021680217,0.0
99,0,2,0,19,6,5,0,0.8643006263048016,0.8780487804878049,0.0
61,0,2,0,15,1,5,0,0.4425887265135702,0.3360433604336044,0.0
5,1,0,0,5,4,5,0,0.9394572025052192,0.05962059620596205,0.0
65,1,1,0,15,3,5,2,0.8956158663883091,0.02168021680216802,0.0
30,1,0,0,17,4,5,0,0.8914405010438415,0.46070460704607047,1.0
49,0,2,0,21,4,5,4,0.9394572025052192,0.0921409214092141,1.0
99,0,2,0,21,1,5,4,0.8643006263048016,0.0975609756097561,0.0
49,0,2,0,13,4,5,2,0.9394572025052192,0.17344173441734417,0.0
64,1,2,0,1,1,5,4,0.32150313152400845,0.11924119241192412,1.0
5,1,0,0,15,4,5,0,0.9394572025052192,0.1084010840108401,0.0
48,0,2,0,21,5,1,1,0.9185803757828812,0.11924119241192412,0.0
5,0,2,0,21,1,5,4,0.9394572025052192,0.5040650406504065,0.0
5,0,2,0,15,3,5,3,0.9394572025052192,0.13008130081300812,0.0
74,0,2,1,5,4,5,1,0.8830897703549061,0.2710027100271003,0.0
49,1,0,1,13,4,4,0,0.9394572025052192,0.2818428184281843,1.0
5,1,0,0,13,4,4,0,0.9394572025052192,1.0,0.0
49,0,2,0,3,7,5,0,0.9394572025052192,0.43360433604336046,0.0
11,1,0,0,14,4,5,5,0.16701461377870586,0.8238482384823848,1.0
13,1,0,2,2,0,4,0,0.9519832985386223,0.05420054200542005,0.0
64,0,0,0,16,0,5,0,0.32150313152400845,1.0,1.0
30,0,2,2,8,2,5,4,0.8914405010438415,0.4932249322493225,1.0
48,1,0,0,15,4,5,0,0.9185803757828812,0.959349593495935,0.0
5,0,2,0,21,4,5,0,0.9394572025052192,0.959349593495935,1.0
95,0,2,0,18,3,5,2,0.8037578288100209,0.1897018970189702,0.0
48,0,2,0,21,2,5,1,0.9185803757828812,0.0975609756097561,0.0
5,0,2,0,14,4,5,0,0.9394572025052192,0.1842818428184282,1.0
103,0,2,0,5,2,4,4,0.9791231732776617,0.2168021680216802,0.0
26,0,2,2,17,4,5,1,0.7453027139874742,0.25474254742547425,0.0
5,0,2,0,21,4,5,3,0.9394572025052192,0.21138211382113822,0.0
64,1,0,4,14,4,5,5,0.32150313152400845,0.13008130081300812,1.0
64,0,0,2,18,5,5,1,0.32150313152400845,0.3685636856368564,1.0
5,0,2,0,19,2,5,5,0.9394572025052192,0.14634146341463414,0.0
101,1,0,0,0,4,5,0,0.5929018789144052,0.30352303523035234,0.0
5,0,2,2,15,4,5,0,0.9394572025052192,0.5528455284552846,1.0
48,0,2,0,2,4,5,2,0.9185803757828812,0.22764227642276422,0.0
5,0,0,0,1,1,5,2,0.9394572025052192,0.20596205962059622,0.0
48,0,2,1,14,4,5,5,0.9185803757828812,0.2981029810298103,0.0
11,0,2,4,13,4,5,0,0.16701461377870586,0.05962059620596205,0.0
13,0,2,2,21,4,5,4,0.9519832985386223,0.16260162601626016,0.0
5,0,2,0,16,4,1,0,0.9394572025052192,0.15176151761517614,0.0
64,0,2,0,18,5,5,0,0.32150313152400845,0.3739837398373984,1.0
5,1,0,1,15,4,5,2,0.9394572025052192,0.5257452574525745,1.0
95,0,2,2,1,4,5,1,0.8037578288100209,0.010840108401084009,0.0
64,1,2,0,15,4,5,0,0.32150313152400845,0.5257452574525745,0.0
5,0,1,0,21,4,5,2,0.9394572025052192,0.2222222222222222,0.0
13,0,2,2,21,4,5,0,0.9519832985386223,0.24932249322493225,0.0
83,0,2,0,7,4,5,0,0.6096033402922756,0.08130081300813008,0.0
5,0,2,2,9,3,5,1,0.9394572025052192,0.027100271002710022,0.0
5,0,2,0,19,6,4,1,0.9394572025052192,0.41734417344173447,1.0
49,0,2,0,18,4,1,0,0.9394572025052192,0.15718157181571815,0.0
48,0,2,0,21,4,5,4,0.9185803757828812,0.7208672086720866,0.0
13,0,2,2,6,4,5,0,0.9519832985386223,0.5528455284552846,0.0
5,0,0,0,3,3,5,1,0.9394572025052192,0.05420054200542005,0.0
64,1,0,0,14,4,5,1,0.32150313152400845,0.26558265582655827,1.0
5,1,1,0,5,3,2,4,0.9394572025052192,0.34688346883468835,0.0
64,0,2,0,15,4,1,0,0.32150313152400845,0.4281842818428185,1.0
5,0,2,0,1,1,5,2,0.9394572025052192,1.0,0.0
78,1,0,0,18,4,5,2,0.7453027139874742,0.4715447154471545,1.0
64,1,0,0,11,4,5,5,0.32150313152400845,0.16260162601626016,0.0
49,0,2,0,19,4,1,1,0.9394572025052192,0.8292682926829268,0.0
7,0,2,2,21,3,5,4,0.676409185803758,0.08672086720867209,0.0
5,1,0,1,17,4,5,1,0.9394572025052192,0.26558265582655827,1.0
49,1,0,0,13,4,5,0,0.9394572025052192,0.07046070460704607,0.0
64,1,2,0,14,6,5,3,0.32150313152400845,0.2872628726287263,1.0
51,0,2,0,15,4,5,0,0.9039665970772444,0.5799457994579945,0.0
48,0,2,0,21,2,5,4,0.9185803757828812,0.34146341463414637,0.0
64,0,2,0,17,1,5,0,0.32150313152400845,0.0921409214092141,1.0
99,0,2,2,19,1,5,5,0.8643006263048016,0.9701897018970189,0.0
43,1,0,0,15,4,5,5,0.47599164926931103,0.05962059620596205,1.0
5,0,2,0,21,4,5,0,0.9394572025052192,0.8455284552845528,1.0
116,0,2,0,11,4,5,0,0.47599164926931103,0.6016260162601625,1.0
48,0,2,0,15,0,5,1,0.9185803757828812,0.2601626016260163,0.0
93,0,2,0,21,5,5,0,0.40918580375782887,0.42276422764227645,0.0
69,1,2,0,20,4,5,0,0.7891440501043843,0.30352303523035234,0.0
64,0,0,0,16,3,5,0,0.32150313152400845,0.04878048780487805,0.0
6,0,2,0,1,4,5,4,0.9478079331941547,0.1897018970189702,0.0
5,1,2,1,11,4,5,5,0.9394572025052192,0.2222222222222222,0.0
2,0,2,2,21,4,5,2,0.8705636743215033,0.16260162601626016,1.0
49,0,2,0,11,4,5,0,0.9394572025052192,0.08130081300813008,1.0
5,0,2,0,21,3,5,0,0.9394572025052192,0.9159891598915989,0.0
39,0,2,2,3,7,5,0,0.1774530271398751,0.13008130081300812,0.0
13,0,2,2,21,1,5,5,0.9519832985386223,0.30352303523035234,0.0
64,0,2,2,16,3,5,1,0.32150313152400845,0.8346883468834688,0.0
5,1,0,0,13,4,5,0,0.9394572025052192,0.07046070460704607,1.0
64,0,2,0,1,3,5,1,0.32150313152400845,0.04336043360433604,1.0
78,1,0,1,16,4,5,0,0.7453027139874742,0.1951219512195122,0.0
113,0,0,0,1,4,5,0,0.47599164926931103,0.08130081300813008,0.0
5,0,2,0,21,4,5,1,0.9394572025052192,0.8292682926829268,0.0
24,0,1,0,17,5,5,0,0.11899791231732793,0.10298102981029811,1.0
5,0,2,2,7,1,5,1,0.9394572025052192,0.12466124661246611,1.0
5,0,2,2,10,3,5,4,0.9394572025052192,0.2981029810298103,0.0
64,0,2,0,18,6,5,1,0.32150313152400845,0.04878048780487805,1.0
13,1,2,1,18,4,5,5,0.9519832985386223,0.6666666666666666,0.0
55,0,0,1,5,2,5,1,0.8517745302713988,0.3252032520325204,0.0
61,1,0,1,16,4,5,5,0.4425887265135702,0.5691056910569106,0.0
5,0,2,0,21,3,5,4,0.9394572025052192,0.33062330623306235,0.0
117,1,2,1,17,4,5,0,0.4613778705636744,0.7425474254742547,0.0
5,0,2,0,6,4,2,1,0.9394572025052192,0.3360433604336044,0.0
117,0,2,0,3,4,5,4,0.4613778705636744,0.21138211382113822,1.0
49,0,2,0,1,4,5,1,0.9394572025052192,0.037940379403794036,0.0
5,0,2,2,15,4,5,0,0.9394572025052192,0.2872628726287263,0.0
64,0,0,2,14,4,5,0,0.32150313152400845,0.11382113821138211,0.0
13,1,2,1,11,4,5,1,0.9519832985386223,0.11924119241192412,0.0
49,1,0,0,0,4,5,0,0.9394572025052192,0.5745257452574526,0.0
115,0,1,2,2,1,5,1,0.5699373695198331,0.24390243902439024,0.0
95,0,0,0,11,7,0,0,0.8037578288100209,0.2601626016260163,0.0
5,0,2,0,1,3,5,1,0.9394572025052192,0.3089430894308943,0.0
11,1,0,0,20,4,5,5,0.16701461377870586,0.05962059620596205,0.0
78,0,1,1,7,4,5,0,0.7453027139874742,0.1842818428184282,0.0
64,0,2,0,14,4,5,0,0.32150313152400845,0.40650406504065045,0.0
64,0,2,2,14,4,5,5,0.32150313152400845,0.2872628726287263,1.0
49,0,2,0,17,4,5,0,0.9394572025052192,1.0,1.0
30,0,2,0,13,4,5,4,0.8914405010438415,0.11382113821138211,0.0
5,1,2,1,16,4,5,5,0.9394572025052192,0.14634146341463414,0.0
5,0,2,0,11,4,5,0,0.9394572025052192,0.5257452574525745,1.0
33,0,2,2,19,6,5,3,0.47599164926931103,0.16260162601626016,0.0
74,0,2,2,2,1,5,4,0.8830897703549061,0.11382113821138211,0.0
48,0,2,0,11,4,5,0,0.9185803757828812,0.34688346883468835,0.0
13,0,2,0,21,1,5,4,0.9519832985386223,0.2872628726287263,0.0
49,1,2,0,7,3,5,0,0.9394572025052192,0.12466124661246611,0.0
6,0,2,0,19,4,5,5,0.9478079331941547,0.037940379403794036,0.0
74,1,0,1,11,1,4,0,0.8830897703549061,0.16802168021680217,0.0
48,0,2,2,21,3,5,4,0.9185803757828812,0.42276422764227645,0.0
5,0,1,4,2,4,5,3,0.9394572025052192,0.10298102981029811,0.0
30,1,0,0,11,4,5,5,0.8914405010438415,0.4661246612466125,0.0
64,1,2,4,20,4,5,5,0.32150313152400845,0.7100271002710027,0.0
64,0,2,2,20,2,5,5,0.32150313152400845,0.20596205962059622,0.0
21,0,0,0,13,3,5,0,0.5594989561586641,0.12466124661246611,0.0
120,0,2,0,10,2,5,0,0.9498956158663885,0.2222222222222222,0.0
50,1,0,0,0,4,5,0,0.6200417536534448,0.2872628726287263,0.0
116,0,1,0,4,4,5,0,0.47599164926931103,0.0921409214092141,0.0
4,0,2,2,2,4,5,1,0.6972860125260962,0.1084010840108401,0.0
5,0,2,0,17,4,4,0,0.9394572025052192,0.05420054200542005,0.0
99,0,2,0,12,4,5,4,0.8643006263048016,0.016260162601626015,0.0
64,1,2,0,16,4,5,0,0.32150313152400845,0.7913279132791328,0.0
48,0,2,2,1,4,5,1,0.9185803757828812,0.39566395663956644,0.0
112,0,2,0,14,0,5,3,0.9457202505219209,0.23848238482384823,0.0
78,0,2,0,5,4,5,0,0.7453027139874742,0.5853658536585366,0.0
65,1,2,4,14,4,5,0,0.8956158663883091,0.23306233062330622,0.0
21,0,0,0,1,3,5,0,0.5594989561586641,0.7750677506775068,0.0
114,0,2,0,19,1,5,4,0.9498956158663885,0.12466124661246611,1.0
5,0,2,0,16,3,5,0,0.9394572025052192,0.1084010840108401,0.0
6,0,2,0,1,1,5,0,0.9478079331941547,0.2872628726287263,0.0
64,0,2,2,13,4,1,0,0.32150313152400845,0.2710027100271003,1.0
5,1,2,0,1,4,5,4,0.9394572025052192,0.03252032520325203,1.0
45,1,2,0,17,4,5,1,0.6242171189979124,0.5582655826558265,1.0
64,0,2,0,11,1,0,0,0.32150313152400845,0.03252032520325203,0.0
97,0,2,0,14,5,5,0,0.3695198329853864,0.0921409214092141,0.0
21,0,2,0,3,4,5,4,0.5594989561586641,0.08672086720867209,0.0
64,0,2,0,20,7,3,0,0.32150313152400845,0.3089430894308943,1.0
51,0,2,0,8,3,5,1,0.9039665970772444,0.05962059620596205,0.0
5,1,0,0,0,4,5,0,0.9394572025052192,0.2764227642276423,1.0
64,1,0,0,15,0,1,0,0.32150313152400845,0.16802168021680217,0.0
99,0,2,2,2,1,1,0,0.8643006263048016,0.8997289972899729,0.0
11,0,2,0,18,1,5,0,0.16701461377870586,0.12466124661246611,1.0
70,0,2,1,5,4,1,2,0.9791231732776617,0.05420054200542005,0.0
64,0,2,2,5,0,2,1,0.32150313152400845,1.0,1.0
91,0,1,0,1,1,2,0,0.9248434237995826,0.08130081300813008,1.0
48,0,2,0,18,3,5,0,0.9185803757828812,0.05962059620596205,0.0
101,1,0,1,2,4,4,4,0.5929018789144052,0.21138211382113822,0.0
13,0,2,0,3,7,5,0,0.9519832985386223,0.11382113821138211,0.0
30,0,2,2,12,3,5,0,0.8914405010438415,0.3739837398373984,0.0
64,0,2,0,13,3,5,2,0.32150313152400845,0.30352303523035234,1.0
64,0,2,0,13,4,1,0,0.32150313152400845,0.04336043360433604,1.0
48,0,2,0,21,4,5,2,0.9185803757828812,0.23306233062330622,0.0
81,1,0,0,17,4,5,5,0.5323590814196242,0.6016260162601625,1.0
13,1,2,2,16,7,4,4,0.9519832985386223,0.016260162601626015,0.0
13,0,1,1,4,6,5,4,0.9519832985386223,0.17886178861788618,0.0
94,1,2,0,21,5,5,3,0.6931106471816286,0.4281842818428185,0.0
5,0,2,2,2,3,5,1,0.9394572025052192,0.08130081300813008,0.0
64,1,2,0,11,2,5,0,0.32150313152400845,0.07588075880758807,1.0
85,0,2,2,21,4,5,0,0.8893528183716073,0.2222222222222222,0.0
64,0,2,0,16,4,1,0,0.32150313152400845,0.08672086720867209,1.0
30,1,0,2,17,4,5,0,0.8914405010438415,0.4715447154471545,0.0
11,0,2,0,16,4,5,0,0.16701461377870586,0.41734417344173447,1.0
49,0,2,0,21,4,5,4,0.9394572025052192,0.3848238482384824,0.0
11,0,2,2,7,4,5,1,0.16701461377870586,0.4444444444444445,0.0
5,0,2,0,21,2,5,1,0.9394572025052192,0.1842818428184282,0.0
13,1,0,1,13,3,5,1,0.9519832985386223,0.07046070460704607,0.0
10,0,2,2,7,0,5,2,0.48225469728601245,0.05420054200542005,0.0
101,1,1,1,14,3,5,0,0.5929018789144052,1.0,0.0
89,0,2,2,1,1,5,3,0.826722338204593,0.22764227642276422,1.0
61,1,2,0,16,2,5,0,0.4425887265135702,1.0,0.0
2,1,1,0,11,4,5,5,0.8705636743215033,0.1897018970189702,0.0
48,0,2,0,15,3,5,0,0.9185803757828812,0.10298102981029811,0.0
64,1,2,0,13,7,2,0,0.32150313152400845,0.3848238482384824,1.0
64,1,0,0,13,4,5,0,0.32150313152400845,0.41734417344173447,0.0
102,1,1,4,2,1,5,0,0.2275574112734864,0.07046070460704607,1.0
49,0,2,2,21,4,5,0,0.9394572025052192,0.15718157181571815,0.0
13,0,2,3,21,4,5,4,0.9519832985386223,0.21138211382113822,0.0
5,0,2,2,13,4,5,0,0.9394572025052192,0.005420054200542005,0.0
64,0,1,0,4,3,5,3,0.32150313152400845,0.8292682926829268,0.0
13,0,2,2,21,4,5,4,0.9519832985386223,0.08672086720867209,0.0
106,0,0,0,15,4,5,1,0.2275574112734864,0.14634146341463414,0.0
99,0,2,2,6,5,5,4,0.8643006263048016,0.6233062330623306,0.0
48,0,2,0,1,4,5,3,0.9185803757828812,0.04336043360433604,0.0
64,0,0,0,13,3,4,0,0.32150313152400845,0.29268292682926833,0.0
55,1,2,0,13,4,5,0,0.8517745302713988,1.0,0.0
5,0,2,2,21,2,3,4,0.9394572025052192,0.8672086720867208,0.0
5,0,2,0,17,3,5,3,0.9394572025052192,0.26558265582655827,0.0
4,0,2,2,5,4,5,0,0.6972860125260962,0.14634146341463414,0.0
48,0,2,0,6,3,5,1,0.9185803757828812,0.5365853658536585,0.0
64,0,2,2,20,7,0,0,0.32150313152400845,0.21138211382113822,1.0
5,0,2,0,16,3,5,0,0.9394572025052192,0.027100271002710022,0.0
48,0,2,0,21,0,5,1,0.9185803757828812,0.39566395663956644,0.0
5,1,0,0,17,4,5,1,0.9394572025052192,1.0,1.0
112,0,2,0,15,6,5,0,0.9457202505219209,0.2872628726287263,0.0
64,0,0,0,20,4,5,0,0.32150313152400845,0.2168021680216802,1.0
5,0,2,2,21,6,5,3,0.9394572025052192,0.06504065040650406,0.0
120,0,2,2,18,3,5,1,0.9498956158663885,0.6666666666666666,0.0
64,0,2,0,16,1,5,0,0.32150313152400845,0.26558265582655827,1.0
55,0,2,0,11,1,5,0,0.8517745302713988,0.31436314363143636,0.0
48,1,0,2,21,4,5,2,0.9185803757828812,0.5040650406504065,0.0
5,0,0,0,17,4,5,0,0.9394572025052192,0.08672086720867209,1.0
5,0,0,2,21,4,5,0,0.9394572025052192,0.21138211382113822,0.0
30,0,2,2,21,5,5,0,0.8914405010438415,0.16802168021680217,0.0
121,1,2,0,21,5,4,3,1.0,0.23848238482384823,0.0
95,1,0,1,17,4,5,5,0.8037578288100209,0.4769647696476965,0.0
64,0,0,0,14,5,5,5,0.32150313152400845,0.23306233062330622,1.0
48,1,0,1,16,4,5,5,0.9185803757828812,0.10298102981029811,0.0
30,1,0,1,14,4,5,0,0.8914405010438415,0.8075880758807588,0.0
48,0,2,0,21,0,5,0,0.9185803757828812,0.2222222222222222,0.0
5,0,2,2,6,0,1,0,0.9394572025052192,0.4823848238482385,0.0
64,0,2,0,18,6,5,0,0.32150313152400845,0.30352303523035234,1.0
5,0,2,0,21,4,5,4,0.9394572025052192,0.15176151761517614,0.0
5,0,0,0,21,4,5,4,0.9394572025052192,0.5149051490514904,1.0
48,0,2,0,6,4,1,0,0.9185803757828812,0.3848238482384824,0.0
48,1,1,0,13,7,5,5,0.9185803757828812,0.23306233062330622,0.0
116,0,0,0,14,1,5,1,0.47599164926931103,0.13550135501355012,1.0
13,0,2,2,21,5,5,5,0.9519832985386223,0.08130081300813008,0.0
116,0,1,0,10,4,5,4,0.47599164926931103,0.12466124661246611,0.0
30,0,2,0,17,4,5,0,0.8914405010438415,0.1084010840108401,0.0
64,1,1,0,0,0,5,0,0.32150313152400845,0.16802168021680217,1.0
30,0,2,2,19,7,5,4,0.8914405010438415,0.33062330623306235,0.0
48,1,0,0,13,1,5,2,0.9185803757828812,0.0921409214092141,1.0
5,0,2,0,21,4,5,4,0.9394572025052192,0.2168021680216802,1.0
95,0,2,0,19,4,5,0,0.8037578288100209,0.11382113821138211,0.0
5,0,2,0,19,1,5,4,0.9394572025052192,0.2168021680216802,0.0
5,0,0,2,17,3,5,0,0.9394572025052192,0.15718157181571815,1.0
5,0,2,0,2,3,5,3,0.9394572025052192,0.44986449864498645,0.0
48,0,2,0,21,4,5,4,0.9185803757828812,0.24390243902439024,0.0
49,0,2,0,21,0,0,4,0.9394572025052192,0.34146341463414637,0.0
102,1,0,0,14,7,4,0,0.2275574112734864,0.7262872628726287,0.0
49,0,2,0,14,1,5,0,0.9394572025052192,1.0,0.0
74,0,2,2,21,2,5,5,0.8830897703549061,0.7154471544715447,0.0
13,0,0,0,10,0,1,0,0.9519832985386223,0.05962059620596205,1.0
13,0,0,0,7,3,5,0,0.9519832985386223,0.16802168021680217,1.0
4,0,0,0,6,1,5,4,0.6972860125260962,0.027100271002710022,0.0
48,1,2,0,20,4,5,0,0.9185803757828812,0.05962059620596205,0.0
13,0,2,0,16,4,5,4,0.9519832985386223,0.44986449864498645,0.0
30,0,2,2,21,3,5,2,0.8914405010438415,0.6016260162601625,0.0
5,0,2,0,1,4,4,1,0.9394572025052192,0.26558265582655827,0.0
30,0,2,2,9,1,1,0,0.8914405010438415,0.43902439024390244,0.0
64,0,2,2,17,3,5,0,0.32150313152400845,0.17886178861788618,1.0
13,0,2,2,21,4,5,4,0.9519832985386223,0.22764227642276422,0.0
64,0,2,0,16,3,5,0,0.32150313152400845,0.05420054200542005,1.0
48,1,0,1,0,4,5,0,0.9185803757828812,0.2981029810298103,0.0
95,0,1,0,13,6,5,1,0.8037578288100209,0.07588075880758807,0.0
48,0,2,0,20,4,2,0,0.9185803757828812,0.06504065040650406,0.0
5,0,0,2,21,1,2,0,0.9394572025052192,0.16802168021680217,0.0
31,0,0,1,13,4,5,0,0.7640918580375784,0.04878048780487805,0.0
103,1,1,0,21,4,5,0,0.9791231732776617,0.6558265582655827,0.0
5,0,2,4,4,4,0,1,0.9394572025052192,0.13550135501355012,0.0
49,0,2,0,21,1,5,0,0.9394572025052192,0.1897018970189702,0.0
48,0,0,0,17,1,5,0,0.9185803757828812,0.11924119241192412,0.0
48,1,0,0,14,4,5,0,0.9185803757828812,0.2981029810298103,0.0
120,0,2,0,14,5,5,0,0.9498956158663885,0.24932249322493225,0.0
64,1,0,0,20,4,4,0,0.32150313152400845,0.4281842818428185,1.0
64,1,2,0,0,0,0,0,0.32150313152400845,0.23306233062330622,1.0
5,0,2,0,14,1,1,2,0.9394572025052192,0.8726287262872628,0.0
64,1,2,2,0,4,5,0,0.32150313152400845,0.2710027100271003,0.0
64,0,2,0,17,2,5,4,0.32150313152400845,0.42276422764227645,1.0
13,0,2,0,21,1,5,0,0.9519832985386223,0.8834688346883468,0.0
64,0,2,0,4,3,5,2,0.32150313152400845,0.1084010840108401,1.0
5,0,2,0,15,2,5,0,0.9394572025052192,0.5691056910569106,0.0
5,1,2,4,0,4,5,5,0.9394572025052192,0.4444444444444445,0.0
31,0,2,0,1,4,5,0,0.7640918580375784,0.8401084010840109,0.0
5,0,2,2,21,4,5,1,0.9394572025052192,0.44986449864498645,0.0
100,0,1,0,19,1,5,3,0.6784968684759918,0.2764227642276423,0.0
31,0,0,0,11,1,5,0,0.7640918580375784,0.5582655826558265,0.0
91,0,2,0,1,1,5,0,0.9248434237995826,0.24390243902439024,0.0
64,1,2,2,1,5,4,3,0.32150313152400845,0.17344173441734417,1.0
15,0,1,0,2,4,5,0,0.5699373695198331,0.11924119241192412,0.0
64,0,2,0,17,3,5,5,0.32150313152400845,0.29268292682926833,1.0
64,0,0,0,13,4,5,0,0.32150313152400845,0.3848238482384824,0.0
13,0,2,0,21,7,5,0,0.9519832985386223,0.17886178861788618,0.0
48,0,2,2,21,2,4,4,0.9185803757828812,0.010840108401084009,0.0
64,0,2,2,7,0,5,2,0.32150313152400845,0.48780487804878053,1.0
13,0,2,0,21,4,5,4,0.9519832985386223,0.7046070460704607,1.0
5,0,0,0,14,0,5,0,0.9394572025052192,0.21138211382113822,1.0
48,0,2,2,6,2,5,1,0.9185803757828812,0.6016260162601625,0.0
13,0,2,2,16,5,5,5,0.9519832985386223,0.5691056910569106,0.0
5,0,2,0,15,1,5,1,0.9394572025052192,0.13550135501355012,0.0
64,1,0,1,20,4,5,5,0.32150313152400845,1.0,1.0
48,1,0,0,11,3,5,5,0.9185803757828812,0.3089430894308943,0.0
31,1,2,0,7,4,5,5,0.7640918580375784,0.8401084010840109,0.0
78,1,0,0,11,4,5,0,0.7453027139874742,0.10298102981029811,0.0
49,0,2,0,2,4,5,4,0.9394572025052192,1.0,0.0
83,0,1,2,10,4,5,0,0.6096033402922756,0.16260162601626016,1.0
31,0,2,0,18,3,5,0,0.7640918580375784,0.6991869918699186,0.0
17,0,2,0,16,5,5,0,0.5260960334029228,0.05962059620596205,1.0
99,0,2,0,19,1,5,1,0.8643006263048016,0.2872628726287263,0.0
64,0,2,0,17,3,5,0,0.32150313152400845,0.5853658536585366,0.0
75,1,0,1,16,4,5,0,0.676409185803758,0.39566395663956644,0.0
102,0,0,0,15,1,5,0,0.2275574112734864,0.010840108401084009,0.0
78,0,0,1,14,6,5,0,0.7453027139874742,0.027100271002710022,1.0
95,0,0,0,18,4,5,0,0.8037578288100209,0.05420054200542005,1.0
101,1,0,0,13,4,5,5,0.5929018789144052,0.20596205962059622,1.0
37,0,2,0,21,1,5,2,0.5636743215031317,0.34688346883468835,0.0
48,1,2,4,11,4,5,5,0.9185803757828812,0.43360433604336046,0.0
82,0,2,1,2,5,5,4,0.8768267223382047,0.6991869918699186,0.0
64,1,0,2,13,4,5,0,0.32150313152400845,0.10298102981029811,1.0
91,1,2,1,16,4,5,5,0.9248434237995826,0.04878048780487805,0.0
103,1,0,0,6,2,2,0,0.9791231732776617,0.13008130081300812,0.0
48,1,0,1,13,7,5,0,0.9185803757828812,0.26558265582655827,0.0
95,0,0,1,14,1,5,5,0.8037578288100209,0.005420054200542005,0.0
85,0,2,0,21,4,5,5,0.8893528183716073,0.06504065040650406,0.0
94,0,0,0,8,5,5,0,0.6931106471816286,0.06504065040650406,0.0
5,1,2,2,13,3,3,0,0.9394572025052192,0.7046070460704607,0.0
64,1,2,0,11,0,2,1,0.32150313152400845,0.25474254742547425,1.0
64,0,2,0,15,4,5,0,0.32150313152400845,1.0,0.0
64,1,2,2,3,7,0,5,0.32150313152400845,1.0,0.0
47,0,2,0,21,3,5,4,0.778705636743215,0.3631436314363144,0.0
6,1,0,1,14,2,5,0,0.9478079331941547,0.5474254742547425,1.0
5,1,2,2,21,4,5,0,0.9394572025052192,0.24932249322493225,0.0
6,0,2,2,11,4,1,0,0.9478079331941547,0.14634146341463414,0.0
64,1,2,2,11,4,5,5,0.32150313152400845,0.3089430894308943,1.0
6,1,0,0,1,2,4,0,0.9478079331941547,0.05420054200542005,0.0
104,0,2,0,8,7,5,3,0.47599164926931103,0.16260162601626016,0.0
30,1,0,2,13,4,5,0,0.8914405010438415,0.16802168021680217,1.0
64,0,2,2,2,4,5,4,0.32150313152400845,0.2818428184281843,0.0
49,1,0,1,11,7,5,0,0.9394572025052192,0.10298102981029811,0.0
6,0,2,2,21,3,5,3,0.9478079331941547,1.0,0.0
49,0,2,0,8,1,5,3,0.9394572025052192,0.16802168021680217,0.0
48,0,2,0,14,5,5,0,0.9185803757828812,0.4661246612466125,0.0
5,0,2,0,5,4,5,0,0.9394572025052192,0.31978319783197834,0.0
91,0,2,0,21,4,5,0,0.9248434237995826,0.04336043360433604,0.0
82,1,0,0,14,4,5,1,0.8768267223382047,0.46070460704607047,1.0
6,1,0,2,19,1,4,0,0.9478079331941547,0.23848238482384823,1.0
103,0,2,2,12,4,5,0,0.9791231732776617,0.44986449864498645,0.0
5,0,2,2,6,3,5,0,0.9394572025052192,0.5149051490514904,0.0
89,0,1,2,21,7,5,4,0.826722338204593,1.0,0.0
55,0,2,0,3,1,5,1,0.8517745302713988,0.037940379403794036,0.0
42,0,0,0,21,7,0,5,0.47599164926931103,0.41192411924119243,0.0
82,0,2,2,3,4,5,0,0.8768267223382047,0.6233062330623306,0.0
0,0,2,2,1,4,5,0,0.7870563674321502,0.35772357723577236,0.0
13,1,1,2,21,7,1,0,0.9519832985386223,0.07588075880758807,0.0
48,0,2,2,21,1,5,4,0.9185803757828812,0.17886178861788618,0.0
5,0,2,2,4,2,2,4,0.9394572025052192,0.15718157181571815,1.0
5,0,2,2,21,1,5,4,0.9394572025052192,0.05420054200542005,0.0
28,0,1,0,1,1,5,0,0.5678496868475993,0.03252032520325203,0.0
94,0,2,1,3,1,5,0,0.6931106471816286,0.016260162601626015,0.0
5,0,2,0,21,4,2,2,0.9394572025052192,0.25474254742547425,0.0
98,0,2,0,6,4,5,1,0.47599164926931103,0.23306233062330622,0.0
5,0,1,2,6,2,5,1,0.9394572025052192,0.08672086720867209,0.0
24,1,1,0,14,4,5,0,0.11899791231732793,0.1842818428184282,0.0
3,0,2,0,6,4,5,4,0.1837160751565763,0.10298102981029811,1.0
5,0,2,0,9,4,5,3,0.9394572025052192,0.23848238482384823,0.0
48,0,2,0,19,7,0,0,0.9185803757828812,0.2981029810298103,0.0
5,0,2,2,21,4,5,4,0.9394572025052192,0.16802168021680217,0.0
15,0,0,1,17,4,2,0,0.5699373695198331,0.15176151761517614,0.0
13,0,2,2,6,1,5,1,0.9519832985386223,0.037940379403794036,0.0
61,1,1,1,15,0,1,0,0.4425887265135702,0.016260162601626015,0.0
5,0,2,2,9,3,5,0,0.9394572025052192,0.11382113821138211,0.0
64,1,2,0,20,4,5,5,0.32150313152400845,0.04878048780487805,0.0
49,0,2,0,1,4,5,2,0.9394572025052192,0.02168021680216802,0.0
5,0,2,1,6,3,5,4,0.9394572025052192,0.23848238482384823,0.0
99,0,1,0,18,4,5,1,0.8643006263048016,0.3685636856368564,0.0
95,1,2,1,18,4,5,0,0.8037578288100209,0.4281842818428185,0.0
5,0,2,0,18,4,1,1,0.9394572025052192,0.0975609756097561,0.0
5,0,2,0,21,4,5,0,0.9394572025052192,0.3089430894308943,0.0
48,0,2,2,21,2,2,4,0.9185803757828812,0.3902439024390244,0.0
116,0,2,0,12,2,5,0,0.47599164926931103,0.12466124661246611,0.0
102,1,2,0,11,4,5,0,0.2275574112734864,0.06504065040650406,0.0
5,0,2,2,2,4,4,0,0.9394572025052192,0.13550135501355012,0.0
100,1,0,0,14,4,5,0,0.6784968684759918,0.4444444444444445,0.0
5,0,2,0,21,5,5,4,0.9394572025052192,0.46070460704607047,0.0
5,0,0,2,2,3,5,1,0.9394572025052192,0.17886178861788618,0.0
64,0,2,0,15,2,5,0,0.32150313152400845,0.1951219512195122,1.0
30,0,2,2,19,1,5,0,0.8914405010438415,0.02168021680216802,0.0
13,1,0,1,15,4,5,4,0.9519832985386223,0.8617886178861789,0.0
101,1,1,1,15,4,5,0,0.5929018789144052,0.2222222222222222,0.0
89,0,2,3,21,1,2,4,0.826722338204593,0.6233062330623306,1.0
64,0,1,0,11,7,5,0,0.32150313152400845,0.05420054200542005,1.0
85,1,0,1,14,4,5,5,0.8893528183716073,0.9051490514905148,0.0
64,0,2,0,18,4,5,0,0.32150313152400845,0.23306233062330622,0.0
5,0,2,2,5,1,5,4,0.9394572025052192,0.16260162601626016,0.0
13,0,0,2,2,6,4,0,0.9519832985386223,0.11382113821138211,0.0
64,1,0,2,13,7,1,0,0.32150313152400845,0.03252032520325203,0.0
5,0,2,2,17,3,5,0,0.9394572025052192,0.10298102981029811,0.0
5,0,2,0,17,1,5,0,0.9394572025052192,0.39566395663956644,0.0
5,0,2,0,21,4,5,1,0.9394572025052192,0.027100271002710022,1.0
5,0,2,0,12,5,5,4,0.9394572025052192,0.1084010840108401,0.0
49,0,2,0,21,4,5,4,0.9394572025052192,0.2005420054200542,0.0
13,1,2,0,20,4,5,4,0.9519832985386223,0.2168021680216802,0.0
103,1,1,0,13,5,5,5,0.9791231732776617,0.21138211382113822,0.0
39,0,2,0,13,4,5,1,0.1774530271398751,0.2005420054200542,0.0
5,0,2,0,16,4,1,0,0.9394572025052192,0.12466124661246611,0.0
78,0,2,1,13,7,0,0,0.7453027139874742,0.04336043360433604,0.0
5,0,2,0,1,1,2,4,0.9394572025052192,0.04878048780487805,0.0
13,1,2,2,6,4,5,5,0.9519832985386223,0.10298102981029811,1.0
5,0,2,0,16,1,5,0,0.9394572025052192,0.13008130081300812,0.0
99,1,0,0,17,4,5,5,0.8643006263048016,0.2005420054200542,1.0
42,1,2,4,13,4,5,5,0.47599164926931103,0.16260162601626016,0.0
13,0,2,2,18,0,5,0,0.9519832985386223,0.6991869918699186,0.0
64,0,2,2,13,4,5,0,0.32150313152400845,0.1897018970189702,0.0
95,0,2,0,21,6,5,5,0.8037578288100209,0.29268292682926833,0.0
5,0,2,0,15,4,1,0,0.9394572025052192,0.26558265582655827,0.0
5,1,2,0,7,4,5,4,0.9394572025052192,0.1842818428184282,1.0
77,0,2,0,19,7,5,0,0.6388308977035491,0.8346883468834688,0.0
5,0,2,0,21,4,5,1,0.9394572025052192,0.23306233062330622,1.0
112,1,0,0,13,4,5,0,0.9457202505219209,1.0,0.0
29,1,2,0,0,6,5,0,0.47599164926931103,0.24390243902439024,1.0
5,0,2,0,7,4,5,0,0.9394572025052192,0.016260162601626015,0.0
15,0,2,2,11,1,5,1,0.5699373695198331,0.5474254742547425,0.0
5,1,2,0,14,1,2,1,0.9394572025052192,0.3631436314363144,0.0
65,0,2,1,9,4,5,4,0.8956158663883091,0.5799457994579945,0.0
70,0,2,0,7,4,5,1,0.9791231732776617,0.17886178861788618,0.0
82,0,2,2,8,4,1,1,0.8768267223382047,0.6016260162601625,0.0
64,0,2,0,20,7,0,0,0.32150313152400845,0.3902439024390244,1.0
30,1,0,0,13,4,4,5,0.8914405010438415,0.13550135501355012,0.0
66,0,1,1,14,1,5,1,0.47599164926931103,0.23306233062330622,0.0
5,0,2,0,21,3,5,0,0.9394572025052192,0.7804878048780487,0.0
91,0,2,0,14,1,5,0,0.9248434237995826,0.39566395663956644,0.0
83,0,2,0,8,4,5,1,0.6096033402922756,0.08672086720867209,1.0
93,0,2,1,10,7,5,0,0.40918580375782887,0.13550135501355012,0.0
5,0,2,0,21,4,4,0,0.9394572025052192,0.7533875338753387,1.0
5,0,2,0,21,1,5,4,0.9394572025052192,0.07046070460704607,0.0
49,1,0,1,13,4,5,0,0.9394572025052192,0.4823848238482385,1.0
46,0,2,1,9,1,5,5,0.6179540709812108,0.11382113821138211,0.0
49,1,2,0,4,3,5,4,0.9394572025052192,0.15718157181571815,0.0
49,0,2,0,13,4,5,0,0.9394572025052192,0.2872628726287263,0.0
5,0,2,0,15,3,5,2,0.9394572025052192,0.11924119241192412,0.0
64,1,2,0,16,3,5,0,0.32150313152400845,0.26558265582655827,1.0
5,0,2,0,14,3,5,5,0.9394572025052192,0.5907859078590786,0.0
13,0,2,2,8,1,5,4,0.9519832985386223,0.0975609756097561,0.0
70,0,2,0,7,0,5,0,0.9791231732776617,0.15176151761517614,0.0
11,1,0,0,15,4,5,0,0.16701461377870586,0.4932249322493225,1.0
6,0,2,0,7,0,5,1,0.9478079331941547,0.15718157181571815,0.0
5,0,2,0,16,3,5,0,0.9394572025052192,0.1842818428184282,0.0
48,0,2,0,13,7,5,0,0.9185803757828812,0.2710027100271003,1.0
5,0,2,2,21,0,5,4,0.9394572025052192,0.1951219512195122,0.0
5,0,2,2,21,1,5,4,0.9394572025052192,0.25474254742547425,0.0
55,1,0,1,17,4,4,1,0.8517745302713988,0.14634146341463414,0.0
83,0,2,0,17,3,5,1,0.6096033402922756,1.0,0.0
89,0,2,0,7,7,0,0,0.826722338204593,0.3089430894308943,0.0
5,0,2,2,21,4,5,4,0.9394572025052192,0.24390243902439024,0.0
4,0,2,3,21,3,5,4,0.6972860125260962,0.5365853658536585,0.0
48,0,2,0,5,7,5,1,0.9185803757828812,1.0,0.0
122,0,2,0,19,7,1,0,0.9290187891440502,0.027100271002710022,0.0
5,1,2,2,17,4,5,0,0.9394572025052192,0.8401084010840109,1.0
5,0,2,2,21,5,5,4,0.9394572025052192,0.3089430894308943,0.0
64,0,2,0,13,4,5,0,0.32150313152400845,0.2601626016260163,0.0
5,0,2,0,11,2,5,0,0.9394572025052192,0.22764227642276422,0.0
13,0,2,1,5,4,1,3,0.9519832985386223,0.3739837398373984,0.0
101,1,2,0,20,4,5,5,0.5929018789144052,0.03252032520325203,0.0
64,1,2,2,13,4,5,5,0.32150313152400845,0.005420054200542005,0.0
5,0,2,0,19,4,5,3,0.9394572025052192,0.2710027100271003,1.0
64,0,2,0,8,2,5,0,0.32150313152400845,0.2222222222222222,1.0
30,0,2,0,17,5,1,5,0.8914405010438415,0.1084010840108401,0.0
63,0,2,4,17,4,5,1,0.6805845511482254,0.5149051490514904,0.0
13,1,0,1,6,4,5,5,0.9519832985386223,0.1084010840108401,0.0
4,0,2,0,17,4,5,1,0.6972860125260962,1.0,0.0
63,0,2,2,2,1,5,1,0.6805845511482254,0.13550135501355012,0.0
93,0,2,0,1,4,5,3,0.40918580375782887,0.2872628726287263,0.0
49,0,2,0,19,4,5,0,0.9394572025052192,0.29268292682926833,0.0
49,0,2,0,21,0,5,0,0.9394572025052192,0.29268292682926833,0.0
121,1,2,2,21,2,5,4,1.0,0.8888888888888888,0.0
65,0,1,0,9,1,5,4,0.8956158663883091,0.03252032520325203,0.0
5,0,2,0,6,7,5,1,0.9394572025052192,0.10298102981029811,0.0
76,0,2,0,21,4,5,4,0.8935281837160753,0.7859078590785907,0.0
13,0,2,2,21,1,5,4,0.9519832985386223,0.15176151761517614,0.0
49,0,2,0,18,1,5,0,0.9394572025052192,0.17886178861788618,0.0
48,0,2,2,21,3,5,1,0.9185803757828812,0.20596205962059622,0.0
64,1,0,1,17,4,5,5,0.32150313152400845,0.5040650406504065,0.0
49,0,0,1,18,1,5,0,0.9394572025052192,0.06504065040650406,0.0
6,1,2,0,15,1,5,3,0.9478079331941547,1.0,0.0
68,0,2,0,21,4,4,1,0.47599164926931103,0.3902439024390244,0.0
11,0,2,0,13,2,5,5,0.16701461377870586,0.3523035230352304,0.0
118,0,2,2,21,4,5,1,0.8246346555323592,0.14634146341463414,0.0
64,1,0,0,13,4,5,5,0.32150313152400845,0.23306233062330622,1.0
5,0,2,0,1,3,2,2,0.9394572025052192,0.44986449864498645,0.0
49,0,2,0,5,4,5,0,0.9394572025052192,0.11382113821138211,0.0
64,0,2,0,11,3,5,0,0.32150313152400845,0.15176151761517614,1.0
78,0,0,1,16,7,3,0,0.7453027139874742,0.8617886178861789,0.0
7,0,2,2,21,4,1,4,0.676409185803758,0.15718157181571815,0.0
48,0,2,1,20,0,5,4,0.9185803757828812,0.30352303523035234,0.0
0,0,2,0,10,0,5,4,0.7870563674321502,0.15718157181571815,0.0
86,1,0,1,13,4,5,5,0.5636743215031317,0.8617886178861789,0.0
1,1,0,0,16,0,5,1,0.8872651356993737,0.3902439024390244,0.0
83,1,0,0,15,4,5,2,0.6096033402922756,0.2601626016260163,0.0
13,0,2,2,15,1,5,0,0.9519832985386223,0.04336043360433604,0.0
5,0,2,2,21,4,5,4,0.9394572025052192,0.16802168021680217,1.0
5,1,2,2,21,3,5,2,0.9394572025052192,0.14092140921409213,0.0
5,0,2,2,19,5,2,2,0.9394572025052192,0.981029810298103,0.0
49,1,2,0,14,4,5,0,0.9394572025052192,1.0,1.0
82,1,2,2,14,3,5,0,0.8768267223382047,0.05962059620596205,0.0
91,1,0,0,0,4,5,5,0.9248434237995826,0.15718157181571815,1.0
116,0,1,2,15,7,0,0,0.47599164926931103,0.07588075880758807,0.0
64,0,0,0,14,4,5,3,0.32150313152400845,1.0,1.0
5,0,2,2,5,3,5,4,0.9394572025052192,0.08130081300813008,0.0
5,0,2,2,21,3,5,4,0.9394572025052192,0.14634146341463414,0.0
13,0,2,0,6,4,5,5,0.9519832985386223,0.04336043360433604,0.0
64,0,2,0,17,4,0,0,0.32150313152400845,0.2222222222222222,1.0
64,0,2,0,13,4,5,0,0.32150313152400845,0.2981029810298103,1.0
64,0,1,2,19,3,5,3,0.32150313152400845,0.1897018970189702,1.0
49,0,2,0,21,4,5,4,0.9394572025052192,1.0,1.0
64,1,0,0,15,3,4,0,0.32150313152400845,0.03252032520325203,1.0
5,1,2,2,21,2,4,4,0.9394572025052192,0.7100271002710027,0.0
89,0,2,0,19,0,5,4,0.826722338204593,1.0,0.0
48,0,2,2,16,4,5,3,0.9185803757828812,0.07588075880758807,0.0
117,0,0,0,14,4,5,5,0.4613778705636744,0.16802168021680217,1.0
30,0,2,2,21,0,4,1,0.8914405010438415,0.2764227642276423,0.0
49,0,2,0,7,4,5,0,0.9394572025052192,0.3252032520325204,1.0
49,0,2,2,21,4,4,4,0.9394572025052192,0.5799457994579945,0.0
47,0,2,2,19,1,5,4,0.778705636743215,0.12466124661246611,0.0
49,0,2,0,19,3,5,0,0.9394572025052192,0.34146341463414637,0.0
5,0,2,0,1,1,5,4,0.9394572025052192,0.17344173441734417,0.0
64,0,2,0,11,4,5,1,0.32150313152400845,0.1084010840108401,1.0
2,0,2,0,6,7,5,0,0.8705636743215033,0.05420054200542005,0.0
24,1,0,0,0,4,5,0,0.11899791231732793,1.0,1.0
30,1,0,0,13,4,5,5,0.8914405010438415,0.1951219512195122,0.0
2,0,2,2,21,4,5,4,0.8705636743215033,0.22764227642276422,0.0
64,0,2,2,21,3,5,4,0.32150313152400845,0.05420054200542005,1.0
13,0,2,2,18,3,5,1,0.9519832985386223,0.027100271002710022,1.0
16,1,0,0,15,4,5,5,0.47599164926931103,0.3848238482384824,1.0
11,0,2,2,19,4,5,0,0.16701461377870586,0.05962059620596205,0.0
104,0,2,0,1,2,5,3,0.47599164926931103,0.3523035230352304,0.0
26,0,1,1,15,0,5,1,0.7453027139874742,0.14092140921409213,0.0
65,0,2,0,14,3,5,0,0.8956158663883091,0.04336043360433604,0.0
93,0,2,0,18,0,5,0,0.40918580375782887,0.4715447154471545,0.0
64,0,0,0,15,6,5,1,0.32150313152400845,0.016260162601626015,0.0
61,1,0,0,11,4,5,0,0.4425887265135702,0.3631436314363144,1.0
87,1,2,2,19,1,5,0,0.8058455114822547,0.6395663956639566,0.0
94,0,0,0,16,2,5,5,0.6931106471816286,0.8184281842818428,0.0
48,0,2,0,19,4,5,0,0.9185803757828812,0.08672086720867209,0.0
5,0,2,0,6,0,3,4,0.9394572025052192,0.15718157181571815,0.0
2,0,2,2,2,4,1,1,0.8705636743215033,0.05962059620596205,0.0
48,0,2,0,21,3,5,1,0.9185803757828812,0.04336043360433604,1.0
64,0,0,2,6,3,5,1,0.32150313152400845,0.5149051490514904,1.0
13,1,0,0,15,0,4,0,0.9519832985386223,0.3252032520325204,0.0
99,0,2,2,19,4,4,2,0.8643006263048016,0.8943089430894309,0.0
64,0,2,2,14,4,5,3,0.32150313152400845,0.3631436314363144,1.0
70,0,2,0,3,4,5,0,0.9791231732776617,0.03252032520325203,0.0
64,0,2,0,17,6,5,3,0.32150313152400845,0.23306233062330622,1.0
5,0,2,0,1,1,5,2,0.9394572025052192,0.26558265582655827,0.0
95,0,2,2,8,4,5,0,0.8037578288100209,0.037940379403794036,0.0
120,0,2,2,21,1,5,0,0.9498956158663885,0.3089430894308943,0.0
5,1,2,4,15,4,5,5,0.9394572025052192,0.5311653116531165,0.0
99,0,2,2,18,1,5,0,0.8643006263048016,0.35772357723577236,0.0
5,0,2,0,12,3,5,5,0.9394572025052192,0.5745257452574526,0.0
5,1,0,0,11,4,5,0,0.9394572025052192,0.26558265582655827,1.0
1,0,1,1,4,4,5,1,0.8872651356993737,0.9268292682926829,0.0
30,1,1,0,0,4,1,0,0.8914405010438415,0.23848238482384823,1.0
48,1,2,0,14,4,5,1,0.9185803757828812,0.24390243902439024,0.0
50,0,2,0,1,1,5,4,0.6200417536534448,0.3902439024390244,0.0
5,1,0,2,15,4,4,0,0.9394572025052192,0.46070460704607047,1.0
64,0,2,2,21,4,5,3,0.32150313152400845,0.1084010840108401,1.0
5,0,2,0,3,3,5,2,0.9394572025052192,0.11924119241192412,0.0
10,0,0,0,1,4,5,0,0.48225469728601245,0.08130081300813008,1.0
5,0,2,0,4,3,5,2,0.9394572025052192,1.0,0.0
64,0,2,0,2,1,5,0,0.32150313152400845,0.04878048780487805,1.0
43,0,2,0,10,5,5,0,0.47599164926931103,0.03252032520325203,0.0
64,1,0,2,11,4,5,5,0.32150313152400845,0.21138211382113822,0.0
5,1,2,2,7,1,2,4,0.9394572025052192,0.3360433604336044,0.0
31,0,2,0,2,2,5,0,0.7640918580375784,0.43360433604336046,0.0
31,0,0,1,19,4,5,0,0.7640918580375784,0.3089430894308943,0.0
15,1,2,0,11,4,5,5,0.5699373695198331,0.6341463414634146,0.0
5,1,2,1,13,4,5,0,0.9394572025052192,0.17344173441734417,0.0
11,0,1,2,19,4,5,2,0.16701461377870586,0.04878048780487805,1.0
64,0,2,0,11,7,0,0,0.32150313152400845,0.7208672086720866,0.0
64,0,0,2,2,1,5,3,0.32150313152400845,0.03252032520325203,1.0
48,0,2,0,8,5,5,0,0.9185803757828812,0.8726287262872628,0.0
48,0,2,0,2,3,5,4,0.9185803757828812,0.2710027100271003,1.0
48,0,2,0,6,4,5,0,0.9185803757828812,0.03252032520325203,0.0
5,0,2,0,21,1,5,4,0.9394572025052192,0.30352303523035234,0.0
113,1,0,0,0,4,5,0,0.47599164926931103,0.43360433604336046,1.0
30,1,0,0,17,4,5,0,0.8914405010438415,0.39566395663956644,0.0
48,0,0,0,15,4,5,3,0.9185803757828812,0.2764227642276423,0.0
85,0,2,0,19,7,5,3,0.8893528183716073,0.31436314363143636,0.0
64,1,2,2,11,4,5,5,0.32150313152400845,0.15718157181571815,0.0
64,0,2,2,14,2,5,2,0.32150313152400845,0.8455284552845528,1.0
99,1,2,0,21,5,5,1,0.8643006263048016,0.2872628726287263,0.0
5,1,2,1,13,4,5,5,0.9394572025052192,0.12466124661246611,0.0
49,0,2,1,21,4,5,1,0.9394572025052192,0.05420054200542005,0.0
37,0,2,0,21,2,3,4,0.5636743215031317,0.24932249322493225,0.0
5,0,2,0,11,0,1,0,0.9394572025052192,1.0,0.0
99,0,2,2,1,0,5,1,0.8643006263048016,0.26558265582655827,0.0
49,0,2,0,17,1,1,1,0.9394572025052192,0.05420054200542005,0.0
5,1,2,1,20,4,5,0,0.9394572025052192,0.30352303523035234,0.0
5,0,2,0,21,0,5,0,0.9394572025052192,0.2168021680216802,0.0
13,1,0,1,11,1,5,1,0.9519832985386223,0.2764227642276423,0.0
13,0,2,3,7,1,4,1,0.9519832985386223,0.14634146341463414,0.0
5,1,2,0,21,0,1,0,0.9394572025052192,0.1842818428184282,0.0
102,0,2,0,7,4,5,4,0.2275574112734864,0.9051490514905148,1.0
5,0,2,2,21,4,5,0,0.9394572025052192,0.0921409214092141,1.0
39,1,1,0,20,4,5,0,0.1774530271398751,0.3089430894308943,0.0
5,0,2,0,6,2,5,5,0.9394572025052192,0.8943089430894309,0.0
64,1,2,2,11,4,5,5,0.32150313152400845,0.2710027100271003,1.0
30,0,2,2,17,1,5,3,0.8914405010438415,0.23848238482384823,0.0
114,0,2,2,11,5,4,1,0.9498956158663885,0.06504065040650406,0.0
11,0,1,0,17,4,5,3,0.16701461377870586,0.11924119241192412,0.0
5,1,0,1,14,4,5,2,0.9394572025052192,0.4010840108401084,0.0
30,0,2,0,2,7,5,1,0.8914405010438415,0.4715447154471545,0.0
5,0,2,0,7,0,5,0,0.9394572025052192,0.34146341463414637,0.0
116,1,0,0,0,4,5,5,0.47599164926931103,0.05962059620596205,1.0
13,0,2,0,6,2,5,4,0.9519832985386223,0.4010840108401084,0.0
95,1,0,0,3,4,5,3,0.8037578288100209,0.24932249322493225,0.0
5,0,2,0,16,4,5,0,0.9394572025052192,0.11382113821138211,0.0
48,0,2,0,21,5,5,0,0.9185803757828812,0.1897018970189702,0.0
41,1,0,1,14,4,5,5,0.457202505219207,0.6504065040650406,1.0
64,0,2,2,6,4,1,0,0.32150313152400845,0.12466124661246611,1.0
77,0,2,0,11,0,5,0,0.6388308977035491,0.07588075880758807,0.0
94,1,2,0,21,0,5,0,0.6931106471816286,1.0,0.0
6,0,2,0,2,2,5,3,0.9478079331941547,0.13550135501355012,0.0
2,0,1,1,7,4,5,5,0.8705636743215033,0.5474254742547425,1.0
48,0,2,3,21,4,5,4,0.9185803757828812,0.6612466124661246,0.0
64,0,2,0,10,4,5,0,0.32150313152400845,0.23848238482384823,1.0
5,0,2,0,14,4,5,5,0.9394572025052192,0.5257452574525745,1.0
64,0,2,0,14,4,5,0,0.32150313152400845,0.34146341463414637,1.0
98,0,2,0,19,0,5,1,0.47599164926931103,0.3848238482384824,0.0
48,0,2,0,21,4,5,4,0.9185803757828812,0.03252032520325203,0.0
6,1,0,0,17,4,5,3,0.9478079331941547,0.2818428184281843,0.0
99,0,2,0,13,5,5,4,0.8643006263048016,0.29268292682926833,0.0
64,0,2,0,20,5,5,0,0.32150313152400845,0.16802168021680217,1.0
48,0,2,0,6,1,5,4,0.9185803757828812,0.11924119241192412,0.0
51,1,1,1,0,4,5,0,0.9039665970772444,0.3360433604336044,1.0
64,0,0,0,19,4,5,1,0.32150313152400845,0.037940379403794036,1.0
121,1,2,2,7,3,5,4,1.0,0.11924119241192412,1.0
64,0,2,0,15,4,5,0,0.32150313152400845,0.9701897018970189,1.0
5,0,0,0,14,4,5,0,0.9394572025052192,0.29268292682926833,1.0
64,1,0,0,14,4,5,0,0.32150313152400845,0.23848238482384823,1.0
122,0,2,0,19,1,5,4,0.9290187891440502,0.6016260162601625,0.0
24,0,0,2,18,6,4,5,0.11899791231732793,0.9485094850948509,0.0
43,0,2,2,3,2,5,0,0.47599164926931103,0.7859078590785907,0.0
5,0,2,0,21,6,5,2,0.9394572025052192,0.2222222222222222,0.0
5,0,2,3,5,3,5,0,0.9394572025052192,0.2872628726287263,0.0
64,0,2,0,14,4,5,0,0.32150313152400845,0.005420054200542005,1.0
48,0,2,0,2,4,5,4,0.9185803757828812,0.08672086720867209,0.0
13,0,2,2,3,2,5,0,0.9519832985386223,0.43902439024390244,0.0
1,1,0,1,18,4,5,0,0.8872651356993737,0.5907859078590786,0.0
9,0,1,2,20,4,5,1,0.10020876826722347,0.07046070460704607,1.0
5,0,2,0,21,3,5,4,0.9394572025052192,0.14634146341463414,0.0
49,0,2,0,21,4,5,0,0.9394572025052192,0.4281842818428185,1.0
83,0,2,0,16,2,5,0,0.6096033402922756,0.14634146341463414,0.0
61,0,2,0,3,4,0,4,0.4425887265135702,0.13008130081300812,1.0
64,0,2,0,15,4,5,0,0.32150313152400845,0.7262872628726287,0.0
83,0,2,0,11,3,5,0,0.6096033402922756,0.41734417344173447,0.0
64,1,0,1,14,4,5,5,0.32150313152400845,0.3089430894308943,0.0
95,0,2,0,7,4,5,0,0.8037578288100209,0.16802168021680217,0.0
121,0,2,2,4,4,5,4,1.0,0.14634146341463414,0.0
75,0,2,0,19,4,4,0,0.676409185803758,0.06504065040650406,0.0
65,0,0,0,14,3,5,1,0.8956158663883091,0.04878048780487805,0.0
0,0,2,0,6,3,5,2,0.7870563674321502,0.1842818428184282,0.0
5,0,2,0,13,4,5,0,0.9394572025052192,0.2222222222222222,0.0
6,0,2,0,9,0,5,4,0.9478079331941547,0.2710027100271003,0.0
36,0,1,0,16,0,5,0,0.536534446764092,0.22764227642276422,0.0
5,0,2,0,16,2,5,4,0.9394572025052192,0.25474254742547425,0.0
5,1,2,0,21,4,5,4,0.9394572025052192,0.16802168021680217,0.0
22,0,0,2,21,0,1,1,0.018789144050104567,0.7208672086720866,0.0
5,0,2,2,3,4,5,0,0.9394572025052192,0.2818428184281843,0.0
5,0,2,0,1,4,1,0,0.9394572025052192,0.2710027100271003,0.0
64,0,0,2,14,2,5,0,0.32150313152400845,0.34146341463414637,1.0
5,0,2,0,21,3,5,1,0.9394572025052192,0.10298102981029811,0.0
13,1,0,1,2,4,5,5,0.9519832985386223,0.23848238482384823,0.0
5,0,2,0,6,1,5,2,0.9394572025052192,0.3252032520325204,0.0
5,0,2,0,16,4,4,1,0.9394572025052192,0.6233062330623306,1.0
48,0,2,0,21,4,1,0,0.9185803757828812,0.13550135501355012,0.0
115,1,1,4,11,7,0,5,0.5699373695198331,0.25474254742547425,0.0
102,0,2,0,13,1,1,2,0.2275574112734864,0.7317073170731707,0.0
55,0,2,0,21,4,5,4,0.8517745302713988,0.41192411924119243,0.0
64,0,0,0,13,4,5,0,0.32150313152400845,0.17886178861788618,0.0
115,1,2,0,17,4,5,5,0.5699373695198331,0.41734417344173447,1.0
64,0,2,0,13,1,5,0,0.32150313152400845,0.4823848238482385,0.0
5,0,2,0,6,0,1,3,0.9394572025052192,0.2222222222222222,0.0
94,0,2,0,9,4,5,0,0.6931106471816286,0.6991869918699186,0.0
5,0,2,0,21,3,5,0,0.9394572025052192,0.10298102981029811,0.0
64,0,2,0,17,4,5,5,0.32150313152400845,0.1842818428184282,1.0
64,1,0,2,15,7,5,4,0.32150313152400845,0.03252032520325203,1.0
120,0,2,0,21,7,5,2,0.9498956158663885,0.9051490514905148,0.0
30,0,2,0,19,4,5,4,0.8914405010438415,0.5907859078590786,0.0
116,0,2,0,1,4,5,4,0.47599164926931103,0.22764227642276422,1.0
95,0,2,0,5,1,5,4,0.8037578288100209,0.2818428184281843,0.0
5,0,0,0,10,4,5,0,0.9394572025052192,1.0,0.0
106,1,0,0,20,4,5,5,0.2275574112734864,0.027100271002710022,1.0
5,1,0,0,3,3,4,4,0.9394572025052192,0.6883468834688347,0.0
105,0,2,2,4,4,5,0,0.7515657620041754,0.8455284552845528,0.0
64,1,0,2,11,0,5,0,0.32150313152400845,0.9376693766937669,1.0
64,0,0,1,11,4,5,5,0.32150313152400845,0.16802168021680217,1.0
47,1,0,0,11,4,5,5,0.778705636743215,0.11924119241192412,0.0
5,0,2,0,17,5,5,0,0.9394572025052192,0.26558265582655827,0.0
1,0,2,0,8,2,5,4,0.8872651356993737,0.20596205962059622,0.0
5,0,2,0,7,4,1,1,0.9394572025052192,0.03252032520325203,0.0
48,0,2,0,21,7,5,1,0.9185803757828812,0.8780487804878049,1.0
99,0,1,0,15,1,4,0,0.8643006263048016,0.03252032520325203,0.0
13,0,0,3,5,4,5,4,0.9519832985386223,0.3252032520325204,0.0
13,1,2,0,19,6,2,1,0.9519832985386223,0.39566395663956644,0.0
4,0,2,0,4,4,5,4,0.6972860125260962,0.13550135501355012,0.0
42,0,0,1,2,3,4,4,0.47599164926931103,0.07588075880758807,1.0
30,0,1,0,16,1,2,0,0.8914405010438415,0.05420054200542005,0.0
82,0,2,0,19,4,5,0,0.8768267223382047,0.33062330623306235,0.0
64,0,0,0,20,7,5,0,0.32150313152400845,0.4932249322493225,0.0
70,1,1,1,11,1,5,0,0.9791231732776617,0.06504065040650406,0.0
64,0,0,0,21,6,5,0,0.32150313152400845,1.0,0.0
48,0,2,2,21,3,5,4,0.9185803757828812,0.037940379403794036,0.0
95,0,2,2,21,2,5,1,0.8037578288100209,0.010840108401084009,0.0
4,1,2,4,11,4,5,5,0.6972860125260962,0.41734417344173447,0.0
48,0,2,0,17,1,5,0,0.9185803757828812,0.037940379403794036,0.0
31,0,2,0,10,3,5,5,0.7640918580375784,0.06504065040650406,1.0
5,1,2,0,16,4,5,5,0.9394572025052192,0.037940379403794036,0.0
5,1,0,1,16,4,5,0,0.9394572025052192,0.037940379403794036,1.0
99,0,2,2,21,0,5,3,0.8643006263048016,0.16802168021680217,0.0
64,0,2,0,14,4,5,1,0.32150313152400845,0.15718157181571815,0.0
89,1,2,0,13,4,5,5,0.826722338204593,0.24932249322493225,0.0
64,0,2,2,13,1,5,0,0.32150313152400845,0.04336043360433604,1.0
64,0,2,0,14,4,1,0,0.32150313152400845,0.9268292682926829,1.0
50,1,1,2,14,4,5,1,0.6200417536534448,0.39566395663956644,1.0
83,1,0,1,18,4,5,0,0.6096033402922756,0.1897018970189702,0.0
13,0,2,2,21,7,5,4,0.9519832985386223,0.0921409214092141,0.0
114,0,2,3,16,4,0,1,0.9498956158663885,0.5636856368563685,0.0
53,1,2,0,17,4,5,5,0.9415448851774533,0.23306233062330622,1.0
6,0,2,1,5,7,5,0,0.9478079331941547,0.2005420054200542,0.0
48,0,2,0,5,0,1,0,0.9185803757828812,0.13550135501355012,0.0
116,1,0,0,17,4,5,0,0.47599164926931103,0.027100271002710022,1.0
64,1,0,0,13,4,5,5,0.32150313152400845,0.11382113821138211,1.0
85,0,2,0,21,4,5,0,0.8893528183716073,0.15718157181571815,0.0
95,1,0,1,14,4,5,5,0.8037578288100209,0.08672086720867209,0.0
13,1,0,2,4,4,4,4,0.9519832985386223,0.03252032520325203,0.0
77,1,0,0,19,4,5,0,0.6388308977035491,0.26558265582655827,0.0
64,1,0,0,21,4,5,0,0.32150313152400845,0.16802168021680217,0.0
5,0,2,0,14,4,5,0,0.9394572025052192,0.05962059620596205,0.0
64,1,0,0,11,4,5,0,0.32150313152400845,0.04336043360433604,0.0
42,0,2,0,5,4,4,4,0.47599164926931103,0.12466124661246611,0.0
85,0,2,0,3,5,1,1,0.8893528183716073,0.30352303523035234,0.0
5,0,2,2,16,4,5,1,0.9394572025052192,0.14634146341463414,0.0
93,1,2,4,20,4,5,5,0.40918580375782887,0.03252032520325203,0.0
5,0,1,2,3,6,2,0,0.9394572025052192,0.15718157181571815,0.0
5,0,2,2,21,2,4,4,0.9394572025052192,0.4932249322493225,0.0
5,0,2,2,18,3,5,3,0.9394572025052192,0.6991869918699186,0.0
49,0,2,0,19,7,5,1,0.9394572025052192,0.5582655826558265,0.0
5,1,0,0,11,4,5,5,0.9394572025052192,0.7100271002710027,1.0
5,0,2,0,8,4,1,0,0.9394572025052192,0.16802168021680217,1.0
65,0,2,2,3,1,5,0,0.8956158663883091,0.8184281842818428,0.0
93,0,2,0,21,4,5,0,0.40918580375782887,0.15176151761517614,0.0
64,1,2,4,13,4,5,5,0.32150313152400845,0.14634146341463414,0.0
64,0,0,0,14,6,5,1,0.32150313152400845,0.07046070460704607,1.0
2,0,0,1,1,4,5,0,0.8705636743215033,0.41734417344173447,0.0
48,1,0,0,15,6,5,0,0.9185803757828812,0.41192411924119243,0.0
48,1,1,0,17,4,5,1,0.9185803757828812,0.33062330623306235,0.0
36,0,2,2,21,4,5,4,0.536534446764092,0.4552845528455285,0.0
83,0,0,0,15,3,2,5,0.6096033402922756,0.3089430894308943,0.0
13,1,1,2,7,4,4,5,0.9519832985386223,0.04878048780487805,1.0
6,0,2,0,15,1,5,0,0.9478079331941547,0.08130081300813008,0.0
5,0,2,0,18,3,5,1,0.9394572025052192,0.9159891598915989,0.0
49,0,0,0,2,4,5,0,0.9394572025052192,0.17344173441734417,0.0
116,0,0,2,17,1,5,1,0.47599164926931103,0.2005420054200542,0.0
13,0,2,2,2,0,0,0,0.9519832985386223,0.21138211382113822,0.0
48,0,2,0,21,4,5,4,0.9185803757828812,1.0,1.0
83,0,2,0,4,0,5,0,0.6096033402922756,0.5691056910569106,1.0
48,0,1,0,13,2,5,0,0.9185803757828812,0.7967479674796748,0.0
97,0,2,2,16,7,5,0,0.3695198329853864,0.07588075880758807,0.0
30,0,2,2,21,4,5,4,0.8914405010438415,0.04878048780487805,1.0
102,0,2,0,15,1,5,0,0.2275574112734864,0.1084010840108401,0.0
95,0,2,2,21,4,5,1,0.8037578288100209,0.17344173441734417,0.0
83,0,2,0,21,4,4,2,0.6096033402922756,0.12466124661246611,0.0
64,0,2,0,15,1,5,5,0.32150313152400845,0.33062330623306235,1.0
30,0,2,0,21,4,5,4,0.8914405010438415,0.3252032520325204,0.0
30,0,2,2,17,7,0,0,0.8914405010438415,0.05962059620596205,0.0
2,0,2,0,18,4,5,0,0.8705636743215033,0.33062330623306235,0.0
11,0,2,0,16,4,5,0,0.16701461377870586,0.12466124661246611,0.0
4,0,0,0,16,4,5,0,0.6972860125260962,0.5474254742547425,1.0
70,0,1,1,15,2,5,0,0.9791231732776617,0.2872628726287263,0.0
11,1,2,0,13,4,0,0,0.16701461377870586,0.4281842818428185,0.0
13,0,2,0,21,7,0,1,0.9519832985386223,0.5149051490514904,0.0
122,0,2,0,14,0,5,0,0.9290187891440502,1.0,0.0
49,0,2,0,9,1,5,4,0.9394572025052192,0.2764227642276423,0.0
85,0,2,2,21,4,5,4,0.8893528183716073,0.41734417344173447,0.0
13,0,2,0,8,4,5,4,0.9519832985386223,0.7046070460704607,0.0
5,0,2,0,13,4,5,0,0.9394572025052192,0.08130081300813008,0.0
103,1,2,4,13,4,5,5,0.9791231732776617,0.3631436314363144,0.0
5,0,0,1,16,4,5,1,0.9394572025052192,0.037940379403794036,1.0
5,0,2,0,3,6,5,3,0.9394572025052192,0.33062330623306235,0.0
2,0,2,2,11,7,5,5,0.8705636743215033,0.5474254742547425,0.0
5,1,2,1,11,4,5,5,0.9394572025052192,0.06504065040650406,0.0
30,0,2,0,4,4,5,5,0.8914405010438415,0.30352303523035234,0.0
91,0,2,0,10,1,2,1,0.9248434237995826,0.7425474254742547,0.0
48,0,2,2,17,6,5,1,0.9185803757828812,0.33062330623306235,0.0
13,0,2,0,6,4,5,4,0.9519832985386223,0.3631436314363144,0.0
69,0,2,0,7,1,1,4,0.7891440501043843,0.5907859078590786,0.0
103,0,2,0,21,0,5,4,0.9791231732776617,0.34146341463414637,0.0
64,0,2,0,14,4,5,0,0.32150313152400845,0.03252032520325203,0.0
64,0,2,0,1,4,5,2,0.32150313152400845,0.11924119241192412,0.0
13,0,2,2,19,5,5,0,0.9519832985386223,0.991869918699187,0.0
66,0,2,1,17,4,5,0,0.47599164926931103,0.14092140921409213,0.0
64,0,2,2,1,1,5,0,0.32150313152400845,0.2168021680216802,1.0
64,1,0,1,11,4,5,5,0.32150313152400845,0.13550135501355012,1.0
5,0,2,0,4,3,5,1,0.9394572025052192,0.2222222222222222,0.0
5,0,2,2,21,0,5,4,0.9394572025052192,0.04336043360433604,0.0
64,0,2,0,18,1,5,1,0.32150313152400845,0.24932249322493225,1.0
49,0,2,0,18,5,5,0,0.9394572025052192,0.05962059620596205,0.0
30,0,2,2,6,4,5,4,0.8914405010438415,0.05420054200542005,0.0
4,1,2,2,8,4,5,2,0.6972860125260962,0.5149051490514904,0.0
2,0,2,2,8,4,5,4,0.8705636743215033,0.07046070460704607,0.0
50,0,2,2,2,0,0,3,0.6200417536534448,0.44986449864498645,0.0
6,0,2,2,21,2,5,0,0.9478079331941547,0.15718157181571815,0.0
13,0,1,1,9,1,5,0,0.9519832985386223,0.06504065040650406,0.0
5,0,1,0,2,2,2,0,0.9394572025052192,0.8617886178861789,0.0
103,0,2,0,16,4,0,0,0.9791231732776617,0.03252032520325203,0.0
2,0,2,1,21,1,5,0,0.8705636743215033,0.24932249322493225,0.0
112,1,2,0,5,2,5,4,0.9457202505219209,0.44986449864498645,0.0
94,0,1,0,16,2,5,0,0.6931106471816286,0.7588075880758808,0.0
49,0,2,0,21,3,5,4,0.9394572025052192,0.08130081300813008,0.0
64,0,2,2,18,4,5,1,0.32150313152400845,0.5474254742547425,1.0
48,1,2,4,15,4,5,5,0.9185803757828812,0.33062330623306235,0.0
49,0,2,0,9,4,5,0,0.9394572025052192,1.0,1.0
64,0,0,0,14,0,0,0,0.32150313152400845,1.0,1.0
101,0,1,2,5,3,4,1,0.5929018789144052,1.0,0.0
24,1,1,1,0,4,5,5,0.11899791231732793,0.41734417344173447,1.0
6,0,2,0,10,4,5,0,0.9478079331941547,0.31436314363143636,0.0
14,0,2,0,14,4,5,0,0.665970772442589,0.04878048780487805,0.0
5,1,2,1,14,4,5,0,0.9394572025052192,0.03252032520325203,0.0
48,0,2,0,7,7,5,4,0.9185803757828812,0.1897018970189702,0.0
48,0,2,0,2,4,5,0,0.9185803757828812,0.027100271002710022,0.0
64,0,2,0,13,1,5,5,0.32150313152400845,0.42276422764227645,0.0
5,1,0,0,17,4,5,5,0.9394572025052192,0.23306233062330622,1.0
91,1,2,3,21,1,2,1,0.9248434237995826,0.3739837398373984,0.0
5,1,2,4,20,4,5,5,0.9394572025052192,0.13008130081300812,0.0
48,0,2,0,2,1,5,0,0.9185803757828812,0.22764227642276422,0.0
5,1,2,0,13,4,5,5,0.9394572025052192,0.2764227642276423,0.0
13,0,2,0,19,0,1,4,0.9519832985386223,0.04336043360433604,0.0
48,0,2,0,2,0,5,0,0.9185803757828812,0.07046070460704607,0.0
5,0,2,0,19,1,5,2,0.9394572025052192,0.027100271002710022,0.0
38,0,0,0,19,0,3,0,0.7724425887265136,0.17886178861788618,0.0
5,1,2,4,13,4,5,5,0.9394572025052192,0.07588075880758807,0.0
64,0,2,2,5,4,5,3,0.32150313152400845,0.23306233062330622,1.0
13,0,2,2,13,4,5,0,0.9519832985386223,0.03252032520325203,1.0
89,0,0,2,18,4,5,1,0.826722338204593,0.3252032520325204,0.0
61,0,2,0,15,4,5,0,0.4425887265135702,0.1951219512195122,1.0
5,0,2,0,1,4,5,1,0.9394572025052192,0.037940379403794036,0.0
1,0,2,0,21,4,5,0,0.8872651356993737,0.07046070460704607,0.0
13,1,2,2,17,3,5,0,0.9519832985386223,0.0975609756097561,0.0
120,1,0,0,17,4,5,5,0.9498956158663885,0.29268292682926833,0.0
36,0,2,2,17,4,5,2,0.536534446764092,1.0,0.0
5,0,2,0,21,5,5,4,0.9394572025052192,0.027100271002710022,0.0
5,1,2,2,21,3,5,4,0.9394572025052192,0.48780487804878053,0.0
48,0,2,0,21,4,5,4,0.9185803757828812,0.15176151761517614,0.0
64,0,2,0,0,7,0,0,0.32150313152400845,0.2005420054200542,1.0
13,1,0,0,14,4,5,3,0.9519832985386223,0.12466124661246611,1.0
5,0,2,0,3,5,5,1,0.9394572025052192,0.2222222222222222,0.0
73,1,1,2,11,7,2,0,0.0,0.11924119241192412,1.0
5,0,2,0,15,5,5,0,0.9394572025052192,0.1897018970189702,0.0
82,0,2,2,21,1,4,4,0.8768267223382047,0.2222222222222222,0.0
95,0,2,2,13,4,5,0,0.8037578288100209,0.04336043360433604,0.0
13,0,2,2,1,4,5,4,0.9519832985386223,0.15176151761517614,0.0
5,0,2,0,14,4,5,1,0.9394572025052192,0.7317073170731707,1.0
49,0,2,0,5,4,1,0,0.9394572025052192,0.11924119241192412,0.0
64,0,0,0,15,5,5,3,0.32150313152400845,0.8617886178861789,1.0
64,0,2,2,12,3,5,4,0.32150313152400845,0.2872628726287263,1.0
4,0,2,2,6,1,5,4,0.6972860125260962,0.2222222222222222,0.0
5,1,0,1,14,4,5,0,0.9394572025052192,0.5962059620596206,1.0
5,0,2,0,1,4,5,2,0.9394572025052192,0.2710027100271003,0.0
5,0,2,0,1,2,5,3,0.9394572025052192,0.26558265582655827,0.0
5,0,2,0,21,5,5,4,0.9394572025052192,0.3252032520325204,0.0
95,0,0,0,3,1,5,3,0.8037578288100209,0.5365853658536585,0.0
64,0,0,2,14,4,5,0,0.32150313152400845,0.5853658536585366,1.0
94,0,2,0,4,6,5,2,0.6931106471816286,0.2222222222222222,0.0
64,1,0,1,0,4,5,5,0.32150313152400845,0.3902439024390244,0.0
64,0,2,0,5,4,5,1,0.32150313152400845,0.0921409214092141,0.0
5,0,2,0,1,1,5,4,0.9394572025052192,0.10298102981029811,0.0
6,0,2,0,21,0,5,0,0.9478079331941547,0.7642276422764227,0.0
103,0,2,0,17,2,5,4,0.9791231732776617,0.03252032520325203,0.0
5,0,2,0,21,2,2,4,0.9394572025052192,0.39566395663956644,0.0
13,0,2,2,18,1,5,1,0.9519832985386223,0.14634146341463414,0.0
64,0,2,0,13,5,5,0,0.32150313152400845,0.1897018970189702,1.0
64,1,2,0,11,7,5,5,0.32150313152400845,0.1951219512195122,1.0
82,0,2,1,2,4,5,1,0.8768267223382047,0.26558265582655827,1.0
7,0,2,0,19,4,5,1,0.676409185803758,1.0,0.0
85,1,0,1,14,4,5,5,0.8893528183716073,1.0,0.0
64,0,2,2,19,4,5,1,0.32150313152400845,1.0,0.0
122,0,2,0,16,4,5,0,0.9290187891440502,0.5582655826558265,0.0
5,0,2,2,21,6,5,4,0.9394572025052192,0.1897018970189702,0.0
5,0,2,0,8,7,5,4,0.9394572025052192,0.43360433604336046,0.0
86,0,2,2,7,2,4,0,0.5636743215031317,0.2710027100271003,0.0
5,0,2,0,21,3,5,2,0.9394572025052192,0.8455284552845528,0.0
99,1,2,2,18,7,0,1,0.8643006263048016,0.26558265582655827,0.0
112,0,2,3,2,6,5,0,0.9457202505219209,0.2872628726287263,0.0
64,0,0,0,15,4,0,0,0.32150313152400845,0.8834688346883468,1.0
5,0,2,2,21,4,1,0,0.9394572025052192,0.0921409214092141,0.0
70,1,2,0,14,2,4,0,0.9791231732776617,0.07046070460704607,1.0
30,1,2,3,21,3,4,5,0.8914405010438415,0.14092140921409213,0.0
13,0,0,0,9,2,5,2,0.9519832985386223,0.17886178861788618,1.0
102,0,2,0,5,1,0,0,0.2275574112734864,0.0975609756097561,1.0
112,1,0,1,0,7,1,0,0.9457202505219209,0.5636856368563685,0.0
89,1,2,1,20,4,5,5,0.826722338204593,0.981029810298103,0.0
30,0,2,2,16,4,5,0,0.8914405010438415,0.1842818428184282,0.0
69,0,2,0,19,4,5,0,0.7891440501043843,0.2710027100271003,0.0
5,0,2,2,2,4,5,1,0.9394572025052192,0.0921409214092141,1.0
102,1,0,0,13,4,5,5,0.2275574112734864,0.3631436314363144,0.0
91,1,2,2,21,3,5,4,0.9248434237995826,0.4281842818428185,0.0
64,0,2,0,11,0,5,0,0.32150313152400845,0.5420054200542005,1.0
5,1,0,0,11,4,5,0,0.9394572025052192,0.25474254742547425,0.0
48,0,2,3,13,7,5,1,0.9185803757828812,0.04878048780487805,0.0
5,1,0,2,16,4,5,5,0.9394572025052192,0.6287262872628726,1.0
5,0,2,3,12,3,5,0,0.9394572025052192,0.11382113821138211,0.0
93,0,2,0,12,7,5,4,0.40918580375782887,0.07046070460704607,0.0
120,0,2,2,21,4,5,1,0.9498956158663885,0.1842818428184282,1.0
49,1,0,0,2,4,5,0,0.9394572025052192,0.07588075880758807,0.0
95,0,2,0,2,4,5,0,0.8037578288100209,0.2710027100271003,0.0
98,0,0,0,14,4,5,0,0.47599164926931103,0.05420054200542005,1.0
5,1,2,4,13,4,5,0,0.9394572025052192,0.41734417344173447,1.0
74,0,0,0,19,7,5,0,0.8830897703549061,0.6124661246612466,0.0
13,0,2,1,8,4,5,4,0.9519832985386223,0.25474254742547425,0.0
5,0,2,2,21,2,2,4,0.9394572025052192,0.26558265582655827,1.0
64,0,2,0,13,1,5,0,0.32150313152400845,0.23306233062330622,0.0
5,0,2,0,15,4,5,0,0.9394572025052192,0.07588075880758807,0.0
5,1,2,0,0,2,5,0,0.9394572025052192,0.037940379403794036,0.0
95,1,2,2,13,3,5,0,0.8037578288100209,0.027100271002710022,0.0
64,1,0,0,11,7,5,0,0.32150313152400845,0.24390243902439024,1.0
13,0,0,0,19,6,4,0,0.9519832985386223,0.5149051490514904,0.0
83,0,2,0,5,4,5,2,0.6096033402922756,0.5474254742547425,0.0
101,1,2,0,16,3,5,1,0.5929018789144052,0.11924119241192412,0.0
2,1,0,0,5,4,5,5,0.8705636743215033,0.1842818428184282,0.0
5,0,2,0,21,1,5,3,0.9394572025052192,0.1842818428184282,0.0
13,0,2,0,21,4,5,4,0.9519832985386223,0.6612466124661246,0.0
95,1,2,0,17,4,5,0,0.8037578288100209,0.4281842818428185,1.0
64,1,2,0,13,5,5,2,0.32150313152400845,0.05420054200542005,1.0
5,0,2,0,21,4,5,4,0.9394572025052192,0.5311653116531165,0.0
49,1,0,1,11,4,5,1,0.9394572025052192,0.5907859078590786,0.0
55,0,0,1,17,4,5,0,0.8517745302713988,0.05962059620596205,0.0
65,0,2,0,21,7,3,4,0.8956158663883091,0.0921409214092141,0.0
5,0,2,0,21,4,5,4,0.9394572025052192,0.14092140921409213,1.0
49,1,2,0,14,1,2,0,0.9394572025052192,0.2872628726287263,0.0
64,0,2,0,21,7,5,4,0.32150313152400845,0.16260162601626016,0.0
116,1,2,0,20,4,5,5,0.47599164926931103,0.15718157181571815,0.0
112,1,0,2,14,4,5,0,0.9457202505219209,0.4444444444444445,0.0
39,0,2,0,11,4,5,0,0.1774530271398751,0.7804878048780487,0.0
51,1,2,0,20,4,5,5,0.9039665970772444,0.44986449864498645,0.0
30,0,2,2,17,2,5,0,0.8914405010438415,0.17886178861788618,0.0
49,1,0,2,6,4,4,4,0.9394572025052192,0.4823848238482385,1.0
3,0,2,0,2,7,5,4,0.1837160751565763,0.3631436314363144,1.0
94,0,2,0,16,4,5,1,0.6931106471816286,0.07046070460704607,1.0
64,0,0,0,11,4,5,0,0.32150313152400845,1.0,1.0
5,0,2,0,19,4,5,0,0.9394572025052192,0.0921409214092141,0.0
5,0,2,0,21,4,5,4,0.9394572025052192,0.15176151761517614,0.0
103,0,2,0,7,0,5,1,0.9791231732776617,0.12466124661246611,0.0
64,1,2,0,20,4,5,0,0.32150313152400845,0.11924119241192412,0.0
91,0,2,0,3,4,5,4,0.9248434237995826,0.05420054200542005,0.0
103,0,2,2,17,1,5,0,0.9791231732776617,0.6016260162601625,0.0
5,1,2,1,0,4,5,0,0.9394572025052192,0.10298102981029811,0.0
93,0,2,1,8,4,1,0,0.40918580375782887,0.3794037940379404,0.0
64,0,2,0,1,4,5,0,0.32150313152400845,0.4823848238482385,0.0
49,1,1,0,15,4,5,5,0.9394572025052192,0.41734417344173447,1.0
94,1,0,1,17,1,5,5,0.6931106471816286,0.4444444444444445,0.0
74,0,1,0,8,4,5,4,0.8830897703549061,0.13550135501355012,0.0
48,0,2,0,19,7,5,0,0.9185803757828812,0.5040650406504065,1.0
29,0,2,2,18,5,5,2,0.47599164926931103,0.2764227642276423,0.0
64,0,2,0,13,4,5,1,0.32150313152400845,0.33062330623306235,0.0
5,0,2,0,5,0,5,0,0.9394572025052192,0.6016260162601625,1.0
30,0,2,2,15,3,5,0,0.8914405010438415,1.0,1.0
5,0,2,2,1,1,5,1,0.9394572025052192,0.34146341463414637,0.0
61,0,2,2,14,4,5,0,0.4425887265135702,0.3631436314363144,1.0
98,1,2,0,20,4,5,5,0.47599164926931103,0.07046070460704607,0.0
101,0,2,0,19,1,5,0,0.5929018789144052,0.5149051490514904,0.0
48,0,2,0,20,4,5,0,0.9185803757828812,0.5040650406504065,1.0
48,0,2,2,4,2,2,4,0.9185803757828812,0.981029810298103,0.0
5,0,2,0,14,0,5,3,0.9394572025052192,0.17344173441734417,1.0
5,0,2,1,16,4,5,2,0.9394572025052192,0.2168021680216802,0.0
5,0,2,0,1,3,5,0,0.9394572025052192,1.0,0.0
1,0,1,0,1,7,5,0,0.8872651356993737,0.3848238482384824,0.0
111,0,2,0,2,4,5,3,0.465553235908142,0.6233062330623306,0.0
85,0,2,0,18,7,4,1,0.8893528183716073,0.16802168021680217,0.0
55,0,2,0,4,1,2,0,0.8517745302713988,0.16260162601626016,0.0
49,0,2,2,2,1,5,4,0.9394572025052192,0.11924119241192412,0.0
5,0,2,0,14,2,5,0,0.9394572025052192,0.26558265582655827,0.0
5,0,2,0,15,3,5,1,0.9394572025052192,0.7317073170731707,0.0
13,1,2,2,13,1,5,0,0.9519832985386223,0.24390243902439024,0.0
64,1,0,0,15,4,5,5,0.32150313152400845,0.04878048780487805,1.0
5,0,2,2,13,3,5,0,0.9394572025052192,0.26558265582655827,0.0
63,0,2,2,21,4,5,4,0.6805845511482254,0.46070460704607047,0.0
50,0,2,0,19,4,5,0,0.6200417536534448,0.26558265582655827,1.0
64,0,2,0,17,6,5,0,0.32150313152400845,0.13550135501355012,1.0
5,0,2,0,21,2,5,1,0.9394572025052192,0.14092140921409213,0.0
41,1,0,1,14,4,5,5,0.457202505219207,0.05420054200542005,0.0
13,0,2,0,14,7,5,3,0.9519832985386223,0.08130081300813008,1.0
30,1,0,2,14,4,5,0,0.8914405010438415,0.25474254742547425,1.0
64,0,2,2,16,0,0,0,0.32150313152400845,0.4444444444444445,0.0
64,0,2,0,9,3,5,4,0.32150313152400845,0.5474254742547425,0.0
64,1,2,0,11,7,5,1,0.32150313152400845,0.17886178861788618,1.0
30,1,2,0,0,4,5,5,0.8914405010438415,0.12466124661246611,0.0
26,0,2,2,16,1,5,0,0.7453027139874742,0.6991869918699186,0.0
64,0,2,0,16,3,5,1,0.32150313152400845,0.24932249322493225,1.0
13,0,2,0,8,4,5,4,0.9519832985386223,0.11924119241192412,0.0
113,1,0,1,15,4,5,0,0.47599164926931103,0.016260162601626015,0.0
55,0,2,2,21,4,5,0,0.8517745302713988,0.23848238482384823,0.0
5,0,2,0,15,6,5,1,0.9394572025052192,0.13008130081300812,0.0
5,0,2,0,17,4,5,1,0.9394572025052192,0.5365853658536585,0.0
64,0,0,2,18,1,0,2,0.32150313152400845,0.44986449864498645,1.0
48,0,2,0,2,5,5,3,0.9185803757828812,0.24390243902439024,0.0
89,1,2,0,19,4,5,5,0.826722338204593,0.31436314363143636,0.0
64,0,1,0,13,0,5,0,0.32150313152400845,0.35772357723577236,1.0
6,1,2,4,0,4,5,5,0.9478079331941547,0.07046070460704607,0.0
64,1,0,1,20,4,5,5,0.32150313152400845,0.13550135501355012,1.0
64,1,2,0,17,6,5,2,0.32150313152400845,0.17886178861788618,0.0
89,0,0,0,6,2,5,0,0.826722338204593,0.12466124661246611,0.0
49,1,2,0,16,0,0,0,0.9394572025052192,0.17886178861788618,0.0
64,0,2,0,15,4,5,0,0.32150313152400845,0.4010840108401084,1.0
38,0,2,0,10,1,5,0,0.7724425887265136,0.5474254742547425,0.0
99,0,2,0,21,1,5,0,0.8643006263048016,0.04878048780487805,1.0
101,0,1,0,17,0,1,2,0.5929018789144052,0.3089430894308943,0.0
13,0,2,0,19,4,5,1,0.9519832985386223,0.24932249322493225,0.0
64,0,0,0,16,4,5,2,0.32150313152400845,0.31978319783197834,0.0
55,0,2,1,16,4,5,0,0.8517745302713988,0.4552845528455285,0.0
13,1,1,1,19,7,5,0,0.9519832985386223,0.40650406504065045,0.0
30,0,2,2,1,2,5,0,0.8914405010438415,0.14634146341463414,0.0
5,1,0,0,19,4,1,0,0.9394572025052192,1.0,0.0
114,1,0,1,11,4,5,5,0.9498956158663885,0.8943089430894309,0.0
55,0,1,2,8,2,5,0,0.8517745302713988,0.5474254742547425,0.0
5,1,0,0,15,4,5,1,0.9394572025052192,0.22764227642276422,1.0
48,0,2,0,8,3,5,4,0.9185803757828812,0.16260162601626016,0.0
64,1,0,0,1,2,5,5,0.32150313152400845,0.6070460704607046,1.0
99,0,2,0,19,0,1,0,0.8643006263048016,0.3685636856368564,0.0
45,0,2,2,7,4,5,2,0.6242171189979124,0.17344173441734417,0.0
95,0,2,2,14,1,5,3,0.8037578288100209,0.35772357723577236,0.0
5,0,2,4,3,4,5,0,0.9394572025052192,0.41734417344173447,0.0
64,0,1,2,11,0,5,0,0.32150313152400845,0.12466124661246611,0.0
78,0,2,1,18,1,5,4,0.7453027139874742,0.07046070460704607,0.0
48,1,2,4,13,4,5,5,0.9185803757828812,0.7588075880758808,0.0
101,0,2,0,15,6,5,0,0.5929018789144052,0.8726287262872628,0.0
50,0,2,2,21,4,1,3,0.6200417536534448,0.037940379403794036,0.0
116,0,2,2,21,4,5,0,0.47599164926931103,0.6666666666666666,1.0
30,0,0,2,17,4,5,0,0.8914405010438415,0.027100271002710022,1.0
48,0,2,2,20,3,5,0,0.9185803757828812,0.2764227642276423,0.0
116,0,2,2,7,4,5,0,0.47599164926931103,0.11382113821138211,0.0
47,0,2,0,15,0,1,0,0.778705636743215,0.04878048780487805,0.0
93,0,2,0,19,0,1,0,0.40918580375782887,0.41734417344173447,0.0
116,1,1,0,9,0,0,0,0.47599164926931103,0.5203252032520325,0.0
5,0,2,0,15,3,5,1,0.9394572025052192,0.08672086720867209,0.0
44,0,2,0,1,1,5,0,0.1795407098121089,0.30352303523035234,1.0
5,0,0,0,15,7,5,0,0.9394572025052192,0.3794037940379404,0.0
13,0,2,2,13,1,1,0,0.9519832985386223,0.0975609756097561,0.0
46,1,2,0,11,4,5,5,0.6179540709812108,0.11382113821138211,0.0
49,0,2,2,21,1,5,2,0.9394572025052192,0.5474254742547425,0.0
64,0,0,0,2,5,5,2,0.32150313152400845,0.2818428184281843,1.0
49,0,2,0,7,0,5,4,0.9394572025052192,0.7208672086720866,0.0
48,0,2,0,21,4,5,4,0.9185803757828812,0.5962059620596206,0.0
22,0,2,0,14,3,4,0,0.018789144050104567,0.11382113821138211,0.0
30,0,2,0,11,4,5,0,0.8914405010438415,0.2981029810298103,0.0
64,0,2,0,1,4,5,4,0.32150313152400845,0.43360433604336046,1.0
5,0,2,0,18,2,5,4,0.9394572025052192,0.07046070460704607,0.0
42,1,1,0,19,4,5,0,0.47599164926931103,0.2818428184281843,1.0
5,0,2,0,21,5,5,0,0.9394572025052192,0.5962059620596206,0.0
11,0,2,0,17,5,5,1,0.16701461377870586,0.3848238482384824,1.0
83,0,2,0,17,4,5,4,0.6096033402922756,0.6070460704607046,0.0
91,0,2,0,11,4,5,0,0.9248434237995826,0.5907859078590786,0.0
3,0,2,0,16,7,5,0,0.1837160751565763,0.5365853658536585,1.0
5,0,2,0,6,5,4,0,0.9394572025052192,0.5853658536585366,0.0
5,0,2,0,21,3,5,3,0.9394572025052192,0.3848238482384824,0.0
5,0,2,2,21,3,5,4,0.9394572025052192,1.0,0.0
6,1,2,1,15,4,5,5,0.9478079331941547,0.12466124661246611,0.0
21,0,2,2,6,3,5,0,0.5594989561586641,0.08672086720867209,1.0
5,0,2,0,21,4,5,3,0.9394572025052192,0.037940379403794036,0.0
48,0,2,0,2,4,5,1,0.9185803757828812,0.6016260162601625,1.0
5,0,2,0,17,1,5,0,0.9394572025052192,0.016260162601626015,0.0
5,0,2,3,21,0,1,0,0.9394572025052192,1.0,0.0
6,0,2,0,15,4,5,0,0.9478079331941547,0.20596205962059622,0.0
83,0,0,0,13,1,5,1,0.6096033402922756,0.4444444444444445,0.0
48,0,2,0,15,7,5,0,0.9185803757828812,0.15176151761517614,0.0
91,0,2,0,16,4,1,1,0.9248434237995826,1.0,0.0
5,0,2,0,15,5,5,4,0.9394572025052192,0.6883468834688347,0.0
5,0,2,3,21,3,4,0,0.9394572025052192,0.17344173441734417,0.0
103,0,2,0,13,4,5,0,0.9791231732776617,0.2601626016260163,0.0
112,1,0,1,11,4,5,5,0.9457202505219209,0.037940379403794036,0.0
122,0,2,0,19,4,5,0,0.9290187891440502,0.13008130081300812,0.0
36,0,2,0,19,1,1,4,0.536534446764092,0.1951219512195122,0.0
5,0,2,0,18,4,5,0,0.9394572025052192,0.4932249322493225,0.0
5,0,2,0,4,0,1,0,0.9394572025052192,0.8455284552845528,0.0
89,0,2,3,21,4,5,5,0.826722338204593,0.8292682926829268,0.0
64,0,2,0,17,7,0,0,0.32150313152400845,0.24390243902439024,0.0
5,0,2,1,21,6,5,1,0.9394572025052192,0.0921409214092141,0.0
13,0,1,0,1,0,0,0,0.9519832985386223,0.016260162601626015,0.0
48,0,1,0,14,5,5,3,0.9185803757828812,0.0921409214092141,0.0
64,1,0,0,20,4,5,0,0.32150313152400845,0.8292682926829268,0.0
64,0,2,0,14,3,5,1,0.32150313152400845,0.14634146341463414,1.0
5,1,0,0,14,3,4,0,0.9394572025052192,0.3685636856368564,0.0
50,0,1,0,17,4,1,0,0.6200417536534448,0.30352303523035234,0.0
121,0,2,0,5,5,4,3,1.0,0.02168021680216802,0.0
13,0,0,0,1,4,5,0,0.9519832985386223,0.3089430894308943,0.0
5,0,2,0,10,5,5,4,0.9394572025052192,0.24390243902439024,0.0
70,1,0,2,1,4,4,1,0.9791231732776617,0.3252032520325204,0.0
13,0,2,2,19,4,5,1,0.9519832985386223,0.6612466124661246,0.0
5,0,2,0,15,4,5,0,0.9394572025052192,0.3089430894308943,0.0
49,1,2,0,11,4,5,0,0.9394572025052192,0.4010840108401084,1.0
64,0,2,2,15,2,5,0,0.32150313152400845,0.5907859078590786,0.0
48,0,2,0,21,4,5,0,0.9185803757828812,0.9701897018970189,0.0
48,0,2,0,16,7,5,3,0.9185803757828812,0.1842818428184282,0.0
5,0,2,0,21,7,0,0,0.9394572025052192,0.11924119241192412,0.0
14,0,0,3,18,1,5,4,0.665970772442589,0.05420054200542005,0.0
5,1,2,4,11,4,5,0,0.9394572025052192,0.7046070460704607,0.0
116,1,2,0,11,4,5,5,0.47599164926931103,1.0,1.0
103,0,2,0,21,2,5,1,0.9791231732776617,0.2222222222222222,0.0
30,0,2,0,21,1,5,4,0.8914405010438415,0.23848238482384823,0.0
106,0,2,0,17,4,5,0,0.2275574112734864,0.39566395663956644,1.0
70,1,1,1,14,0,5,0,0.9791231732776617,0.05962059620596205,0.0
22,1,2,0,0,4,5,5,0.018789144050104567,1.0,1.0
5,0,2,0,7,4,5,0,0.9394572025052192,0.3523035230352304,0.0
101,0,1,0,15,3,5,0,0.5929018789144052,0.23306233062330622,0.0
64,1,2,0,16,4,5,0,0.32150313152400845,0.07046070460704607,1.0
5,1,0,0,1,4,5,5,0.9394572025052192,0.4661246612466125,0.0
13,1,0,0,2,0,5,1,0.9519832985386223,0.17344173441734417,1.0
13,0,2,0,18,0,5,3,0.9519832985386223,0.3848238482384824,0.0
13,0,2,0,21,3,5,4,0.9519832985386223,0.2222222222222222,0.0
51,0,2,0,17,1,5,0,0.9039665970772444,0.3685636856368564,0.0
64,0,2,0,15,1,1,0,0.32150313152400845,0.3089430894308943,0.0
64,0,0,0,3,0,5,4,0.32150313152400845,0.1084010840108401,1.0
5,0,2,0,21,1,5,2,0.9394572025052192,0.04336043360433604,0.0
64,0,2,2,15,4,5,1,0.32150313152400845,0.14634146341463414,0.0
64,0,2,0,13,1,5,1,0.32150313152400845,0.3252032520325204,0.0
5,1,2,0,16,3,5,0,0.9394572025052192,0.05962059620596205,0.0
13,0,2,1,10,4,1,2,0.9519832985386223,0.0975609756097561,0.0
64,1,2,1,20,4,5,5,0.32150313152400845,0.3360433604336044,1.0
48,0,2,0,1,4,5,1,0.9185803757828812,0.15176151761517614,0.0
24,0,2,0,17,7,5,5,0.11899791231732793,0.5474254742547425,1.0
50,0,2,2,18,1,5,0,0.6200417536534448,0.31436314363143636,0.0
70,1,1,1,11,0,5,0,0.9791231732776617,0.4823848238482385,0.0
55,1,0,0,17,4,5,0,0.8517745302713988,0.2764227642276423,1.0
112,0,2,2,19,4,5,0,0.9457202505219209,0.3739837398373984,0.0
64,1,2,0,20,4,5,1,0.32150313152400845,0.13008130081300812,0.0
49,0,2,0,17,4,5,1,0.9394572025052192,0.05420054200542005,0.0
64,1,2,0,11,4,5,0,0.32150313152400845,0.3523035230352304,0.0
64,0,2,0,19,7,0,1,0.32150313152400845,0.2872628726287263,1.0
51,1,2,0,16,4,5,5,0.9039665970772444,0.959349593495935,1.0
5,0,2,2,10,3,5,0,0.9394572025052192,0.16802168021680217,0.0
95,0,0,0,11,0,1,5,0.8037578288100209,0.29268292682926833,0.0
51,0,1,0,21,3,5,4,0.9039665970772444,0.027100271002710022,0.0
44,0,0,0,16,4,5,0,0.1795407098121089,0.16802168021680217,1.0
94,0,2,0,6,4,5,0,0.6931106471816286,0.6016260162601625,0.0
48,0,2,0,21,4,5,4,0.9185803757828812,0.30352303523035234,0.0
5,1,2,0,15,4,5,1,0.9394572025052192,0.46070460704607047,1.0
2,0,2,1,14,4,5,0,0.8705636743215033,0.24390243902439024,0.0
5,0,2,0,12,7,5,2,0.9394572025052192,0.4281842818428185,0.0
95,0,2,2,11,4,5,0,0.8037578288100209,0.30352303523035234,0.0
15,1,2,0,21,4,5,4,0.5699373695198331,0.03252032520325203,0.0
5,0,0,0,5,1,2,0,0.9394572025052192,0.24932249322493225,0.0
25,0,2,2,5,7,5,5,0.32359081419624225,1.0,0.0
5,0,2,0,3,1,5,4,0.9394572025052192,0.04336043360433604,1.0
5,1,0,0,20,4,5,5,0.9394572025052192,0.17886178861788618,0.0
5,0,2,0,21,4,5,4,0.9394572025052192,0.2981029810298103,1.0
64,0,2,0,7,4,5,4,0.32150313152400845,0.8672086720867208,0.0
101,1,2,1,16,1,4,5,0.5929018789144052,0.5365853658536585,0.0
5,0,2,2,11,3,2,0,0.9394572025052192,0.2981029810298103,0.0
5,0,2,2,21,4,5,3,0.9394572025052192,0.4281842818428185,1.0
5,0,2,2,21,4,5,1,0.9394572025052192,0.11924119241192412,0.0
5,0,2,0,16,4,5,1,0.9394572025052192,0.13008130081300812,0.0
85,0,2,0,15,7,1,0,0.8893528183716073,0.26558265582655827,0.0
48,0,2,0,5,3,5,3,0.9185803757828812,0.2710027100271003,0.0
30,1,0,0,14,0,0,0,0.8914405010438415,0.25474254742547425,0.0
5,0,2,0,21,4,5,4,0.9394572025052192,0.13008130081300812,0.0
85,0,2,0,17,7,1,1,0.8893528183716073,0.15718157181571815,0.0
13,0,2,2,7,4,5,0,0.9519832985386223,0.44986449864498645,0.0
13,1,2,0,21,7,5,5,0.9519832985386223,0.31978319783197834,0.0
64,0,0,2,19,1,5,3,0.32150313152400845,0.5257452574525745,0.0
91,0,2,0,3,6,5,0,0.9248434237995826,0.46070460704607047,1.0
94,0,1,0,19,2,5,0,0.6931106471816286,0.8021680216802167,0.0
119,0,1,0,19,4,5,0,0.47599164926931103,0.8943089430894309,0.0
5,0,2,0,7,7,5,4,0.9394572025052192,0.1897018970189702,0.0
64,1,2,0,11,1,5,0,0.32150313152400845,0.21138211382113822,1.0
49,0,2,0,14,7,5,0,0.9394572025052192,0.17886178861788618,0.0
5,0,2,3,1,4,1,0,0.9394572025052192,0.2764227642276423,0.0
95,0,1,1,1,2,4,0,0.8037578288100209,0.22764227642276422,0.0
43,1,0,0,13,4,5,5,0.47599164926931103,0.07588075880758807,0.0
64,0,2,2,15,4,5,0,0.32150313152400845,0.3848238482384824,0.0
103,0,2,0,21,4,5,1,0.9791231732776617,0.2168021680216802,0.0
5,0,2,0,2,1,1,1,0.9394572025052192,0.17886178861788618,1.0
4,0,0,0,19,6,5,1,0.6972860125260962,0.11382113821138211,0.0
48,0,2,2,11,1,2,0,0.9185803757828812,0.15176151761517614,0.0
5,1,2,1,0,4,5,5,0.9394572025052192,1.0,0.0
15,0,0,2,16,2,5,0,0.5699373695198331,0.5474254742547425,0.0
5,1,1,0,20,5,5,0,0.9394572025052192,0.06504065040650406,1.0
13,0,2,2,2,4,5,3,0.9519832985386223,0.46070460704607047,0.0
94,1,0,1,14,4,5,5,0.6931106471816286,0.22764227642276422,0.0
48,0,2,2,18,3,5,2,0.9185803757828812,0.08672086720867209,0.0
64,0,2,2,11,3,5,1,0.32150313152400845,0.4823848238482385,1.0
5,0,2,2,1,4,5,2,0.9394572025052192,0.5799457994579945,0.0
95,0,2,2,3,5,5,0,0.8037578288100209,0.0975609756097561,0.0
95,0,2,2,1,4,5,3,0.8037578288100209,1.0,0.0
5,0,1,0,2,1,5,0,0.9394572025052192,0.0975609756097561,0.0
95,0,2,2,1,7,0,0,0.8037578288100209,0.05962059620596205,0.0
49,1,2,0,14,4,5,0,0.9394572025052192,0.8346883468834688,1.0
49,0,0,1,13,4,1,0,0.9394572025052192,1.0,0.0
48,1,2,4,13,4,5,5,0.9185803757828812,0.41192411924119243,0.0
3,0,2,0,0,4,5,0,0.1837160751565763,0.17344173441734417,0.0
5,0,2,0,1,0,1,0,0.9394572025052192,0.7750677506775068,0.0
5,1,0,0,13,2,4,0,0.9394572025052192,0.3848238482384824,1.0
2,1,1,0,15,7,5,2,0.8705636743215033,0.10298102981029811,0.0
5,0,2,0,21,4,5,4,0.9394572025052192,0.12466124661246611,0.0
64,1,0,1,16,4,5,0,0.32150313152400845,0.08130081300813008,1.0
69,0,2,0,19,7,5,4,0.7891440501043843,0.037940379403794036,0.0
48,0,2,2,16,3,5,3,0.9185803757828812,0.3794037940379404,0.0
116,1,1,0,14,4,5,0,0.47599164926931103,0.20596205962059622,0.0
5,1,2,3,21,4,5,4,0.9394572025052192,0.12466124661246611,0.0
64,0,2,3,21,4,5,4,0.32150313152400845,0.1897018970189702,1.0
5,0,2,0,21,5,1,0,0.9394572025052192,0.04336043360433604,0.0
64,0,2,0,6,4,5,5,0.32150313152400845,0.4281842818428185,0.0
5,0,2,0,4,4,5,3,0.9394572025052192,0.2764227642276423,1.0
5,0,2,2,21,1,1,4,0.9394572025052192,0.7804878048780487,0.0
5,0,2,0,21,4,5,0,0.9394572025052192,0.6016260162601625,1.0
116,0,2,2,7,0,1,0,0.47599164926931103,0.11382113821138211,0.0
5,0,1,0,16,3,4,1,0.9394572025052192,0.7317073170731707,0.0
30,0,2,2,21,2,5,4,0.8914405010438415,0.29268292682926833,0.0
49,0,2,0,21,5,4,4,0.9394572025052192,0.5040650406504065,0.0
48,0,2,0,19,1,2,0,0.9185803757828812,0.10298102981029811,0.0
116,1,2,2,17,1,5,2,0.47599164926931103,0.037940379403794036,0.0
64,1,0,1,20,4,5,5,0.32150313152400845,0.26558265582655827,1.0
24,0,2,0,14,4,5,0,0.11899791231732793,0.21138211382113822,1.0
95,0,2,0,19,3,5,1,0.8037578288100209,1.0,0.0
48,1,0,0,18,4,5,0,0.9185803757828812,0.2764227642276423,1.0
5,0,2,0,16,2,5,0,0.9394572025052192,0.05420054200542005,0.0
5,0,2,0,21,4,5,1,0.9394572025052192,0.24390243902439024,1.0
65,0,2,0,8,0,1,2,0.8956158663883091,0.05962059620596205,0.0
95,1,2,0,14,1,4,1,0.8037578288100209,0.1842818428184282,0.0
1,0,2,0,3,4,5,2,0.8872651356993737,0.11382113821138211,0.0
48,0,2,2,21,2,5,2,0.9185803757828812,0.12466124661246611,0.0
37,1,2,0,21,4,5,5,0.5636743215031317,0.16260162601626016,0.0
21,0,2,0,17,7,0,1,0.5594989561586641,0.03252032520325203,0.0
5,0,2,0,19,3,5,0,0.9394572025052192,0.1897018970189702,0.0
5,0,0,3,4,6,5,4,0.9394572025052192,0.14634146341463414,0.0
2,0,0,0,1,1,5,5,0.8705636743215033,0.04878048780487805,0.0
2,0,2,2,2,4,5,1,0.8705636743215033,0.959349593495935,0.0
5,0,2,0,21,3,5,4,0.9394572025052192,0.1951219512195122,0.0
13,0,2,0,7,5,5,2,0.9519832985386223,0.03252032520325203,0.0
5,0,2,0,2,6,5,4,0.9394572025052192,0.4281842818428185,0.0
5,1,2,4,14,4,5,5,0.9394572025052192,0.8021680216802167,0.0
30,0,2,2,21,7,2,1,0.8914405010438415,0.1951219512195122,1.0
95,0,2,2,21,4,5,0,0.8037578288100209,0.8346883468834688,0.0
5,0,2,0,7,4,3,0,0.9394572025052192,0.07046070460704607,0.0
2,1,2,1,13,4,5,5,0.8705636743215033,0.41734417344173447,0.0
64,0,1,0,17,1,5,1,0.32150313152400845,0.08672086720867209,0.0
95,0,2,2,2,3,5,0,0.8037578288100209,0.1897018970189702,0.0
99,0,2,0,20,4,5,0,0.8643006263048016,0.037940379403794036,1.0
5,0,2,0,3,4,5,0,0.9394572025052192,0.3089430894308943,0.0
48,1,0,1,16,4,5,0,0.9185803757828812,0.05420054200542005,0.0
61,0,2,0,6,4,5,1,0.4425887265135702,0.39566395663956644,0.0
13,0,2,2,17,1,5,0,0.9519832985386223,0.05420054200542005,0.0
6,1,0,0,11,7,0,5,0.9478079331941547,0.44986449864498645,0.0
64,1,0,1,14,4,5,5,0.32150313152400845,0.25474254742547425,0.0
13,0,2,0,4,0,1,2,0.9519832985386223,0.8292682926829268,0.0
86,1,2,0,20,2,5,0,0.5636743215031317,0.11382113821138211,1.0
5,0,0,0,13,2,5,0,0.9394572025052192,0.08672086720867209,0.0
13,0,2,0,5,1,1,0,0.9519832985386223,0.16802168021680217,1.0
5,0,2,0,21,4,5,4,0.9394572025052192,1.0,1.0
1,0,2,3,9,3,5,1,0.8872651356993737,0.027100271002710022,1.0
64,0,2,0,6,1,5,0,0.32150313152400845,0.7208672086720866,1.0
30,0,2,0,17,1,5,4,0.8914405010438415,0.20596205962059622,1.0
11,1,0,0,20,4,5,1,0.16701461377870586,0.3360433604336044,1.0
64,0,0,0,0,7,2,0,0.32150313152400845,0.9485094850948509,1.0
48,0,2,0,3,0,5,0,0.9185803757828812,0.26558265582655827,0.0
15,1,2,2,21,3,5,4,0.5699373695198331,1.0,0.0
31,0,2,0,21,4,5,4,0.7640918580375784,0.12466124661246611,0.0
64,0,2,0,16,2,5,1,0.32150313152400845,0.5636856368563685,0.0
11,1,0,0,14,4,5,5,0.16701461377870586,0.29268292682926833,1.0
61,1,0,0,4,4,5,1,0.4425887265135702,0.2222222222222222,0.0
26,0,2,0,21,4,5,4,0.7453027139874742,0.3252032520325204,0.0
116,0,1,0,17,0,0,0,0.47599164926931103,0.7479674796747967,0.0
49,0,2,0,21,4,5,4,0.9394572025052192,1.0,0.0
5,1,2,1,16,4,5,5,0.9394572025052192,0.3523035230352304,0.0
64,0,2,0,14,7,5,2,0.32150313152400845,0.03252032520325203,1.0
13,1,0,1,16,4,5,5,0.9519832985386223,0.05420054200542005,0.0
75,1,0,2,6,2,5,0,0.676409185803758,0.17344173441734417,0.0
64,1,0,0,14,2,5,0,0.32150313152400845,0.04336043360433604,1.0
48,0,2,0,21,5,5,1,0.9185803757828812,0.5907859078590786,0.0
31,0,2,4,21,4,5,0,0.7640918580375784,0.4769647696476965,0.0
49,0,2,2,21,4,5,0,0.9394572025052192,0.08130081300813008,0.0
48,0,2,1,18,1,5,4,0.9185803757828812,0.5962059620596206,0.0
69,1,2,0,11,4,5,5,0.7891440501043843,0.0921409214092141,0.0
4,1,2,2,1,3,4,1,0.6972860125260962,0.2764227642276423,0.0
13,0,2,0,19,4,5,0,0.9519832985386223,0.26558265582655827,0.0
64,1,0,1,13,4,5,5,0.32150313152400845,0.13008130081300812,1.0
5,1,2,0,21,4,5,4,0.9394572025052192,0.24932249322493225,1.0
2,0,2,2,1,4,5,0,0.8705636743215033,0.8346883468834688,0.0
5,1,2,0,16,7,5,0,0.9394572025052192,0.3252032520325204,0.0
66,1,0,1,15,4,5,5,0.47599164926931103,0.11382113821138211,0.0
5,0,2,0,21,4,5,4,0.9394572025052192,0.40650406504065045,1.0
11,1,0,2,1,4,5,4,0.16701461377870586,0.30352303523035234,1.0
49,1,0,1,15,4,5,0,0.9394572025052192,0.31978319783197834,0.0
51,0,2,0,14,5,5,0,0.9039665970772444,0.3902439024390244,0.0
48,0,2,2,21,6,5,4,0.9185803757828812,0.05420054200542005,0.0
49,1,0,0,15,4,5,0,0.9394572025052192,1.0,0.0
13,1,0,0,20,1,5,0,0.9519832985386223,0.3252032520325204,0.0
55,0,2,0,18,1,5,1,0.8517745302713988,0.4823848238482385,0.0
78,0,0,1,14,4,0,0,0.7453027139874742,0.0921409214092141,1.0
13,0,2,1,4,0,5,1,0.9519832985386223,0.16802168021680217,0.0
64,0,2,0,13,4,5,0,0.32150313152400845,1.0,1.0
49,0,0,0,21,4,5,4,0.9394572025052192,0.20596205962059622,0.0
48,0,2,2,2,4,5,0,0.9185803757828812,0.010840108401084009,1.0
2,0,2,1,16,4,5,0,0.8705636743215033,0.15718157181571815,0.0
49,0,2,0,15,1,5,0,0.9394572025052192,0.42276422764227645,1.0
95,0,2,2,3,4,5,0,0.8037578288100209,0.5907859078590786,0.0
48,1,1,0,17,4,5,0,0.9185803757828812,0.016260162601626015,1.0
95,1,0,0,17,6,5,0,0.8037578288100209,0.2005420054200542,0.0
13,1,2,0,20,4,5,5,0.9519832985386223,0.016260162601626015,0.0
64,1,2,1,0,4,5,5,0.32150313152400845,0.14634146341463414,1.0
30,0,2,2,7,4,5,1,0.8914405010438415,0.005420054200542005,0.0
5,0,1,0,4,3,5,0,0.9394572025052192,0.12466124661246611,0.0
30,0,2,2,2,7,5,2,0.8914405010438415,0.21138211382113822,0.0
95,0,2,0,14,4,4,2,0.8037578288100209,0.8509485094850948,0.0
95,1,2,2,4,2,5,4,0.8037578288100209,0.2710027100271003,0.0
49,0,2,0,21,1,5,3,0.9394572025052192,0.41734417344173447,0.0
13,0,2,2,9,0,0,4,0.9519832985386223,0.1897018970189702,0.0
91,0,2,0,19,4,1,0,0.9248434237995826,0.17344173441734417,0.0
17,0,2,2,11,1,5,0,0.5260960334029228,0.07046070460704607,0.0
81,0,2,0,16,7,5,2,0.5323590814196242,0.06504065040650406,0.0
30,1,2,3,3,4,5,1,0.8914405010438415,0.2818428184281843,0.0
41,1,1,1,11,4,5,0,0.457202505219207,0.16802168021680217,1.0
109,0,2,0,18,3,4,0,0.7870563674321502,0.04878048780487805,1.0
101,0,0,0,3,4,5,1,0.5929018789144052,0.2981029810298103,0.0
5,0,2,0,18,6,5,0,0.9394572025052192,0.15176151761517614,0.0
41,0,2,0,16,5,1,5,0.457202505219207,0.016260162601626015,0.0
5,0,2,0,15,2,5,0,0.9394572025052192,0.2872628726287263,0.0
5,0,2,0,21,1,1,2,0.9394572025052192,0.2872628726287263,0.0
101,0,2,2,21,4,5,0,0.5929018789144052,0.02168021680216802,0.0
43,1,2,1,13,4,5,5,0.47599164926931103,1.0,0.0
64,0,2,0,17,4,5,0,0.32150313152400845,1.0,1.0
64,0,2,0,21,1,5,0,0.32150313152400845,0.6558265582655827,1.0
101,0,2,0,6,2,5,0,0.5929018789144052,0.2222222222222222,0.0
38,0,2,2,16,4,5,0,0.7724425887265136,0.15176151761517614,1.0
48,0,2,2,21,2,2,4,0.9185803757828812,0.29268292682926833,0.0
48,0,2,0,7,5,5,4,0.9185803757828812,0.14634146341463414,0.0
64,0,2,2,18,0,1,0,0.32150313152400845,0.3252032520325204,0.0
5,0,2,0,2,2,4,4,0.9394572025052192,0.4932249322493225,1.0
64,0,0,0,19,7,5,1,0.32150313152400845,0.2981029810298103,1.0
49,0,0,0,15,4,5,0,0.9394572025052192,0.1951219512195122,0.0
85,0,2,0,1,2,5,0,0.8893528183716073,0.1084010840108401,0.0
64,0,1,0,13,0,5,1,0.32150313152400845,1.0,1.0
48,0,2,0,16,3,5,0,0.9185803757828812,0.21138211382113822,1.0
5,0,2,0,16,4,1,0,0.9394572025052192,0.35772357723577236,0.0
95,0,2,2,21,4,5,4,0.8037578288100209,0.03252032520325203,0.0
48,0,2,0,6,4,5,4,0.9185803757828812,0.3848238482384824,0.0
121,1,0,0,16,4,5,0,1.0,0.06504065040650406,0.0
11,0,0,4,21,7,0,0,0.16701461377870586,0.33062330623306235,1.0
49,0,2,0,0,7,5,0,0.9394572025052192,0.6720867208672087,0.0
13,0,2,0,15,5,5,3,0.9519832985386223,0.07588075880758807,0.0
117,0,0,0,0,4,5,0,0.4613778705636744,0.04336043360433604,1.0
65,0,2,0,8,7,1,0,0.8956158663883091,0.2764227642276423,0.0
5,1,2,0,19,1,5,4,0.9394572025052192,0.13008130081300812,0.0
7,0,0,0,19,1,5,4,0.676409185803758,1.0,0.0
13,0,2,2,17,1,5,0,0.9519832985386223,0.0921409214092141,0.0
13,0,2,2,6,4,2,0,0.9519832985386223,0.41192411924119243,0.0
64,1,2,0,11,4,2,0,0.32150313152400845,0.26558265582655827,1.0
5,0,2,0,1,3,5,4,0.9394572025052192,0.14092140921409213,1.0
5,0,0,1,14,4,5,0,0.9394572025052192,0.6016260162601625,1.0
30,0,1,0,15,4,5,3,0.8914405010438415,0.3089430894308943,0.0
5,0,2,2,21,4,5,0,0.9394572025052192,0.14634146341463414,0.0
5,1,2,4,14,4,5,5,0.9394572025052192,0.07588075880758807,0.0
83,0,2,2,14,4,5,2,0.6096033402922756,0.17886178861788618,1.0
5,0,2,0,14,4,5,0,0.9394572025052192,0.04336043360433604,0.0
5,0,2,0,18,1,5,4,0.9394572025052192,0.5691056910569106,0.0
5,0,2,2,4,1,5,3,0.9394572025052192,0.005420054200542005,0.0
49,0,2,0,5,1,5,2,0.9394572025052192,0.3252032520325204,0.0
48,1,0,1,16,4,5,5,0.9185803757828812,0.41734417344173447,0.0
5,0,2,0,18,4,5,0,0.9394572025052192,0.3089430894308943,1.0
48,0,2,0,6,0,5,1,0.9185803757828812,0.5040650406504065,0.0
5,0,2,0,21,0,1,3,0.9394572025052192,0.5094850948509485,0.0
64,0,2,1,13,4,5,0,0.32150313152400845,0.14092140921409213,1.0
96,0,2,0,18,4,5,1,0.8058455114822547,0.11382113821138211,0.0
74,1,2,1,6,7,5,1,0.8830897703549061,0.24390243902439024,0.0
41,0,2,1,11,4,5,1,0.457202505219207,0.5365853658536585,0.0
5,0,2,0,21,5,5,1,0.9394572025052192,0.29268292682926833,0.0
95,1,0,0,11,4,5,5,0.8037578288100209,0.4661246612466125,0.0
62,1,2,0,2,4,5,4,0.6638830897703549,0.25474254742547425,0.0
5,0,2,0,21,4,5,3,0.9394572025052192,1.0,0.0
49,1,2,1,14,4,5,5,0.9394572025052192,0.1951219512195122,0.0
6,0,2,0,19,0,5,0,0.9478079331941547,0.5040650406504065,0.0
61,1,0,0,11,4,5,5,0.4425887265135702,0.23848238482384823,1.0
64,1,2,0,15,0,5,0,0.32150313152400845,0.16802168021680217,0.0
5,1,2,0,21,4,5,4,0.9394572025052192,0.46070460704607047,1.0
77,0,0,0,13,4,5,0,0.6388308977035491,0.04336043360433604,0.0
5,0,2,2,21,4,5,4,0.9394572025052192,0.48780487804878053,0.0
64,0,2,0,1,4,5,1,0.32150313152400845,0.6666666666666666,0.0
83,0,2,0,10,4,5,0,0.6096033402922756,0.34146341463414637,1.0
49,1,2,1,0,4,5,0,0.9394572025052192,0.11382113821138211,1.0
64,1,1,0,17,4,5,5,0.32150313152400845,0.12466124661246611,1.0
82,0,2,1,21,7,0,1,0.8768267223382047,0.7967479674796748,0.0
5,1,2,0,21,7,5,4,0.9394572025052192,0.8292682926829268,0.0
4,0,2,2,9,5,5,1,0.6972860125260962,0.4715447154471545,0.0
29,1,0,1,19,4,5,0,0.47599164926931103,0.33062330623306235,1.0
94,0,2,2,2,5,5,0,0.6931106471816286,0.10298102981029811,0.0
85,0,2,0,2,4,5,0,0.8893528183716073,0.5853658536585366,0.0
30,0,2,0,7,4,4,2,0.8914405010438415,0.8943089430894309,1.0
70,0,2,1,16,4,5,0,0.9791231732776617,0.005420054200542005,0.0
13,0,2,2,7,4,5,0,0.9519832985386223,0.26558265582655827,0.0
48,1,0,1,11,4,5,5,0.9185803757828812,0.08130081300813008,0.0
31,0,2,0,7,4,1,4,0.7640918580375784,0.13008130081300812,0.0
5,0,1,0,14,2,5,0,0.9394572025052192,0.3523035230352304,0.0
7,0,2,0,17,4,5,0,0.676409185803758,0.027100271002710022,1.0
49,0,2,0,3,0,5,1,0.9394572025052192,0.03252032520325203,0.0
64,0,2,2,18,1,5,4,0.32150313152400845,0.1897018970189702,1.0
55,1,1,0,1,0,0,0,0.8517745302713988,0.13008130081300812,0.0
112,1,2,2,21,3,5,4,0.9457202505219209,0.3523035230352304,0.0
5,0,2,0,18,4,5,0,0.9394572025052192,0.010840108401084009,0.0
5,0,2,0,16,3,5,1,0.9394572025052192,0.26558265582655827,1.0
101,0,1,0,16,4,5,1,0.5929018789144052,0.5636856368563685,0.0
1,1,2,3,19,2,4,4,0.8872651356993737,1.0,0.0
30,0,2,0,2,6,4,1,0.8914405010438415,0.05962059620596205,0.0
48,0,0,0,17,4,5,0,0.9185803757828812,0.5257452574525745,1.0
55,0,0,0,19,4,5,0,0.8517745302713988,0.13550135501355012,0.0
11,1,0,0,20,4,5,5,0.16701461377870586,0.22764227642276422,0.0
5,0,2,0,21,1,5,1,0.9394572025052192,0.11924119241192412,0.0
64,1,0,1,11,4,5,5,0.32150313152400845,0.037940379403794036,1.0
55,0,1,1,6,1,5,2,0.8517745302713988,0.07588075880758807,0.0
49,0,2,0,17,4,5,1,0.9394572025052192,0.6558265582655827,0.0
66,0,2,0,4,4,5,1,0.47599164926931103,0.13008130081300812,0.0
6,1,2,3,21,5,4,4,0.9478079331941547,0.15718157181571815,0.0
89,0,2,0,9,1,5,0,0.826722338204593,0.1897018970189702,0.0
13,1,0,0,17,0,5,0,0.9519832985386223,0.23848238482384823,0.0
64,1,1,0,11,4,5,0,0.32150313152400845,1.0,0.0
13,1,2,0,13,3,5,0,0.9519832985386223,0.14092140921409213,0.0
97,0,1,2,11,4,0,0,0.3695198329853864,0.03252032520325203,0.0
13,1,0,1,0,4,5,0,0.9519832985386223,0.08672086720867209,0.0
110,0,2,0,2,1,4,4,0.5427974947807934,0.1084010840108401,0.0
11,0,2,0,16,0,5,5,0.16701461377870586,0.4769647696476965,1.0
64,1,2,0,15,4,5,0,0.32150313152400845,0.0975609756097561,1.0
49,0,2,2,21,1,5,1,0.9394572025052192,0.0921409214092141,0.0
40,1,2,0,6,4,5,4,0.5532359081419624,0.0921409214092141,1.0
3,0,2,0,16,4,5,0,0.1837160751565763,0.26558265582655827,1.0
86,0,2,2,1,6,5,3,0.5636743215031317,0.6775067750677507,0.0
11,0,2,2,11,7,5,0,0.16701461377870586,0.1897018970189702,1.0
49,0,2,0,21,1,5,1,0.9394572025052192,0.2710027100271003,0.0
26,0,2,2,14,4,5,0,0.7453027139874742,0.05420054200542005,0.0
5,1,1,1,14,4,5,0,0.9394572025052192,0.39566395663956644,1.0
95,1,2,0,11,4,5,0,0.8037578288100209,0.2981029810298103,1.0
48,0,2,2,1,7,5,0,0.9185803757828812,0.2222222222222222,0.0
47,1,0,0,14,4,5,0,0.778705636743215,0.14634146341463414,0.0
48,1,0,4,0,4,5,5,0.9185803757828812,0.03252032520325203,0.0
64,0,2,2,8,6,5,4,0.32150313152400845,0.35772357723577236,1.0
5,1,2,0,14,4,5,0,0.9394572025052192,0.5040650406504065,0.0
88,1,0,0,17,4,5,1,0.5615866388308981,0.4444444444444445,1.0
85,0,0,0,1,0,1,0,0.8893528183716073,1.0,0.0
23,1,0,1,13,4,5,5,0.5741127348643007,0.0921409214092141,0.0
13,0,2,2,8,5,5,1,0.9519832985386223,0.3902439024390244,0.0
13,0,2,2,21,5,5,1,0.9519832985386223,0.30352303523035234,1.0
48,0,2,2,6,3,5,2,0.9185803757828812,0.17886178861788618,0.0
5,1,0,0,16,4,5,0,0.9394572025052192,1.0,1.0
48,1,2,2,4,4,5,5,0.9185803757828812,0.33062330623306235,0.0
64,0,2,0,14,1,0,5,0.32150313152400845,0.4552845528455285,0.0
64,1,0,2,0,4,5,5,0.32150313152400845,0.10298102981029811,1.0
99,0,2,0,16,4,5,0,0.8643006263048016,0.15176151761517614,0.0
95,0,0,2,17,4,5,0,0.8037578288100209,0.12466124661246611,0.0
89,0,0,0,15,4,5,5,0.826722338204593,0.21138211382113822,1.0
29,1,2,0,20,1,5,0,0.47599164926931103,0.26558265582655827,1.0
11,0,2,0,15,4,5,0,0.16701461377870586,0.41734417344173447,1.0
121,0,2,2,21,2,5,0,1.0,0.20596205962059622,0.0
95,1,2,0,15,4,5,5,0.8037578288100209,0.1897018970189702,0.0
103,1,0,1,13,7,5,0,0.9791231732776617,0.016260162601626015,0.0
48,0,2,2,13,1,5,2,0.9185803757828812,0.3252032520325204,0.0
5,0,1,2,13,2,5,1,0.9394572025052192,0.14634146341463414,0.0
64,0,1,0,5,5,5,0,0.32150313152400845,0.7967479674796748,1.0
11,0,0,0,14,7,5,0,0.16701461377870586,0.3685636856368564,1.0
13,1,2,1,14,4,5,5,0.9519832985386223,0.17344173441734417,0.0
13,0,2,0,15,2,5,0,0.9519832985386223,0.8184281842818428,0.0
6,1,2,4,20,4,5,5,0.9478079331941547,1.0,0.0
121,0,2,2,21,1,5,4,1.0,0.5745257452574526,0.0
4,0,2,4,21,3,5,0,0.6972860125260962,0.29268292682926833,0.0
64,1,0,1,0,4,5,5,0.32150313152400845,0.15718157181571815,1.0
30,0,2,2,21,4,5,0,0.8914405010438415,0.4552845528455285,1.0
64,0,2,0,18,3,5,1,0.32150313152400845,0.11924119241192412,1.0
93,0,2,0,17,1,5,1,0.40918580375782887,0.3631436314363144,0.0
85,0,2,3,21,4,5,5,0.8893528183716073,1.0,0.0
64,0,2,0,18,4,5,0,0.32150313152400845,0.3089430894308943,1.0
31,0,2,2,2,3,5,0,0.7640918580375784,0.037940379403794036,0.0
99,0,2,2,14,1,5,1,0.8643006263048016,0.6016260162601625,0.0
70,0,1,0,3,1,5,0,0.9791231732776617,0.13550135501355012,0.0
95,0,2,1,16,2,5,0,0.8037578288100209,0.5636856368563685,0.0
48,0,2,2,5,1,5,0,0.9185803757828812,0.17344173441734417,0.0
49,0,2,0,21,7,5,1,0.9394572025052192,0.07588075880758807,0.0
64,0,2,0,18,3,5,4,0.32150313152400845,0.2818428184281843,1.0
5,0,2,0,1,3,5,0,0.9394572025052192,0.14634146341463414,0.0
41,0,2,0,14,4,5,3,0.457202505219207,0.3848238482384824,1.0
64,1,0,1,20,4,5,5,0.32150313152400845,0.12466124661246611,0.0
5,1,1,0,17,5,2,4,0.9394572025052192,0.12466124661246611,0.0
5,0,2,0,21,4,5,4,0.9394572025052192,0.10298102981029811,1.0
77,1,2,0,6,4,5,4,0.6388308977035491,0.24932249322493225,0.0
13,1,2,0,1,3,5,0,0.9519832985386223,0.35772357723577236,0.0
51,1,2,4,3,4,5,0,0.9039665970772444,0.07588075880758807,0.0
48,1,2,1,11,4,5,5,0.9185803757828812,0.31436314363143636,1.0
5,0,2,2,21,2,5,4,0.9394572025052192,0.1951219512195122,0.0
6,0,2,2,1,0,5,0,0.9478079331941547,0.06504065040650406,0.0
30,0,2,0,21,4,5,4,0.8914405010438415,0.11382113821138211,0.0
48,0,2,2,7,5,4,3,0.9185803757828812,0.05962059620596205,0.0
5,0,2,0,11,7,0,5,0.9394572025052192,0.05420054200542005,0.0
5,0,2,2,5,3,5,0,0.9394572025052192,0.2981029810298103,0.0
4,0,2,2,10,4,5,0,0.6972860125260962,0.39566395663956644,0.0
98,0,2,0,17,4,0,1,0.47599164926931103,1.0,1.0
5,0,2,0,21,1,2,0,0.9394572025052192,0.08672086720867209,0.0
5,0,2,0,19,1,5,4,0.9394572025052192,0.4281842818428185,0.0
103,1,2,0,0,4,5,0,0.9791231732776617,0.4010840108401084,0.0
64,0,2,0,13,7,0,0,0.32150313152400845,0.3252032520325204,0.0
64,0,2,0,14,2,5,0,0.32150313152400845,0.13008130081300812,1.0
101,0,2,0,2,6,5,0,0.5929018789144052,0.4823848238482385,0.0
74,0,2,2,3,3,5,0,0.8830897703549061,0.5745257452574526,0.0
11,1,0,0,11,4,5,5,0.16701461377870586,0.05962059620596205,1.0
50,0,1,0,11,7,0,0,0.6200417536534448,0.39566395663956644,1.0
5,0,2,0,21,2,5,4,0.9394572025052192,0.40650406504065045,0.0
103,0,2,0,21,2,5,4,0.9791231732776617,0.2222222222222222,0.0
65,0,0,0,19,4,1,0,0.8956158663883091,0.2222222222222222,0.0
64,0,2,0,21,4,5,4,0.32150313152400845,0.3631436314363144,0.0
39,0,2,0,16,0,5,0,0.1774530271398751,0.41734417344173447,0.0
5,0,2,0,16,4,5,0,0.9394572025052192,0.23848238482384823,0.0
30,0,2,2,16,1,5,0,0.8914405010438415,0.5257452574525745,0.0
64,1,2,2,1,4,0,0,0.32150313152400845,0.16802168021680217,1.0
48,1,2,0,5,0,5,4,0.9185803757828812,0.23848238482384823,0.0
64,0,2,0,14,3,5,1,0.32150313152400845,1.0,1.0
64,1,0,0,15,4,5,5,0.32150313152400845,0.06504065040650406,1.0
64,0,2,0,14,3,5,1,0.32150313152400845,0.16260162601626016,1.0
13,1,0,0,16,4,5,0,0.9519832985386223,0.8726287262872628,0.0
89,0,1,0,14,4,5,0,0.826722338204593,0.17344173441734417,0.0
64,0,2,0,16,2,5,0,0.32150313152400845,0.08672086720867209,1.0
49,0,2,1,21,1,5,1,0.9394572025052192,0.0921409214092141,0.0
5,0,2,0,3,0,5,3,0.9394572025052192,0.2222222222222222,0.0
5,0,2,0,21,4,5,4,0.9394572025052192,0.03252032520325203,1.0
13,0,1,0,16,4,5,0,0.9519832985386223,0.6341463414634146,0.0
5,1,2,2,5,4,4,0,0.9394572025052192,0.23848238482384823,1.0
74,0,2,0,16,1,0,0,0.8830897703549061,0.2764227642276423,0.0
5,0,2,0,11,7,0,0,0.9394572025052192,0.20596205962059622,0.0
5,0,2,0,21,0,5,4,0.9394572025052192,0.2005420054200542,0.0
48,0,2,2,1,4,1,0,0.9185803757828812,0.1084010840108401,0.0
5,0,2,0,16,3,4,0,0.9394572025052192,0.04878048780487805,0.0
64,0,2,2,17,1,5,0,0.32150313152400845,0.3523035230352304,0.0
48,0,2,0,16,4,5,0,0.9185803757828812,0.11382113821138211,0.0
99,0,2,2,21,0,4,4,0.8643006263048016,0.0921409214092141,0.0
13,0,2,2,17,2,5,5,0.9519832985386223,0.30352303523035234,0.0
5,0,2,0,2,4,5,2,0.9394572025052192,1.0,1.0
13,0,2,2,10,1,5,4,0.9519832985386223,0.17886178861788618,0.0
104,1,2,0,0,2,5,0,0.47599164926931103,0.3739837398373984,1.0
5,1,0,0,16,4,5,1,0.9394572025052192,0.2222222222222222,0.0
5,0,2,0,13,4,5,1,0.9394572025052192,1.0,1.0
48,0,2,2,21,3,5,1,0.9185803757828812,0.13008130081300812,0.0
48,0,2,0,12,2,5,0,0.9185803757828812,0.23306233062330622,0.0
5,0,2,0,15,1,5,0,0.9394572025052192,0.4281842818428185,0.0
21,1,0,0,15,1,5,0,0.5594989561586641,0.037940379403794036,0.0
5,0,2,0,1,3,5,1,0.9394572025052192,0.22764227642276422,0.0
13,1,0,1,13,6,4,0,0.9519832985386223,0.24390243902439024,0.0
99,1,2,3,21,2,2,4,0.8643006263048016,1.0,0.0
7,0,2,0,15,1,5,0,0.676409185803758,0.44986449864498645,0.0
48,0,2,0,15,4,5,0,0.9185803757828812,0.05962059620596205,0.0
48,0,2,2,10,4,5,0,0.9185803757828812,0.07588075880758807,0.0
50,0,0,0,1,2,5,0,0.6200417536534448,0.20596205962059622,0.0
41,0,2,0,14,1,2,0,0.457202505219207,0.5636856368563685,0.0
64,1,2,0,20,3,5,0,0.32150313152400845,0.05962059620596205,0.0
48,0,2,2,18,4,5,4,0.9185803757828812,0.5365853658536585,0.0
5,0,2,2,21,3,5,1,0.9394572025052192,0.5149051490514904,0.0
48,0,2,0,1,7,5,2,0.9185803757828812,0.2981029810298103,1.0
5,1,0,1,14,3,5,0,0.9394572025052192,1.0,0.0
48,1,0,2,19,7,5,0,0.9185803757828812,0.1951219512195122,0.0
5,1,2,2,8,1,2,4,0.9394572025052192,0.2005420054200542,0.0
31,0,2,0,2,1,5,5,0.7640918580375784,0.15718157181571815,0.0
64,1,1,2,0,6,5,0,0.32150313152400845,0.29268292682926833,1.0
48,0,2,0,21,1,5,0,0.9185803757828812,0.027100271002710022,0.0
5,0,2,0,16,1,4,0,0.9394572025052192,0.05420054200542005,0.0
5,0,2,0,20,1,2,0,0.9394572025052192,0.17886178861788618,0.0
48,1,0,1,13,4,5,0,0.9185803757828812,0.17886178861788618,1.0
90,0,0,0,18,4,5,0,0.6367432150313155,0.8834688346883468,0.0
99,1,0,1,14,4,5,5,0.8643006263048016,1.0,0.0
5,1,0,0,17,4,5,5,0.9394572025052192,0.16802168021680217,1.0
64,0,2,2,1,1,5,3,0.32150313152400845,0.21138211382113822,1.0
48,0,2,2,21,1,5,4,0.9185803757828812,0.4661246612466125,0.0
64,1,2,0,16,5,5,0,0.32150313152400845,0.5311653116531165,0.0
105,1,2,1,11,4,5,5,0.7515657620041754,0.005420054200542005,0.0
64,0,2,0,1,2,5,0,0.32150313152400845,0.4281842818428185,1.0
5,0,2,0,11,1,5,0,0.9394572025052192,0.2872628726287263,0.0
101,1,1,0,3,2,4,4,0.5929018789144052,0.6124661246612466,0.0
5,0,2,3,21,5,2,4,0.9394572025052192,0.9159891598915989,0.0
4,0,2,1,14,4,5,0,0.6972860125260962,0.43360433604336046,0.0
5,0,2,0,3,2,5,1,0.9394572025052192,0.0921409214092141,0.0
89,0,2,0,21,4,5,1,0.826722338204593,0.24932249322493225,1.0
48,1,2,1,11,4,5,5,0.9185803757828812,0.8455284552845528,0.0
5,0,2,0,17,5,5,0,0.9394572025052192,0.010840108401084009,0.0
39,0,2,0,11,5,2,0,0.1774530271398751,0.08672086720867209,1.0
89,1,0,1,7,4,5,5,0.826722338204593,0.6991869918699186,0.0
5,0,2,2,21,4,5,1,0.9394572025052192,0.4281842818428185,0.0
48,0,2,0,19,4,1,1,0.9185803757828812,0.05420054200542005,0.0
64,0,0,2,14,4,5,0,0.32150313152400845,0.14634146341463414,1.0
5,1,2,0,17,4,5,5,0.9394572025052192,0.5799457994579945,0.0
5,0,2,0,6,4,5,4,0.9394572025052192,0.11924119241192412,0.0
30,0,1,0,1,3,5,0,0.8914405010438415,0.13550135501355012,0.0
5,0,2,0,21,3,5,4,0.9394572025052192,0.7696476964769647,0.0
5,0,2,0,10,1,5,1,0.9394572025052192,0.25474254742547425,0.0
49,0,2,0,6,0,1,3,0.9394572025052192,0.8184281842818428,0.0
11,0,2,0,1,4,5,0,0.16701461377870586,0.8509485094850948,0.0
64,1,2,0,14,3,5,1,0.32150313152400845,0.5474254742547425,1.0
48,1,2,2,21,4,5,4,0.9185803757828812,0.4444444444444445,0.0
64,0,0,0,15,0,5,0,0.32150313152400845,0.037940379403794036,1.0
64,1,2,0,16,1,1,0,0.32150313152400845,0.08672086720867209,1.0
5,0,2,0,2,0,5,0,0.9394572025052192,0.016260162601626015,0.0
48,0,2,2,21,4,5,0,0.9185803757828812,0.07046070460704607,0.0
13,0,2,2,1,1,5,0,0.9519832985386223,0.14634146341463414,0.0
64,1,2,0,11,2,5,0,0.32150313152400845,0.04336043360433604,0.0
1,1,2,1,15,4,2,1,0.8872651356993737,0.33062330623306235,0.0
48,1,2,0,11,4,5,0,0.9185803757828812,0.22764227642276422,1.0
5,1,0,0,15,4,5,5,0.9394572025052192,0.41192411924119243,0.0
30,1,0,0,14,4,5,5,0.8914405010438415,0.2222222222222222,0.0
99,0,2,0,5,0,1,0,0.8643006263048016,0.9701897018970189,0.0
64,0,0,0,16,1,5,1,0.32150313152400845,0.29268292682926833,0.0
48,0,2,2,6,2,5,1,0.9185803757828812,0.0,0.0
5,0,2,0,2,4,5,0,0.9394572025052192,0.07588075880758807,1.0
5,0,2,2,9,5,5,4,0.9394572025052192,0.07588075880758807,0.0
43,1,2,1,15,4,5,5,0.47599164926931103,0.13550135501355012,0.0
64,1,2,0,21,4,5,1,0.32150313152400845,0.4661246612466125,0.0
4,0,2,2,1,4,5,1,0.6972860125260962,0.4769647696476965,0.0
11,0,2,0,14,1,5,1,0.16701461377870586,0.4281842818428185,0.0
64,0,2,0,17,3,5,0,0.32150313152400845,0.6612466124661246,0.0
48,0,2,2,17,1,2,0,0.9185803757828812,0.39566395663956644,0.0
64,0,2,0,16,3,5,0,0.32150313152400845,0.46070460704607047,0.0
1,1,2,0,13,7,5,1,0.8872651356993737,0.016260162601626015,0.0
31,0,2,0,10,0,5,1,0.7640918580375784,0.7100271002710027,0.0
5,0,2,0,21,0,5,2,0.9394572025052192,0.5311653116531165,0.0
98,0,2,0,13,4,5,0,0.47599164926931103,0.24932249322493225,1.0
13,0,1,0,2,0,0,1,0.9519832985386223,0.13550135501355012,0.0
112,0,0,0,2,2,5,0,0.9457202505219209,0.23306233062330622,0.0
4,0,2,0,19,4,5,4,0.6972860125260962,0.5257452574525745,0.0
48,0,2,1,15,4,5,5,0.9185803757828812,0.2222222222222222,0.0
5,0,2,3,21,3,4,2,0.9394572025052192,0.1897018970189702,0.0
64,1,0,1,11,4,5,5,0.32150313152400845,0.010840108401084009,0.0
13,0,2,2,21,5,5,1,0.9519832985386223,0.17886178861788618,0.0
70,0,2,1,15,3,5,5,0.9791231732776617,1.0,0.0
30,0,2,2,18,7,0,0,0.8914405010438415,0.44986449864498645,0.0
55,0,2,2,21,1,5,4,0.8517745302713988,0.3252032520325204,0.0
5,0,2,0,21,2,5,4,0.9394572025052192,0.2981029810298103,0.0
13,1,2,2,6,6,5,0,0.9519832985386223,0.21138211382113822,0.0
64,0,2,0,13,4,5,0,0.32150313152400845,0.13550135501355012,0.0
5,0,2,0,18,4,5,1,0.9394572025052192,0.43360433604336046,0.0
13,0,2,2,21,4,5,5,0.9519832985386223,0.08672086720867209,0.0
95,0,0,0,17,0,5,0,0.8037578288100209,0.11382113821138211,0.0
69,0,0,0,19,4,5,0,0.7891440501043843,0.5528455284552846,0.0
64,0,1,0,13,7,5,5,0.32150313152400845,0.3523035230352304,0.0
65,0,2,0,21,7,0,0,0.8956158663883091,0.7262872628726287,0.0
103,0,2,1,10,2,5,4,0.9791231732776617,0.959349593495935,0.0
64,1,0,0,1,4,5,1,0.32150313152400845,0.16260162601626016,1.0
122,0,0,0,18,4,5,0,0.9290187891440502,0.3631436314363144,0.0
48,0,2,2,14,4,5,0,0.9185803757828812,0.6070460704607046,0.0
95,0,0,0,18,1,4,2,0.8037578288100209,0.20596205962059622,0.0
27,0,2,0,17,4,5,0,0.43841336116910257,0.34146341463414637,1.0
5,0,2,2,21,4,5,4,0.9394572025052192,0.23848238482384823,0.0
48,0,0,3,5,5,4,0,0.9185803757828812,0.13550135501355012,0.0
5,0,2,3,0,4,1,0,0.9394572025052192,0.33062330623306235,1.0
55,0,2,2,3,4,5,0,0.8517745302713988,0.5149051490514904,0.0
30,1,0,0,16,4,5,0,0.8914405010438415,0.16260162601626016,1.0
48,0,2,3,21,7,5,4,0.9185803757828812,0.7750677506775068,0.0
5,0,2,0,13,4,5,0,0.9394572025052192,1.0,0.0
49,0,2,2,21,4,5,0,0.9394572025052192,0.05962059620596205,1.0
13,0,2,2,21,2,5,0,0.9519832985386223,0.08130081300813008,1.0
49,1,2,3,21,4,5,4,0.9394572025052192,0.10298102981029811,1.0
1,0,2,0,21,0,5,1,0.8872651356993737,0.05420054200542005,0.0
64,0,2,0,15,5,5,0,0.32150313152400845,0.24390243902439024,1.0
83,0,2,2,2,4,5,0,0.6096033402922756,0.027100271002710022,1.0
31,0,2,2,10,5,4,4,0.7640918580375784,0.8943089430894309,0.0
5,0,2,0,21,2,5,3,0.9394572025052192,0.037940379403794036,0.0
5,0,2,0,11,7,1,1,0.9394572025052192,0.1842818428184282,0.0
13,1,2,1,13,4,5,0,0.9519832985386223,0.2981029810298103,0.0
14,0,1,0,13,7,5,0,0.665970772442589,0.5040650406504065,0.0
64,0,0,0,0,4,5,0,0.32150313152400845,0.010840108401084009,1.0
11,0,2,0,16,0,5,0,0.16701461377870586,0.05420054200542005,1.0
5,1,1,4,0,3,5,5,0.9394572025052192,0.8401084010840109,0.0
4,0,0,0,16,5,5,0,0.6972860125260962,0.46070460704607047,0.0
48,0,2,0,21,2,5,4,0.9185803757828812,0.11924119241192412,0.0
5,0,2,0,17,4,5,5,0.9394572025052192,0.22764227642276422,0.0
41,0,0,0,15,1,2,3,0.457202505219207,0.0921409214092141,0.0
112,0,2,2,13,6,5,0,0.9457202505219209,0.41734417344173447,0.0
64,0,0,0,20,0,0,5,0.32150313152400845,0.11924119241192412,0.0
5,0,2,0,14,2,5,3,0.9394572025052192,0.10298102981029811,0.0
24,0,2,2,19,0,0,0,0.11899791231732793,0.3089430894308943,1.0
51,0,2,2,3,1,5,0,0.9039665970772444,0.07046070460704607,0.0
5,0,2,0,21,4,5,1,0.9394572025052192,0.42276422764227645,0.0
85,0,2,2,4,2,4,4,0.8893528183716073,1.0,0.0
116,1,0,0,16,4,5,0,0.47599164926931103,0.16260162601626016,0.0
30,0,2,2,17,7,0,1,0.8914405010438415,0.40650406504065045,0.0
5,1,2,0,11,4,5,5,0.9394572025052192,0.3631436314363144,0.0
94,0,2,0,1,7,5,4,0.6931106471816286,0.07046070460704607,0.0
99,0,2,2,17,4,5,0,0.8643006263048016,0.07588075880758807,0.0
6,0,2,2,21,4,2,0,0.9478079331941547,0.05962059620596205,0.0
64,0,2,0,17,1,5,2,0.32150313152400845,0.12466124661246611,0.0
102,1,0,0,13,4,5,5,0.2275574112734864,0.05420054200542005,0.0
93,0,2,0,5,4,5,3,0.40918580375782887,0.16260162601626016,0.0
97,0,2,2,2,3,5,4,0.3695198329853864,0.5907859078590786,0.0
5,1,2,0,15,2,5,4,0.9394572025052192,0.22764227642276422,0.0
122,1,0,0,11,4,5,5,0.9290187891440502,0.44986449864498645,0.0
13,0,2,0,6,5,5,0,0.9519832985386223,0.14634146341463414,0.0
49,0,0,0,15,4,5,5,0.9394572025052192,0.1897018970189702,0.0
95,1,2,2,11,5,5,0,0.8037578288100209,0.1084010840108401,0.0
64,1,2,0,14,4,5,5,0.32150313152400845,0.11924119241192412,0.0
47,1,0,1,13,4,5,5,0.778705636743215,0.1842818428184282,0.0
5,0,2,0,21,0,5,4,0.9394572025052192,0.7533875338753387,0.0
5,0,2,0,16,5,5,1,0.9394572025052192,0.39566395663956644,0.0
6,1,0,0,11,4,3,5,0.9478079331941547,0.5365853658536585,0.0
2,0,1,0,6,4,5,0,0.8705636743215033,0.8834688346883468,0.0
101,0,0,2,0,4,5,0,0.5929018789144052,0.24390243902439024,0.0
1,0,2,0,19,0,5,0,0.8872651356993737,0.4769647696476965,0.0
64,0,1,0,18,2,5,1,0.32150313152400845,0.21138211382113822,1.0
64,0,2,0,13,1,5,0,0.32150313152400845,0.2764227642276423,0.0
112,0,2,0,15,3,5,1,0.9457202505219209,0.08672086720867209,0.0
47,0,2,2,6,1,5,0,0.778705636743215,0.15176151761517614,0.0
64,0,2,2,13,4,0,0,0.32150313152400845,0.7750677506775068,1.0
99,0,2,2,21,4,0,4,0.8643006263048016,0.20596205962059622,0.0
65,0,2,0,21,3,5,1,0.8956158663883091,0.43360433604336046,0.0
13,1,2,2,17,3,5,0,0.9519832985386223,0.25474254742547425,0.0
64,1,0,0,20,7,5,0,0.32150313152400845,0.5311653116531165,0.0
3,1,0,1,11,4,5,5,0.1837160751565763,0.5365853658536585,0.0
5,1,2,0,7,4,5,5,0.9394572025052192,0.08672086720867209,1.0
5,1,2,0,0,1,5,0,0.9394572025052192,0.29268292682926833,0.0
5,1,2,2,6,4,5,4,0.9394572025052192,0.5853658536585366,1.0
78,1,2,3,21,4,5,4,0.7453027139874742,0.08130081300813008,0.0
64,1,0,1,11,4,5,0,0.32150313152400845,0.21138211382113822,0.0
5,1,0,2,15,7,4,0,0.9394572025052192,0.037940379403794036,1.0
48,0,2,0,21,4,5,1,0.9185803757828812,0.8184281842818428,1.0
50,0,0,0,6,4,5,0,0.6200417536534448,0.9376693766937669,0.0
5,0,2,0,14,1,5,1,0.9394572025052192,0.027100271002710022,1.0
5,0,2,0,1,1,5,4,0.9394572025052192,0.04878048780487805,0.0
64,0,2,2,13,1,5,0,0.32150313152400845,0.05420054200542005,0.0
109,0,0,0,15,3,5,4,0.7870563674321502,0.1842818428184282,0.0
64,0,2,2,18,5,5,0,0.32150313152400845,0.4932249322493225,0.0
83,0,2,0,21,4,5,1,0.6096033402922756,0.3739837398373984,0.0
61,0,2,0,19,3,5,4,0.4425887265135702,0.4715447154471545,1.0
114,1,2,2,4,1,1,0,0.9498956158663885,1.0,0.0
11,0,2,0,16,5,5,0,0.16701461377870586,0.33062330623306235,1.0
30,1,0,0,20,4,5,5,0.8914405010438415,0.16260162601626016,1.0
95,0,2,0,17,1,5,4,0.8037578288100209,0.07046070460704607,0.0
112,0,2,0,15,1,5,5,0.9457202505219209,1.0,0.0
14,0,2,0,19,3,5,3,0.665970772442589,0.1897018970189702,0.0
48,0,2,0,5,5,5,4,0.9185803757828812,0.43902439024390244,0.0
13,0,2,0,16,0,5,0,0.9519832985386223,0.010840108401084009,0.0
39,1,2,2,21,4,5,4,0.1774530271398751,0.8509485094850948,1.0
64,0,2,0,11,4,5,0,0.32150313152400845,0.1084010840108401,1.0
5,0,2,2,1,3,5,4,0.9394572025052192,0.11924119241192412,1.0
101,0,0,0,14,4,5,5,0.5929018789144052,0.03252032520325203,1.0
13,0,2,2,19,4,5,0,0.9519832985386223,0.016260162601626015,0.0
64,0,2,0,19,0,0,0,0.32150313152400845,0.027100271002710022,1.0
5,0,1,3,21,1,5,4,0.9394572025052192,0.2764227642276423,0.0
48,0,2,2,21,1,5,4,0.9185803757828812,0.2818428184281843,0.0
5,0,2,0,21,4,5,0,0.9394572025052192,0.12466124661246611,1.0
5,1,2,3,17,4,5,1,0.9394572025052192,0.22764227642276422,1.0
5,0,2,0,21,4,5,1,0.9394572025052192,0.11382113821138211,0.0
95,0,2,1,15,4,5,2,0.8037578288100209,0.30352303523035234,0.0
20,1,0,0,14,4,5,5,0.6492693110647181,0.3360433604336044,1.0
74,1,0,4,19,4,5,0,0.8830897703549061,0.14634146341463414,0.0
64,0,2,2,15,4,5,0,0.32150313152400845,0.17886178861788618,0.0
64,0,2,2,14,1,5,1,0.32150313152400845,0.1951219512195122,0.0
13,1,0,1,16,4,5,0,0.9519832985386223,0.5474254742547425,1.0
64,0,0,0,20,4,5,0,0.32150313152400845,0.5040650406504065,1.0
93,1,2,0,13,4,5,2,0.40918580375782887,0.23306233062330622,0.0
5,0,2,2,21,4,5,4,0.9394572025052192,0.3739837398373984,0.0
74,1,2,0,0,4,5,5,0.8830897703549061,0.13008130081300812,0.0
50,0,1,2,16,4,5,0,0.6200417536534448,0.2981029810298103,1.0
5,0,2,0,21,1,5,0,0.9394572025052192,0.8617886178861789,0.0
112,0,2,2,21,4,5,4,0.9457202505219209,0.10298102981029811,0.0
48,0,2,0,17,4,5,0,0.9185803757828812,0.2872628726287263,0.0
93,0,2,0,16,4,1,0,0.40918580375782887,0.7208672086720866,0.0
106,0,2,0,15,4,5,0,0.2275574112734864,0.5365853658536585,1.0
2,1,0,0,14,4,5,0,0.8705636743215033,0.2764227642276423,1.0
5,1,2,0,13,4,5,5,0.9394572025052192,0.2764227642276423,0.0
5,0,0,1,14,4,5,0,0.9394572025052192,0.23306233062330622,0.0
48,0,2,0,6,3,5,4,0.9185803757828812,0.17344173441734417,0.0
64,0,0,0,20,4,5,2,0.32150313152400845,0.14634146341463414,0.0
51,1,0,1,0,4,5,5,0.9039665970772444,0.6558265582655827,0.0
5,0,1,2,3,1,5,2,0.9394572025052192,0.06504065040650406,0.0
99,0,2,0,6,7,5,0,0.8643006263048016,0.4281842818428185,0.0
99,1,1,2,15,4,5,0,0.8643006263048016,0.11924119241192412,1.0
64,0,2,0,14,7,3,1,0.32150313152400845,0.05962059620596205,1.0
5,0,2,2,21,4,5,4,0.9394572025052192,0.4823848238482385,1.0
81,1,0,0,13,4,5,0,0.5323590814196242,0.26558265582655827,0.0
49,0,2,0,11,3,4,0,0.9394572025052192,0.2005420054200542,0.0
80,1,2,0,15,3,4,4,0.09603340292275586,0.03252032520325203,1.0
5,0,2,0,21,4,5,0,0.9394572025052192,0.41734417344173447,1.0
81,1,0,2,18,4,5,0,0.5323590814196242,0.14092140921409213,0.0
116,0,2,0,8,4,4,4,0.47599164926931103,0.10298102981029811,0.0
41,0,0,0,3,1,5,2,0.457202505219207,0.15718157181571815,0.0
5,1,0,2,3,4,4,0,0.9394572025052192,0.46070460704607047,0.0
13,1,2,1,16,4,5,0,0.9519832985386223,0.981029810298103,0.0
49,0,2,0,2,4,5,2,0.9394572025052192,0.2710027100271003,1.0
71,1,2,0,11,1,4,0,0.47599164926931103,0.3902439024390244,1.0
64,1,2,0,14,4,5,5,0.32150313152400845,1.0,1.0
13,1,0,0,16,7,5,0,0.9519832985386223,0.7750677506775068,0.0
5,0,2,2,14,2,5,0,0.9394572025052192,0.5474254742547425,0.0
85,0,2,0,2,4,5,4,0.8893528183716073,1.0,0.0
122,0,0,0,15,3,4,0,0.9290187891440502,0.13550135501355012,0.0
4,0,2,2,18,0,5,3,0.6972860125260962,0.8401084010840109,0.0
116,0,2,0,16,7,5,5,0.47599164926931103,0.5365853658536585,0.0
48,0,2,2,9,0,5,0,0.9185803757828812,0.2168021680216802,0.0
5,0,2,0,21,4,5,3,0.9394572025052192,0.10298102981029811,1.0
13,0,2,3,8,1,5,2,0.9519832985386223,0.8401084010840109,1.0
101,1,0,0,15,4,5,0,0.5929018789144052,0.5962059620596206,1.0
5,0,2,0,21,4,5,0,0.9394572025052192,0.1084010840108401,0.0
13,1,0,0,13,4,5,0,0.9519832985386223,0.08672086720867209,1.0
49,0,2,0,21,2,4,5,0.9394572025052192,0.037940379403794036,0.0
116,1,0,2,17,4,5,1,0.47599164926931103,0.8509485094850948,0.0
64,0,2,0,13,0,5,4,0.32150313152400845,1.0,1.0
6,0,2,4,6,1,5,1,0.9478079331941547,0.3089430894308943,0.0
49,1,2,0,10,4,5,4,0.9394572025052192,0.07046070460704607,1.0
48,0,2,0,7,0,5,4,0.9185803757828812,0.1842818428184282,0.0
64,0,2,0,5,3,5,0,0.32150313152400845,0.41734417344173447,1.0
5,0,2,0,21,3,5,4,0.9394572025052192,0.2710027100271003,0.0
106,0,2,0,19,1,5,1,0.2275574112734864,0.5203252032520325,1.0
13,0,0,1,1,1,3,5,0.9519832985386223,0.21138211382113822,1.0
21,0,2,3,3,4,5,0,0.5594989561586641,0.4281842818428185,0.0
120,1,2,2,0,5,5,5,0.9498956158663885,0.06504065040650406,0.0
5,0,2,2,14,5,5,1,0.9394572025052192,0.11924119241192412,0.0
101,0,0,1,16,4,5,2,0.5929018789144052,0.02168021680216802,0.0
35,0,2,1,13,4,5,0,0.6116910229645096,0.027100271002710022,0.0
82,1,2,1,11,4,5,5,0.8768267223382047,0.1084010840108401,0.0
95,1,2,1,11,4,5,5,0.8037578288100209,0.17886178861788618,0.0
119,0,2,0,14,4,5,1,0.47599164926931103,0.2710027100271003,0.0
48,0,2,0,7,4,5,4,0.9185803757828812,0.5094850948509485,1.0
64,0,2,0,1,2,5,5,0.32150313152400845,0.2710027100271003,1.0
4,1,2,0,15,4,5,5,0.6972860125260962,1.0,0.0
64,0,2,0,17,3,5,3,0.32150313152400845,0.4932249322493225,1.0
1,0,2,0,9,7,5,4,0.8872651356993737,0.43902439024390244,0.0
2,1,0,1,17,4,5,0,0.8705636743215033,0.05962059620596205,0.0
30,0,2,2,11,4,1,0,0.8914405010438415,0.17344173441734417,0.0
48,1,0,1,11,7,3,0,0.9185803757828812,0.04336043360433604,0.0
5,0,2,0,9,4,5,4,0.9394572025052192,0.6775067750677507,0.0
117,0,2,0,2,4,5,0,0.4613778705636744,0.10298102981029811,1.0
64,0,2,0,13,1,5,0,0.32150313152400845,0.40650406504065045,1.0
30,0,2,2,19,4,3,1,0.8914405010438415,0.34146341463414637,0.0
5,1,0,1,1,4,5,0,0.9394572025052192,0.16802168021680217,1.0
5,1,2,0,2,4,5,1,0.9394572025052192,0.41734417344173447,1.0
30,1,2,1,15,4,5,0,0.8914405010438415,0.29268292682926833,0.0
95,0,2,2,17,0,2,4,0.8037578288100209,0.5474254742547425,1.0
99,0,2,0,21,7,5,4,0.8643006263048016,0.15176151761517614,0.0
64,0,2,0,16,6,5,1,0.32150313152400845,0.43360433604336046,1.0
70,1,0,1,13,4,4,0,0.9791231732776617,0.15718157181571815,0.0
116,1,2,0,14,4,5,3,0.47599164926931103,0.07588075880758807,0.0
64,0,2,0,16,1,5,0,0.32150313152400845,0.5907859078590786,1.0
48,0,2,0,15,4,5,0,0.9185803757828812,0.3739837398373984,0.0
64,1,2,0,0,3,5,0,0.32150313152400845,0.1897018970189702,0.0
48,0,2,2,5,0,1,1,0.9185803757828812,0.41192411924119243,0.0
5,1,2,1,0,4,5,0,0.9394572025052192,0.05962059620596205,1.0
86,0,2,0,14,1,5,1,0.5636743215031317,1.0,0.0
5,0,2,0,21,1,5,4,0.9394572025052192,0.8455284552845528,0.0
49,0,2,0,14,4,5,5,0.9394572025052192,0.3902439024390244,0.0
65,0,1,0,5,3,4,1,0.8956158663883091,0.41734417344173447,0.0
5,0,2,0,19,2,5,4,0.9394572025052192,0.5311653116531165,0.0
11,0,0,2,21,4,5,4,0.16701461377870586,0.6883468834688347,1.0
5,0,2,0,15,1,1,0,0.9394572025052192,0.25474254742547425,0.0
11,0,2,0,17,5,5,0,0.16701461377870586,0.21138211382113822,1.0
13,1,2,1,0,4,5,0,0.9519832985386223,0.31436314363143636,0.0
64,0,2,0,6,0,1,1,0.32150313152400845,0.6016260162601625,0.0
13,0,0,2,1,4,4,0,0.9519832985386223,0.16260162601626016,0.0
2,0,2,1,14,7,5,0,0.8705636743215033,0.23848238482384823,0.0
5,0,2,0,20,4,5,0,0.9394572025052192,0.4823848238482385,0.0
57,0,0,0,14,0,5,1,0.6137787056367434,0.05962059620596205,0.0
49,0,2,0,15,2,4,0,0.9394572025052192,0.15718157181571815,0.0
2,0,2,0,9,4,5,2,0.8705636743215033,0.17886178861788618,0.0
95,0,2,2,1,4,5,0,0.8037578288100209,0.8726287262872628,0.0
64,0,2,2,16,3,4,1,0.32150313152400845,0.2222222222222222,1.0
49,0,2,0,3,0,5,0,0.9394572025052192,0.17886178861788618,0.0
95,1,0,0,18,4,5,5,0.8037578288100209,0.027100271002710022,0.0
13,0,2,4,21,4,5,0,0.9519832985386223,0.0921409214092141,0.0
5,0,2,2,21,7,1,0,0.9394572025052192,0.43360433604336046,0.0
64,1,2,0,18,4,5,4,0.32150313152400845,0.6233062330623306,1.0
49,1,0,2,5,4,5,3,0.9394572025052192,0.1897018970189702,0.0
5,0,2,0,9,4,5,0,0.9394572025052192,0.05962059620596205,1.0
99,0,2,0,21,4,5,4,0.8643006263048016,0.12466124661246611,1.0
2,1,2,1,15,4,5,1,0.8705636743215033,0.5691056910569106,0.0
64,0,2,0,19,4,1,1,0.32150313152400845,0.6341463414634146,0.0
64,1,2,2,16,5,2,4,0.32150313152400845,0.7425474254742547,1.0
15,0,0,0,13,2,5,0,0.5699373695198331,0.23306233062330622,0.0
30,0,2,2,19,4,5,0,0.8914405010438415,0.016260162601626015,0.0
41,1,2,1,18,2,5,0,0.457202505219207,0.5474254742547425,0.0
94,0,2,0,4,4,5,5,0.6931106471816286,0.44986449864498645,0.0
55,0,2,2,9,2,5,4,0.8517745302713988,0.05420054200542005,0.0
91,1,2,2,21,3,5,1,0.9248434237995826,0.4823848238482385,0.0
64,0,0,0,16,2,5,1,0.32150313152400845,0.15718157181571815,0.0
26,0,0,0,15,0,4,0,0.7453027139874742,0.027100271002710022,0.0
24,1,2,0,11,4,5,0,0.11899791231732793,0.5962059620596206,0.0
13,0,2,2,21,4,5,4,0.9519832985386223,0.34146341463414637,1.0
5,0,2,0,10,2,5,4,0.9394572025052192,0.17886178861788618,0.0
116,1,1,0,13,0,5,0,0.47599164926931103,0.04336043360433604,0.0
83,1,2,1,11,4,5,5,0.6096033402922756,0.3685636856368564,0.0
5,0,2,0,7,6,5,0,0.9394572025052192,0.7317073170731707,0.0
64,0,0,0,0,7,2,5,0.32150313152400845,0.15718157181571815,1.0
5,1,1,0,14,4,5,0,0.9394572025052192,0.14634146341463414,0.0
5,1,2,0,21,1,5,3,0.9394572025052192,0.16802168021680217,0.0
30,0,2,0,9,1,5,3,0.8914405010438415,0.43360433604336046,0.0
5,0,2,0,21,4,5,4,0.9394572025052192,0.1897018970189702,0.0
5,0,0,0,21,4,1,4,0.9394572025052192,1.0,0.0
95,1,2,2,14,3,5,3,0.8037578288100209,0.06504065040650406,0.0
3,0,0,0,14,4,5,0,0.1837160751565763,0.5582655826558265,1.0
64,0,2,0,15,0,5,2,0.32150313152400845,0.027100271002710022,1.0
82,1,0,2,15,4,5,0,0.8768267223382047,0.2601626016260163,0.0
51,0,2,2,21,2,5,0,0.9039665970772444,0.3252032520325204,0.0
99,0,2,3,21,0,1,4,0.8643006263048016,0.3089430894308943,0.0
65,1,0,2,7,4,5,4,0.8956158663883091,0.4932249322493225,0.0
46,0,1,0,19,2,5,4,0.6179540709812108,0.6016260162601625,0.0
5,1,0,0,18,4,5,5,0.9394572025052192,0.5365853658536585,1.0
49,0,2,0,18,4,5,1,0.9394572025052192,0.037940379403794036,0.0
83,1,2,0,11,2,5,5,0.6096033402922756,0.13550135501355012,0.0
5,0,2,0,21,4,5,0,0.9394572025052192,0.13550135501355012,1.0
48,0,2,2,21,5,5,0,0.9185803757828812,0.5094850948509485,1.0
5,0,0,2,6,4,5,1,0.9394572025052192,0.8943089430894309,0.0
58,0,2,2,6,1,5,4,0.08768267223382065,0.4010840108401084,0.0
5,0,2,0,19,3,4,0,0.9394572025052192,0.4932249322493225,0.0
48,1,0,3,18,4,5,0,0.9185803757828812,0.10298102981029811,0.0
74,0,2,0,21,7,5,5,0.8830897703549061,0.05420054200542005,0.0
13,0,2,2,17,1,5,0,0.9519832985386223,0.33062330623306235,0.0
103,0,2,2,19,1,5,0,0.9791231732776617,0.5040650406504065,0.0
64,0,2,3,21,4,5,1,0.32150313152400845,0.08130081300813008,1.0
112,1,2,2,13,2,4,0,0.9457202505219209,0.24390243902439024,1.0
47,0,2,0,6,0,1,4,0.778705636743215,0.8943089430894309,0.0
5,0,2,3,21,1,5,4,0.9394572025052192,0.6883468834688347,0.0
64,0,2,0,13,0,0,0,0.32150313152400845,0.07588075880758807,1.0
1,0,1,0,6,1,5,0,0.8872651356993737,0.07046070460704607,0.0
5,0,2,0,19,3,5,4,0.9394572025052192,0.15718157181571815,0.0
5,1,2,0,0,4,5,5,0.9394572025052192,0.15718157181571815,0.0
99,0,2,2,7,4,5,1,0.8643006263048016,0.16260162601626016,0.0
20,0,2,2,17,3,5,0,0.6492693110647181,0.1084010840108401,0.0
95,1,0,1,20,1,5,0,0.8037578288100209,0.05962059620596205,1.0
49,1,0,0,14,4,5,0,0.9394572025052192,0.2222222222222222,1.0
22,1,2,1,21,7,0,0,0.018789144050104567,0.2005420054200542,0.0
13,0,2,2,9,2,5,1,0.9519832985386223,0.6016260162601625,0.0
5,0,2,0,6,3,5,1,0.9394572025052192,0.15718157181571815,0.0
64,0,2,2,6,3,5,0,0.32150313152400845,0.4010840108401084,0.0
64,0,2,0,16,0,5,5,0.32150313152400845,0.11382113821138211,1.0
5,0,1,1,18,4,4,1,0.9394572025052192,0.7208672086720866,1.0
13,0,1,0,21,1,5,0,0.9519832985386223,0.13550135501355012,0.0
30,1,1,0,14,2,5,0,0.8914405010438415,0.1951219512195122,0.0
48,0,2,2,4,4,5,1,0.9185803757828812,0.05962059620596205,0.0
26,0,2,2,1,0,5,4,0.7453027139874742,0.5799457994579945,0.0
5,1,2,1,13,4,5,5,0.9394572025052192,0.25474254742547425,0.0
13,0,2,2,15,1,1,0,0.9519832985386223,0.0921409214092141,0.0
101,0,2,2,21,1,4,3,0.5929018789144052,0.14634146341463414,0.0
71,0,2,0,21,1,5,0,0.47599164926931103,0.03252032520325203,0.0
64,0,1,2,14,4,5,0,0.32150313152400845,0.5149051490514904,1.0
99,1,2,0,21,4,5,4,0.8643006263048016,0.7100271002710027,0.0
2,1,2,2,18,4,5,1,0.8705636743215033,0.4715447154471545,1.0
64,1,0,1,15,4,5,5,0.32150313152400845,0.2818428184281843,0.0
48,1,0,0,0,4,5,0,0.9185803757828812,0.2222222222222222,1.0
48,0,2,0,9,4,5,0,0.9185803757828812,0.4281842818428185,0.0
48,0,2,0,11,4,5,0,0.9185803757828812,0.7967479674796748,1.0
64,0,2,0,17,4,5,0,0.32150313152400845,0.26558265582655827,1.0
116,1,2,0,3,4,5,0,0.47599164926931103,0.7859078590785907,1.0
48,0,2,0,21,1,5,4,0.9185803757828812,0.4444444444444445,0.0
48,0,2,3,3,2,5,0,0.9185803757828812,0.1084010840108401,0.0
118,0,2,2,21,4,5,4,0.8246346555323592,0.6070460704607046,0.0
50,0,2,1,0,7,5,5,0.6200417536534448,0.2168021680216802,0.0
5,0,2,0,11,4,5,0,0.9394572025052192,0.037940379403794036,0.0
39,1,0,0,14,4,5,0,0.1774530271398751,0.11382113821138211,0.0
48,1,0,1,20,4,1,0,0.9185803757828812,0.5040650406504065,0.0
70,0,2,0,19,2,5,4,0.9791231732776617,0.05420054200542005,0.0
64,0,2,0,15,0,5,0,0.32150313152400845,0.4932249322493225,0.0
48,0,2,3,21,4,5,4,0.9185803757828812,0.3360433604336044,0.0
116,0,0,0,18,0,5,0,0.47599164926931103,0.13008130081300812,1.0
101,0,1,0,16,4,5,2,0.5929018789144052,0.0921409214092141,1.0
24,1,0,1,0,4,5,5,0.11899791231732793,0.4281842818428185,0.0
5,1,2,0,21,3,5,4,0.9394572025052192,0.3360433604336044,0.0
13,1,1,0,6,4,5,2,0.9519832985386223,0.17886178861788618,0.0
93,0,2,0,21,0,3,4,0.40918580375782887,0.06504065040650406,0.0
5,1,2,0,8,4,5,4,0.9394572025052192,0.16260162601626016,0.0
64,1,0,1,11,4,5,5,0.32150313152400845,0.43902439024390244,0.0
51,0,2,0,19,4,5,5,0.9039665970772444,0.5257452574525745,0.0
64,0,2,0,3,5,5,4,0.32150313152400845,1.0,0.0
48,0,2,0,15,3,5,2,0.9185803757828812,0.20596205962059622,0.0
65,0,1,0,17,2,5,0,0.8956158663883091,0.2222222222222222,0.0
64,0,2,0,13,2,5,1,0.32150313152400845,0.46070460704607047,0.0
5,0,2,0,8,3,5,0,0.9394572025052192,0.25474254742547425,0.0
95,1,0,4,11,4,5,0,0.8037578288100209,0.5094850948509485,0.0
64,0,2,2,10,2,5,4,0.32150313152400845,0.05420054200542005,1.0
64,1,2,2,13,4,5,0,0.32150313152400845,0.12466124661246611,0.0
64,0,2,0,14,4,5,0,0.32150313152400845,0.1084010840108401,0.0
11,0,2,0,18,0,5,5,0.16701461377870586,0.20596205962059622,1.0
64,1,0,1,18,4,5,5,0.32150313152400845,0.24390243902439024,1.0
64,1,2,0,15,3,5,0,0.32150313152400845,0.02168021680216802,0.0
64,0,2,0,1,1,5,0,0.32150313152400845,0.06504065040650406,1.0
46,0,2,0,11,1,5,0,0.6179540709812108,0.24390243902439024,0.0
11,0,2,0,15,4,5,1,0.16701461377870586,0.4823848238482385,1.0
13,1,0,1,13,4,5,1,0.9519832985386223,0.6558265582655827,1.0
64,1,0,1,20,4,5,5,0.32150313152400845,0.16802168021680217,0.0
48,0,2,2,6,1,5,1,0.9185803757828812,0.2764227642276423,0.0
21,1,2,2,6,4,5,0,0.5594989561586641,0.23306233062330622,0.0
65,0,2,0,9,7,1,0,0.8956158663883091,0.6016260162601625,0.0
64,0,2,2,3,4,5,0,0.32150313152400845,0.0975609756097561,0.0
103,0,2,0,18,4,1,3,0.9791231732776617,0.43360433604336046,0.0
95,0,2,2,17,1,5,0,0.8037578288100209,0.2601626016260163,0.0
70,0,1,1,4,1,5,1,0.9791231732776617,0.05962059620596205,0.0
64,0,0,2,13,4,5,0,0.32150313152400845,0.07588075880758807,1.0
95,1,2,1,18,4,5,5,0.8037578288100209,0.16260162601626016,0.0
4,0,2,0,17,4,5,0,0.6972860125260962,0.34688346883468835,1.0
70,0,2,2,6,4,5,4,0.9791231732776617,0.22764227642276422,0.0
5,0,2,0,19,5,5,1,0.9394572025052192,0.1842818428184282,0.0
5,1,2,0,11,4,5,0,0.9394572025052192,0.39566395663956644,1.0
49,0,2,0,21,6,5,4,0.9394572025052192,0.5799457994579945,0.0
5,1,0,1,13,4,5,0,0.9394572025052192,0.24390243902439024,0.0
9,1,0,3,17,4,4,4,0.10020876826722347,0.24390243902439024,1.0
64,0,2,2,19,4,5,3,0.32150313152400845,0.08672086720867209,1.0
5,0,2,0,2,4,5,4,0.9394572025052192,0.2222222222222222,1.0
49,1,2,1,13,4,5,5,0.9394572025052192,0.016260162601626015,0.0
48,0,2,2,17,7,0,0,0.9185803757828812,0.11382113821138211,0.0
64,0,2,0,13,7,5,0,0.32150313152400845,1.0,0.0
13,0,2,0,8,4,5,0,0.9519832985386223,0.5149051490514904,0.0
122,1,0,0,13,4,5,5,0.9290187891440502,0.05962059620596205,0.0
13,1,2,1,14,4,5,5,0.9519832985386223,0.24390243902439024,0.0
48,1,0,2,14,4,5,0,0.9185803757828812,0.26558265582655827,0.0
5,0,2,2,18,3,5,3,0.9394572025052192,0.2764227642276423,0.0
30,0,2,0,1,4,5,0,0.8914405010438415,0.08672086720867209,0.0
64,0,2,0,5,7,5,0,0.32150313152400845,0.4661246612466125,1.0
95,0,0,2,7,4,5,4,0.8037578288100209,0.23848238482384823,1.0
29,1,2,0,21,4,5,5,0.47599164926931103,0.23848238482384823,0.0
116,1,2,0,18,4,5,0,0.47599164926931103,0.48780487804878053,1.0
93,0,2,0,1,4,5,0,0.40918580375782887,0.2005420054200542,0.0
5,0,2,0,17,3,5,0,0.9394572025052192,0.5745257452574526,0.0
5,1,2,0,15,4,5,5,0.9394572025052192,0.027100271002710022,1.0
5,0,2,2,12,2,2,4,0.9394572025052192,0.3685636856368564,0.0
93,1,2,0,5,6,5,2,0.40918580375782887,0.3794037940379404,0.0
4,0,2,0,21,1,5,4,0.6972860125260962,0.14092140921409213,0.0
1,0,2,3,21,4,5,0,0.8872651356993737,0.11382113821138211,0.0
64,1,2,0,0,4,5,5,0.32150313152400845,0.16260162601626016,0.0
91,1,2,2,11,4,4,0,0.9248434237995826,0.17886178861788618,0.0
5,0,2,0,21,2,5,4,0.9394572025052192,0.34146341463414637,0.0
48,0,2,0,1,3,5,0,0.9185803757828812,0.04336043360433604,0.0
49,1,0,0,13,5,5,1,0.9394572025052192,0.3252032520325204,0.0
5,0,2,4,19,7,5,4,0.9394572025052192,0.24390243902439024,0.0
4,0,0,2,0,4,5,5,0.6972860125260962,0.016260162601626015,0.0
85,0,2,2,21,4,5,5,0.8893528183716073,0.1084010840108401,0.0
5,0,2,0,21,4,5,1,0.9394572025052192,0.31978319783197834,0.0
48,1,1,0,17,4,5,0,0.9185803757828812,0.26558265582655827,0.0
64,1,0,0,13,4,1,0,0.32150313152400845,0.13550135501355012,1.0
5,0,2,0,16,4,5,0,0.9394572025052192,0.8401084010840109,0.0
5,0,2,0,7,3,5,1,0.9394572025052192,0.08672086720867209,1.0
64,1,0,2,11,2,5,1,0.32150313152400845,0.40650406504065045,0.0
95,0,1,1,1,4,5,0,0.8037578288100209,0.08130081300813008,0.0
13,1,0,0,1,4,5,5,0.9519832985386223,0.35772357723577236,0.0
65,0,2,0,7,2,5,0,0.8956158663883091,0.15718157181571815,0.0
64,1,0,0,16,4,5,0,0.32150313152400845,0.14634146341463414,1.0
49,0,2,0,10,4,5,0,0.9394572025052192,0.027100271002710022,0.0
49,0,2,2,17,1,5,0,0.9394572025052192,0.11382113821138211,0.0
5,0,2,2,21,4,5,4,0.9394572025052192,0.1084010840108401,0.0
64,1,2,2,6,4,5,0,0.32150313152400845,0.05962059620596205,1.0
91,0,2,0,21,7,5,4,0.9248434237995826,0.10298102981029811,0.0
5,1,0,0,14,4,5,0,0.9394572025052192,0.14634146341463414,1.0
47,0,2,0,2,4,5,0,0.778705636743215,1.0,0.0
5,1,0,0,11,4,2,0,0.9394572025052192,0.10298102981029811,0.0
5,0,2,0,21,2,4,0,0.9394572025052192,0.25474254742547425,0.0
2,1,2,1,0,4,5,0,0.8705636743215033,0.2710027100271003,0.0
64,1,0,0,17,0,1,1,0.32150313152400845,0.8130081300813008,1.0
71,0,0,0,1,5,5,3,0.47599164926931103,0.12466124661246611,0.0
64,1,0,0,11,4,5,5,0.32150313152400845,0.2710027100271003,0.0
13,0,0,2,15,4,2,0,0.9519832985386223,0.2818428184281843,0.0
87,0,2,0,3,1,5,0,0.8058455114822547,0.8509485094850948,0.0
48,0,2,0,5,4,5,4,0.9185803757828812,0.11382113821138211,0.0
69,1,2,2,10,4,5,0,0.7891440501043843,0.5636856368563685,0.0
48,0,2,0,1,3,5,0,0.9185803757828812,0.15176151761517614,0.0
64,1,0,0,11,4,5,0,0.32150313152400845,0.30352303523035234,1.0
13,1,0,2,1,2,4,1,0.9519832985386223,0.1951219512195122,0.0
74,0,2,0,4,2,5,3,0.8830897703549061,0.05420054200542005,0.0
64,0,2,2,2,4,5,4,0.32150313152400845,0.3794037940379404,1.0
4,1,0,0,0,4,5,0,0.6972860125260962,0.15176151761517614,0.0
48,0,2,0,16,4,5,3,0.9185803757828812,0.016260162601626015,0.0
30,0,1,0,13,7,5,0,0.8914405010438415,0.15176151761517614,0.0
102,0,1,0,16,1,1,0,0.2275574112734864,0.08672086720867209,1.0
70,1,0,1,11,5,5,0,0.9791231732776617,0.2872628726287263,0.0
5,0,1,0,13,4,5,1,0.9394572025052192,0.4281842818428185,0.0
30,0,2,2,16,2,5,5,0.8914405010438415,0.0975609756097561,0.0
49,0,2,0,9,0,5,4,0.9394572025052192,0.8184281842818428,1.0
64,0,2,0,17,3,5,3,0.32150313152400845,0.25474254742547425,1.0
35,1,1,0,11,4,5,1,0.6116910229645096,0.13008130081300812,0.0
95,0,2,0,20,4,5,0,0.8037578288100209,0.2168021680216802,0.0
5,0,2,0,18,1,5,0,0.9394572025052192,0.2764227642276423,0.0
120,1,2,0,14,4,5,0,0.9498956158663885,0.2818428184281843,0.0
64,1,2,0,20,4,5,1,0.32150313152400845,0.15718157181571815,1.0
6,0,2,0,6,7,5,0,0.9478079331941547,0.04878048780487805,0.0
64,0,2,2,18,1,5,0,0.32150313152400845,0.5582655826558265,0.0
95,1,0,0,15,4,5,2,0.8037578288100209,0.2872628726287263,1.0
95,0,2,0,2,4,5,0,0.8037578288100209,0.26558265582655827,0.0
2,0,2,1,20,4,5,0,0.8705636743215033,0.31436314363143636,0.0
117,1,2,0,20,4,5,5,0.4613778705636744,0.0921409214092141,1.0
5,0,2,0,1,4,5,1,0.9394572025052192,0.1897018970189702,0.0
13,0,2,1,19,5,5,3,0.9519832985386223,0.26558265582655827,0.0
39,1,2,2,13,1,5,0,0.1774530271398751,1.0,1.0
30,0,2,3,21,3,5,4,0.8914405010438415,0.2764227642276423,0.0
64,0,0,0,11,4,5,0,0.32150313152400845,0.04878048780487805,0.0
99,0,0,2,17,5,5,0,0.8643006263048016,0.11924119241192412,0.0
95,0,1,1,15,1,5,0,0.8037578288100209,1.0,0.0
77,1,0,0,16,4,5,0,0.6388308977035491,0.44986449864498645,1.0
96,0,2,2,2,1,5,1,0.8058455114822547,0.5040650406504065,0.0
95,0,0,0,18,1,5,0,0.8037578288100209,0.30352303523035234,0.0
3,0,1,0,5,4,5,0,0.1837160751565763,0.016260162601626015,0.0
15,1,0,2,16,0,5,1,0.5699373695198331,0.42276422764227645,0.0
13,1,0,1,20,4,5,3,0.9519832985386223,1.0,0.0
31,1,0,0,18,4,5,0,0.7640918580375784,0.30352303523035234,0.0
64,1,2,2,11,7,0,0,0.32150313152400845,0.5094850948509485,0.0
5,1,2,0,14,4,5,0,0.9394572025052192,0.7425474254742547,0.0
5,0,2,0,12,2,4,4,0.9394572025052192,0.26558265582655827,0.0
64,0,2,2,13,3,5,0,0.32150313152400845,0.5040650406504065,1.0
61,1,2,0,13,1,2,5,0.4425887265135702,0.6070460704607046,0.0
49,1,2,0,11,4,5,0,0.9394572025052192,0.17886178861788618,1.0
55,0,2,2,2,1,5,0,0.8517745302713988,0.12466124661246611,1.0
48,0,2,0,21,1,5,0,0.9185803757828812,0.2764227642276423,1.0
55,1,0,1,14,4,5,0,0.8517745302713988,0.4823848238482385,0.0
103,0,2,0,21,3,5,2,0.9791231732776617,0.005420054200542005,0.0
5,0,2,0,7,1,5,4,0.9394572025052192,0.34146341463414637,0.0
13,1,2,0,21,4,5,1,0.9519832985386223,0.14092140921409213,0.0
114,1,2,0,0,4,5,0,0.9498956158663885,0.5257452574525745,0.0
120,0,2,2,21,2,5,4,0.9498956158663885,0.16260162601626016,0.0
64,1,0,1,13,4,5,5,0.32150313152400845,0.4010840108401084,0.0
5,0,2,2,21,2,5,1,0.9394572025052192,0.5257452574525745,0.0
46,0,0,0,14,4,5,1,0.6179540709812108,0.4932249322493225,1.0
121,1,2,2,21,6,4,2,1.0,0.11382113821138211,0.0
5,0,2,0,14,1,2,0,0.9394572025052192,0.35772357723577236,0.0
68,1,0,0,14,7,4,5,0.47599164926931103,1.0,0.0
48,0,2,0,20,0,1,0,0.9185803757828812,0.7533875338753387,0.0
14,1,2,0,15,4,5,5,0.665970772442589,0.7479674796747967,1.0
64,0,2,2,11,4,5,0,0.32150313152400845,0.1842818428184282,1.0
5,0,2,0,7,4,5,0,0.9394572025052192,0.02168021680216802,0.0
48,0,2,0,15,4,5,0,0.9185803757828812,0.29268292682926833,0.0
6,0,2,0,16,4,5,0,0.9478079331941547,0.8943089430894309,0.0
5,1,2,0,15,4,5,1,0.9394572025052192,0.1842818428184282,0.0
64,0,2,0,13,1,5,0,0.32150313152400845,0.35772357723577236,1.0
85,1,2,2,15,4,4,0,0.8893528183716073,0.5094850948509485,0.0
5,0,2,0,21,1,1,0,0.9394572025052192,0.010840108401084009,0.0
55,0,2,0,17,3,5,0,0.8517745302713988,0.3631436314363144,0.0
30,0,2,0,21,2,5,4,0.8914405010438415,0.6558265582655827,0.0
64,1,2,0,21,3,5,3,0.32150313152400845,0.12466124661246611,0.0
64,0,0,0,5,4,5,4,0.32150313152400845,0.34146341463414637,0.0
49,0,2,0,12,3,5,0,0.9394572025052192,0.03252032520325203,0.0
39,0,2,0,14,4,5,5,0.1774530271398751,0.46070460704607047,0.0
55,0,2,2,21,3,5,4,0.8517745302713988,1.0,0.0
64,1,2,0,17,4,5,0,0.32150313152400845,0.7208672086720866,1.0
21,0,0,0,15,4,5,2,0.5594989561586641,0.41734417344173447,0.0
7,0,2,2,17,1,1,0,0.676409185803758,0.3631436314363144,0.0
41,1,0,1,16,4,5,0,0.457202505219207,0.05420054200542005,0.0
13,1,0,2,10,4,5,4,0.9519832985386223,0.06504065040650406,1.0
30,0,2,2,21,4,5,4,0.8914405010438415,0.3360433604336044,0.0
48,1,2,0,0,4,5,5,0.9185803757828812,1.0,0.0
48,0,2,2,21,7,0,0,0.9185803757828812,0.6829268292682926,0.0
15,0,2,2,5,0,5,4,0.5699373695198331,0.5636856368563685,0.0
48,0,2,0,8,7,5,1,0.9185803757828812,0.9376693766937669,0.0
13,0,2,0,12,1,5,2,0.9519832985386223,0.44986449864498645,0.0
64,1,0,2,13,4,5,0,0.32150313152400845,0.29268292682926833,1.0
93,0,1,1,18,7,5,4,0.40918580375782887,1.0,0.0
49,0,2,0,16,2,4,0,0.9394572025052192,0.13550135501355012,0.0
48,0,2,0,21,4,5,3,0.9185803757828812,0.26558265582655827,0.0
5,1,2,2,21,4,5,0,0.9394572025052192,0.1084010840108401,0.0
77,0,2,2,16,7,5,1,0.6388308977035491,0.2872628726287263,0.0
101,0,2,1,17,4,5,5,0.5929018789144052,0.016260162601626015,0.0
2,0,2,0,21,4,5,4,0.8705636743215033,0.010840108401084009,0.0
5,0,2,0,6,4,5,4,0.9394572025052192,0.9376693766937669,1.0
0,0,2,0,5,7,5,1,0.7870563674321502,0.10298102981029811,0.0
13,0,2,2,21,6,5,0,0.9519832985386223,0.6233062330623306,1.0
102,0,0,0,15,4,5,0,0.2275574112734864,1.0,1.0
120,0,2,0,21,4,5,4,0.9498956158663885,0.17886178861788618,0.0
48,0,2,0,3,4,5,4,0.9185803757828812,1.0,0.0
61,0,0,0,13,4,5,5,0.4425887265135702,0.06504065040650406,1.0
99,0,2,0,16,4,5,4,0.8643006263048016,0.14634146341463414,0.0
5,1,0,1,13,4,5,0,0.9394572025052192,0.6775067750677507,1.0
64,1,2,2,19,6,5,0,0.32150313152400845,0.33062330623306235,0.0
64,0,0,2,13,4,5,0,0.32150313152400845,0.42276422764227645,0.0
30,0,2,0,3,4,5,1,0.8914405010438415,0.31436314363143636,0.0
5,0,2,0,21,4,5,0,0.9394572025052192,0.15176151761517614,0.0
5,0,0,2,1,2,4,0,0.9394572025052192,0.10298102981029811,1.0
103,1,0,0,15,4,5,5,0.9791231732776617,0.25474254742547425,0.0
13,0,2,2,21,0,5,4,0.9519832985386223,0.3739837398373984,0.0
115,1,1,4,11,4,1,0,0.5699373695198331,0.23306233062330622,1.0
64,0,0,1,15,4,5,0,0.32150313152400845,0.08130081300813008,1.0
64,0,1,0,19,4,5,0,0.32150313152400845,0.6124661246612466,0.0
64,0,2,0,17,1,5,0,0.32150313152400845,0.08672086720867209,1.0
48,0,2,2,21,4,5,1,0.9185803757828812,1.0,0.0
35,1,0,0,15,5,5,0,0.6116910229645096,0.23306233062330622,0.0
117,0,2,0,19,4,5,1,0.4613778705636744,0.16260162601626016,0.0
5,0,2,0,16,4,5,5,0.9394572025052192,0.25474254742547425,0.0
48,0,2,0,21,3,5,4,0.9185803757828812,0.05420054200542005,0.0
99,1,1,2,13,7,4,5,0.8643006263048016,0.11382113821138211,0.0
30,0,2,2,21,4,5,4,0.8914405010438415,0.4823848238482385,0.0
5,1,0,0,16,4,5,0,0.9394572025052192,0.6124661246612466,1.0
4,0,2,2,21,4,5,0,0.6972860125260962,0.1084010840108401,1.0
13,0,2,2,21,7,5,3,0.9519832985386223,0.22764227642276422,0.0
64,0,2,2,10,1,5,4,0.32150313152400845,0.25474254742547425,1.0
48,0,2,0,15,5,5,1,0.9185803757828812,0.05962059620596205,0.0
49,1,0,0,2,4,5,0,0.9394572025052192,0.24390243902439024,0.0
101,0,2,0,7,4,5,0,0.5929018789144052,0.15718157181571815,0.0
65,0,2,1,14,1,5,1,0.8956158663883091,0.5962059620596206,0.0
64,0,2,2,14,0,5,0,0.32150313152400845,0.2168021680216802,1.0
103,0,1,0,19,7,0,0,0.9791231732776617,0.6124661246612466,0.0
118,0,2,2,21,4,5,4,0.8246346555323592,0.037940379403794036,0.0
4,1,0,1,13,4,5,5,0.6972860125260962,0.16802168021680217,0.0
64,0,0,2,14,4,5,0,0.32150313152400845,0.23306233062330622,0.0
91,0,0,0,4,4,5,0,0.9248434237995826,0.2222222222222222,0.0
5,0,1,0,21,6,5,4,0.9394572025052192,0.24932249322493225,0.0
47,0,2,0,13,1,1,1,0.778705636743215,0.9159891598915989,0.0
95,0,2,2,1,1,5,0,0.8037578288100209,0.3739837398373984,0.0
99,0,2,2,13,7,5,0,0.8643006263048016,0.2981029810298103,0.0
5,1,0,1,2,4,5,5,0.9394572025052192,0.1951219512195122,1.0
10,0,2,0,1,4,5,1,0.48225469728601245,0.34688346883468835,1.0
64,0,0,0,16,4,5,4,0.32150313152400845,0.2168021680216802,0.0
117,0,0,0,13,1,4,1,0.4613778705636744,0.13550135501355012,0.0
93,1,2,0,11,0,5,1,0.40918580375782887,0.3631436314363144,0.0
50,0,2,0,21,5,4,5,0.6200417536534448,0.14634146341463414,1.0
49,1,1,0,6,4,5,1,0.9394572025052192,0.10298102981029811,0.0
82,0,2,0,1,1,5,4,0.8768267223382047,1.0,0.0
49,1,2,2,21,4,5,4,0.9394572025052192,0.6341463414634146,0.0
64,0,2,0,19,6,5,3,0.32150313152400845,0.3089430894308943,0.0
5,0,2,0,19,1,5,0,0.9394572025052192,0.08130081300813008,0.0
116,1,2,0,18,4,5,5,0.47599164926931103,1.0,0.0
83,0,2,2,21,4,5,4,0.6096033402922756,0.06504065040650406,0.0
112,0,2,0,21,4,5,0,0.9457202505219209,0.6720867208672087,1.0
99,0,2,2,14,5,4,1,0.8643006263048016,0.2168021680216802,0.0
62,0,2,1,21,1,1,0,0.6638830897703549,0.2981029810298103,0.0
64,0,2,0,17,4,5,4,0.32150313152400845,0.1897018970189702,1.0
5,0,2,1,15,1,2,0,0.9394572025052192,0.7533875338753387,0.0
48,1,2,2,21,4,5,2,0.9185803757828812,0.8401084010840109,0.0
4,0,2,0,21,0,5,0,0.6972860125260962,0.14634146341463414,0.0
5,0,2,0,21,4,1,0,0.9394572025052192,0.40650406504065045,0.0
48,0,2,0,13,7,1,0,0.9185803757828812,0.0921409214092141,0.0
49,0,2,0,16,4,5,4,0.9394572025052192,0.40650406504065045,1.0
102,1,2,0,16,1,5,1,0.2275574112734864,0.02168021680216802,0.0
94,0,2,2,3,4,5,0,0.6931106471816286,0.4715447154471545,0.0
21,1,0,2,0,4,5,0,0.5594989561586641,0.13550135501355012,1.0
48,0,2,2,2,3,5,2,0.9185803757828812,0.10298102981029811,0.0
13,0,2,1,10,4,5,4,0.9519832985386223,0.8780487804878049,0.0
5,0,2,0,21,4,5,0,0.9394572025052192,0.24390243902439024,0.0
64,1,0,1,15,4,5,5,0.32150313152400845,0.6124661246612466,0.0
31,0,2,2,17,4,5,1,0.7640918580375784,0.08672086720867209,0.0
49,0,2,0,21,4,5,4,0.9394572025052192,0.3089430894308943,0.0
31,0,2,2,21,4,5,4,0.7640918580375784,0.04878048780487805,0.0
5,0,1,0,10,4,1,0,0.9394572025052192,0.03252032520325203,1.0
21,0,2,0,18,5,5,0,0.5594989561586641,0.10298102981029811,0.0
64,0,0,2,15,4,5,5,0.32150313152400845,0.2710027100271003,1.0
5,1,2,3,21,2,2,3,0.9394572025052192,1.0,1.0
5,0,2,0,21,4,5,1,0.9394572025052192,0.24932249322493225,1.0
5,1,1,0,11,1,5,0,0.9394572025052192,1.0,0.0
5,1,2,3,1,4,4,0,0.9394572025052192,0.04878048780487805,1.0
49,1,2,0,21,4,5,0,0.9394572025052192,0.13550135501355012,1.0
5,0,2,0,21,4,5,4,0.9394572025052192,1.0,0.0
5,1,1,0,1,3,5,3,0.9394572025052192,0.04336043360433604,0.0
64,0,0,0,13,5,5,0,0.32150313152400845,0.7208672086720866,0.0
13,0,2,1,1,0,5,5,0.9519832985386223,0.016260162601626015,0.0
5,0,2,0,2,4,5,0,0.9394572025052192,0.33062330623306235,0.0
13,1,2,2,18,4,5,0,0.9519832985386223,0.10298102981029811,0.0
116,1,2,2,18,4,5,3,0.47599164926931103,0.016260162601626015,0.0
64,0,0,0,14,5,5,0,0.32150313152400845,0.24390243902439024,1.0
5,0,2,0,17,4,5,1,0.9394572025052192,0.07588075880758807,0.0
64,1,2,0,0,4,5,0,0.32150313152400845,0.04336043360433604,1.0
36,0,2,0,0,4,5,0,0.536534446764092,0.22764227642276422,1.0
49,0,2,2,21,4,5,4,0.9394572025052192,0.5149051490514904,0.0
109,1,2,0,11,4,5,5,0.7870563674321502,0.8726287262872628,0.0
5,0,2,0,6,1,5,0,0.9394572025052192,0.44986449864498645,0.0
64,0,2,0,0,3,5,0,0.32150313152400845,0.8997289972899729,1.0
48,0,2,0,7,7,5,0,0.9185803757828812,0.4823848238482385,0.0
122,0,2,0,7,7,5,2,0.9290187891440502,0.41192411924119243,0.0
71,0,1,0,17,4,5,1,0.47599164926931103,0.05962059620596205,0.0
64,0,2,2,7,3,5,3,0.32150313152400845,0.13008130081300812,1.0
116,0,2,0,21,1,4,2,0.47599164926931103,0.12466124661246611,0.0
64,0,2,0,17,1,5,0,0.32150313152400845,0.12466124661246611,1.0
13,1,0,2,18,2,4,4,0.9519832985386223,0.0975609756097561,0.0
95,0,0,0,15,4,5,0,0.8037578288100209,0.4823848238482385,0.0
99,0,2,2,13,4,5,1,0.8643006263048016,1.0,1.0
64,0,2,2,20,1,5,1,0.32150313152400845,0.11382113821138211,1.0
11,0,2,0,16,0,5,2,0.16701461377870586,0.2981029810298103,1.0
13,0,2,2,7,3,5,4,0.9519832985386223,0.13550135501355012,0.0
95,1,2,2,10,2,5,1,0.8037578288100209,0.07588075880758807,0.0
104,0,2,0,4,4,5,3,0.47599164926931103,0.04336043360433604,0.0
98,0,2,0,21,4,5,4,0.47599164926931103,0.17344173441734417,0.0
120,0,2,2,1,5,5,1,0.9498956158663885,0.22764227642276422,0.0
64,0,2,0,14,4,5,0,0.32150313152400845,0.4769647696476965,1.0
64,0,2,0,15,4,0,0,0.32150313152400845,0.16802168021680217,0.0
70,1,2,0,0,3,5,5,0.9791231732776617,0.05420054200542005,0.0
30,1,2,3,6,6,4,2,0.8914405010438415,0.5962059620596206,1.0
64,0,2,0,4,4,5,3,0.32150313152400845,0.7317073170731707,0.0
37,1,2,0,13,4,5,0,0.5636743215031317,0.24390243902439024,1.0
99,0,2,0,14,0,0,0,0.8643006263048016,0.20596205962059622,0.0
82,0,2,0,18,5,5,4,0.8768267223382047,0.1897018970189702,0.0
82,0,2,2,3,2,5,0,0.8768267223382047,0.24390243902439024,0.0
30,0,2,2,21,1,5,0,0.8914405010438415,0.24390243902439024,0.0
4,0,2,0,17,7,0,0,0.6972860125260962,0.1842818428184282,0.0
30,1,1,2,17,0,5,0,0.8914405010438415,0.08130081300813008,0.0
41,0,0,0,16,6,5,0,0.457202505219207,0.3089430894308943,0.0
13,1,0,1,16,4,5,5,0.9519832985386223,0.23848238482384823,0.0
13,0,2,2,21,4,5,0,0.9519832985386223,0.2981029810298103,0.0
5,0,2,0,11,6,5,0,0.9394572025052192,0.7967479674796748,0.0
64,1,2,2,0,4,5,0,0.32150313152400845,0.6775067750677507,0.0
61,0,2,0,4,4,5,4,0.4425887265135702,0.5636856368563685,0.0
13,0,2,0,21,4,5,4,0.9519832985386223,0.16260162601626016,0.0
13,1,2,3,21,4,5,0,0.9519832985386223,0.25474254742547425,0.0
119,0,2,0,17,7,5,0,0.47599164926931103,0.21138211382113822,0.0
120,0,2,0,16,4,3,0,0.9498956158663885,0.6016260162601625,0.0
64,0,1,0,14,4,5,3,0.32150313152400845,0.6124661246612466,1.0
51,0,0,2,19,7,5,4,0.9039665970772444,0.5365853658536585,0.0
13,0,2,0,4,1,5,0,0.9519832985386223,0.25474254742547425,0.0
64,0,2,2,15,1,5,1,0.32150313152400845,0.08672086720867209,1.0
64,0,2,2,7,3,5,4,0.32150313152400845,0.1084010840108401,1.0
101,0,2,0,14,2,5,1,0.5929018789144052,0.12466124661246611,0.0
5,0,2,0,10,5,4,0,0.9394572025052192,0.29268292682926833,0.0
85,0,2,2,21,7,5,4,0.8893528183716073,0.20596205962059622,0.0
84,1,2,0,15,4,5,0,0.04801670146137793,0.15176151761517614,0.0
48,0,2,2,5,2,5,0,0.9185803757828812,0.24932249322493225,0.0
13,0,2,1,15,7,1,1,0.9519832985386223,1.0,0.0
5,0,2,0,11,1,5,0,0.9394572025052192,0.3848238482384824,0.0
2,1,2,2,14,0,5,0,0.8705636743215033,0.41192411924119243,0.0
122,1,0,1,17,4,5,5,0.9290187891440502,0.7425474254742547,1.0
70,1,1,0,13,6,5,1,0.9791231732776617,0.3848238482384824,0.0
64,1,0,1,20,4,5,5,0.32150313152400845,0.5149051490514904,0.0
13,0,2,0,21,0,5,4,0.9519832985386223,0.1084010840108401,0.0
13,1,1,0,11,7,5,5,0.9519832985386223,0.991869918699187,0.0
13,0,2,0,19,2,5,5,0.9519832985386223,0.8184281842818428,0.0
5,0,2,2,1,4,5,4,0.9394572025052192,0.17344173441734417,0.0
49,0,2,0,21,1,5,4,0.9394572025052192,0.17886178861788618,0.0
4,0,2,0,7,4,2,0,0.6972860125260962,0.8943089430894309,0.0
64,0,2,2,1,4,5,0,0.32150313152400845,0.8834688346883468,0.0
112,0,2,2,13,3,5,0,0.9457202505219209,0.10298102981029811,0.0
48,1,0,0,11,1,5,0,0.9185803757828812,0.14634146341463414,0.0
48,0,2,0,5,1,5,0,0.9185803757828812,0.8401084010840109,0.0
11,0,2,0,15,1,5,0,0.16701461377870586,1.0,1.0
5,0,2,0,16,5,5,0,0.9394572025052192,0.3739837398373984,0.0
64,0,2,0,13,1,5,0,0.32150313152400845,0.40650406504065045,0.0
13,0,2,0,16,4,5,0,0.9519832985386223,0.5040650406504065,0.0
98,1,2,0,13,4,5,0,0.47599164926931103,0.6070460704607046,0.0
2,0,2,0,21,7,5,0,0.8705636743215033,0.08672086720867209,0.0
4,1,2,2,9,4,5,0,0.6972860125260962,0.8021680216802167,0.0
64,0,2,0,17,3,5,0,0.32150313152400845,0.08672086720867209,0.0
64,1,2,2,19,4,5,0,0.32150313152400845,0.05420054200542005,0.0
6,0,2,0,21,4,5,0,0.9478079331941547,0.08672086720867209,0.0
95,0,2,2,9,4,5,0,0.8037578288100209,0.4715447154471545,0.0
5,1,2,2,21,4,5,4,0.9394572025052192,0.2981029810298103,1.0
64,0,0,0,19,4,5,4,0.32150313152400845,0.14092140921409213,1.0
70,0,2,0,21,4,5,4,0.9791231732776617,0.6341463414634146,0.0
13,1,0,1,11,0,2,0,0.9519832985386223,0.2222222222222222,0.0
64,1,0,2,18,4,5,4,0.32150313152400845,0.10298102981029811,1.0
5,0,2,0,17,3,5,0,0.9394572025052192,0.2168021680216802,0.0
48,0,2,3,21,0,5,4,0.9185803757828812,0.30352303523035234,0.0
103,1,2,0,21,4,5,1,0.9791231732776617,0.07588075880758807,0.0
11,1,1,0,14,4,5,0,0.16701461377870586,0.016260162601626015,0.0
65,1,2,0,15,1,4,4,0.8956158663883091,0.17886178861788618,0.0
64,0,2,0,15,3,5,0,0.32150313152400845,0.1084010840108401,1.0
64,1,0,0,14,4,5,5,0.32150313152400845,0.13008130081300812,1.0
3,0,2,0,13,4,0,0,0.1837160751565763,0.30352303523035234,1.0
48,0,2,2,5,4,0,3,0.9185803757828812,0.0975609756097561,1.0
6,1,0,1,1,4,5,3,0.9478079331941547,0.15176151761517614,0.0
13,0,2,0,21,1,5,4,0.9519832985386223,0.2222222222222222,0.0
13,1,0,0,1,0,5,0,0.9519832985386223,0.4932249322493225,0.0
94,1,0,1,20,4,5,5,0.6931106471816286,0.05962059620596205,0.0
48,0,2,0,21,4,0,4,0.9185803757828812,0.13008130081300812,0.0
78,1,1,0,19,4,5,2,0.7453027139874742,0.037940379403794036,1.0
13,1,2,0,11,4,5,5,0.9519832985386223,0.08672086720867209,0.0
101,0,1,1,5,4,5,0,0.5929018789144052,0.11924119241192412,0.0
48,0,2,0,21,3,5,0,0.9185803757828812,0.41192411924119243,0.0
69,1,0,1,0,4,5,5,0.7891440501043843,0.2981029810298103,1.0
48,0,2,2,21,6,5,4,0.9185803757828812,0.6666666666666666,0.0
83,1,0,0,14,4,5,5,0.6096033402922756,0.6070460704607046,1.0
5,0,2,2,21,1,1,0,0.9394572025052192,0.12466124661246611,0.0
48,0,2,2,21,1,5,4,0.9185803757828812,0.33062330623306235,0.0
101,0,2,2,21,4,5,4,0.5929018789144052,0.2168021680216802,0.0
99,0,2,0,21,4,5,4,0.8643006263048016,0.5799457994579945,0.0
5,1,1,0,13,4,5,5,0.9394572025052192,0.23848238482384823,0.0
48,1,2,0,14,0,5,0,0.9185803757828812,0.6775067750677507,1.0
57,0,2,0,17,4,5,0,0.6137787056367434,0.25474254742547425,0.0
95,1,0,0,6,1,5,1,0.8037578288100209,0.1897018970189702,1.0
116,1,1,1,11,7,0,0,0.47599164926931103,0.3685636856368564,0.0
49,1,2,0,19,4,5,0,0.9394572025052192,0.2710027100271003,1.0
64,0,2,0,16,6,5,5,0.32150313152400845,0.2764227642276423,0.0
64,0,2,0,20,5,5,0,0.32150313152400845,0.42276422764227645,1.0
81,1,1,2,15,4,5,5,0.5323590814196242,0.20596205962059622,1.0
4,1,2,0,14,4,5,0,0.6972860125260962,0.22764227642276422,0.0
122,0,2,0,11,6,5,0,0.9290187891440502,0.15718157181571815,0.0
5,1,2,1,11,4,5,5,0.9394572025052192,0.48780487804878053,0.0
116,0,0,2,21,4,5,0,0.47599164926931103,0.23306233062330622,1.0
5,0,2,0,6,3,5,4,0.9394572025052192,0.26558265582655827,0.0
5,0,1,0,6,4,5,0,0.9394572025052192,0.07588075880758807,0.0
13,1,1,2,0,1,1,0,0.9519832985386223,0.5149051490514904,0.0
64,0,2,0,15,2,5,2,0.32150313152400845,0.31978319783197834,0.0
5,0,2,0,17,1,1,0,0.9394572025052192,0.08130081300813008,0.0
5,0,2,0,21,4,5,3,0.9394572025052192,0.7859078590785907,1.0
66,0,2,0,4,4,5,0,0.47599164926931103,0.0921409214092141,1.0
2,1,0,0,18,4,5,5,0.8705636743215033,0.5691056910569106,0.0
99,0,0,0,21,0,5,4,0.8643006263048016,1.0,0.0
63,1,0,1,13,0,5,0,0.6805845511482254,0.05962059620596205,1.0
64,0,2,2,18,3,4,0,0.32150313152400845,0.8401084010840109,0.0
99,1,0,0,15,4,5,0,0.8643006263048016,0.3739837398373984,1.0
13,0,0,0,19,0,5,4,0.9519832985386223,0.02168021680216802,0.0
13,1,2,0,19,4,5,5,0.9519832985386223,0.7100271002710027,0.0
94,0,0,0,18,6,5,1,0.6931106471816286,1.0,0.0
48,1,2,3,21,4,5,4,0.9185803757828812,0.42276422764227645,0.0
64,1,0,0,15,4,5,5,0.32150313152400845,0.04336043360433604,1.0
91,0,1,0,17,3,5,0,0.9248434237995826,0.7804878048780487,1.0
94,0,2,2,21,2,5,0,0.6931106471816286,1.0,0.0
64,0,2,2,13,0,5,0,0.32150313152400845,0.1897018970189702,0.0
91,0,2,0,21,3,5,4,0.9248434237995826,0.06504065040650406,0.0
122,1,0,0,13,4,5,0,0.9290187891440502,0.08130081300813008,1.0
120,0,2,0,21,2,5,4,0.9498956158663885,0.4552845528455285,0.0
86,1,2,0,14,7,0,5,0.5636743215031317,1.0,1.0
48,0,2,3,21,1,5,1,0.9185803757828812,0.14092140921409213,0.0
5,0,2,2,2,1,5,0,0.9394572025052192,0.027100271002710022,0.0
2,0,2,0,21,1,5,1,0.8705636743215033,0.010840108401084009,0.0
64,0,0,2,4,4,5,1,0.32150313152400845,0.8943089430894309,0.0
51,0,2,0,21,7,5,4,0.9039665970772444,0.0921409214092141,0.0
6,0,2,3,1,3,5,0,0.9478079331941547,0.39566395663956644,0.0
49,0,2,0,15,3,5,0,0.9394572025052192,0.5474254742547425,0.0
64,0,2,0,16,3,5,0,0.32150313152400845,0.5582655826558265,1.0
50,1,0,1,13,4,5,5,0.6200417536534448,0.2601626016260163,0.0
15,0,2,2,16,4,5,4,0.5699373695198331,0.16260162601626016,0.0
91,0,2,0,1,4,5,4,0.9248434237995826,0.8780487804878049,0.0
5,0,2,0,11,1,5,0,0.9394572025052192,0.9051490514905148,0.0
5,0,2,0,21,0,5,0,0.9394572025052192,0.6124661246612466,0.0
64,0,2,0,19,0,5,4,0.32150313152400845,0.12466124661246611,1.0
5,0,2,0,21,2,2,4,0.9394572025052192,0.05420054200542005,0.0
13,0,2,2,1,0,5,4,0.9519832985386223,0.1084010840108401,0.0
13,1,0,0,17,5,4,5,0.9519832985386223,0.13008130081300812,0.0
49,0,2,0,1,3,4,4,0.9394572025052192,0.15176151761517614,0.0
64,1,2,0,20,4,5,5,0.32150313152400845,0.8292682926829268,1.0
103,0,2,0,21,4,5,2,0.9791231732776617,0.016260162601626015,0.0
64,1,2,0,11,1,5,0,0.32150313152400845,0.2872628726287263,0.0
64,1,0,1,20,4,5,5,0.32150313152400845,0.3252032520325204,1.0
2,0,2,2,21,4,5,4,0.8705636743215033,0.2872628726287263,0.0
64,0,2,0,14,0,5,0,0.32150313152400845,0.11924119241192412,1.0
5,1,0,1,15,4,2,0,0.9394572025052192,0.010840108401084009,0.0
88,1,0,0,20,4,5,0,0.5615866388308981,0.41734417344173447,0.0
13,0,2,0,13,0,5,0,0.9519832985386223,0.10298102981029811,0.0
48,1,2,0,16,4,5,0,0.9185803757828812,0.16802168021680217,0.0
13,0,2,1,21,7,5,0,0.9519832985386223,0.34146341463414637,0.0
50,1,0,1,14,4,5,5,0.6200417536534448,0.16802168021680217,0.0
95,0,2,1,8,4,5,0,0.8037578288100209,0.2981029810298103,0.0
64,0,2,0,17,3,5,0,0.32150313152400845,0.4823848238482385,1.0
48,1,0,0,20,4,5,0,0.9185803757828812,0.23306233062330622,0.0
48,1,1,0,10,7,5,4,0.9185803757828812,0.04336043360433604,0.0
13,1,2,0,4,4,5,2,0.9519832985386223,0.05420054200542005,0.0
5,0,2,2,9,6,3,4,0.9394572025052192,0.2764227642276423,0.0
5,1,2,1,15,4,5,0,0.9394572025052192,0.7533875338753387,1.0
5,0,2,0,15,4,5,0,0.9394572025052192,0.29268292682926833,1.0
13,1,0,0,0,0,1,0,0.9519832985386223,0.7479674796747967,1.0
30,1,0,1,14,4,5,1,0.8914405010438415,0.07046070460704607,0.0
64,1,1,1,0,4,5,5,0.32150313152400845,0.5149051490514904,0.0
103,0,2,2,21,4,5,0,0.9791231732776617,0.13008130081300812,1.0
64,1,2,2,11,4,5,0,0.32150313152400845,0.7750677506775068,1.0
83,1,2,0,13,4,5,0,0.6096033402922756,0.16260162601626016,1.0
13,1,2,0,16,5,5,4,0.9519832985386223,0.027100271002710022,0.0
49,0,2,0,19,3,5,0,0.9394572025052192,0.4715447154471545,0.0
99,0,2,0,3,4,5,0,0.8643006263048016,0.05420054200542005,0.0
13,0,2,2,6,1,5,1,0.9519832985386223,0.34688346883468835,0.0
6,0,0,0,16,4,5,0,0.9478079331941547,0.46070460704607047,0.0
101,1,0,1,11,4,5,5,0.5929018789144052,0.2601626016260163,0.0
5,0,2,2,9,2,5,0,0.9394572025052192,0.5962059620596206,0.0
91,1,2,0,21,2,5,4,0.9248434237995826,0.11924119241192412,0.0
15,1,2,0,3,1,5,1,0.5699373695198331,0.016260162601626015,0.0
48,0,2,2,4,1,5,4,0.9185803757828812,0.13550135501355012,0.0
64,0,2,0,15,0,1,5,0.32150313152400845,0.2981029810298103,1.0
91,0,2,0,14,7,5,1,0.9248434237995826,0.05962059620596205,0.0
99,0,2,0,21,4,5,4,0.8643006263048016,1.0,0.0
5,0,2,0,21,4,5,1,0.9394572025052192,0.5636856368563685,0.0
5,1,1,0,11,4,5,1,0.9394572025052192,0.21138211382113822,0.0
91,0,2,0,10,6,4,4,0.9248434237995826,0.04336043360433604,0.0
13,0,2,1,15,2,5,5,0.9519832985386223,0.2981029810298103,0.0
5,0,2,2,21,2,4,0,0.9394572025052192,0.11382113821138211,0.0
13,0,2,2,21,3,5,4,0.9519832985386223,1.0,0.0
66,1,0,0,15,4,5,5,0.47599164926931103,0.08672086720867209,1.0
13,0,2,2,14,4,5,0,0.9519832985386223,0.4552845528455285,1.0
5,0,2,0,4,4,5,0,0.9394572025052192,0.2222222222222222,0.0
112,1,1,0,5,4,5,0,0.9457202505219209,0.3848238482384824,0.0
48,0,2,0,16,2,5,0,0.9185803757828812,0.16260162601626016,0.0
99,0,2,0,4,3,5,0,0.8643006263048016,0.08130081300813008,0.0
64,1,2,2,16,4,5,4,0.32150313152400845,0.34146341463414637,0.0
13,1,2,0,21,5,5,4,0.9519832985386223,0.3360433604336044,0.0
64,0,2,0,16,4,5,4,0.32150313152400845,0.11382113821138211,1.0
49,1,0,1,15,3,5,0,0.9394572025052192,0.07046070460704607,0.0
5,0,2,0,13,1,1,1,0.9394572025052192,0.6720867208672087,0.0
48,0,2,0,21,5,5,0,0.9185803757828812,0.5040650406504065,0.0
48,1,2,0,5,1,5,0,0.9185803757828812,1.0,0.0
10,0,2,0,21,4,5,0,0.48225469728601245,0.0921409214092141,0.0
21,0,2,2,3,0,0,0,0.5594989561586641,0.26558265582655827,0.0
116,0,2,0,21,4,5,4,0.47599164926931103,0.6341463414634146,1.0
70,0,2,0,21,3,5,4,0.9791231732776617,0.48780487804878053,0.0
102,0,2,0,14,0,5,0,0.2275574112734864,1.0,0.0
64,1,2,4,11,4,5,5,0.32150313152400845,0.016260162601626015,0.0
64,0,0,0,15,0,5,0,0.32150313152400845,0.48780487804878053,1.0
13,1,2,2,10,1,5,3,0.9519832985386223,0.20596205962059622,0.0
39,0,2,0,14,4,5,0,0.1774530271398751,0.26558265582655827,0.0
64,1,2,0,20,4,5,5,0.32150313152400845,0.6883468834688347,1.0
15,1,2,0,11,4,5,0,0.5699373695198331,0.22764227642276422,1.0
26,0,2,1,21,4,5,3,0.7453027139874742,0.23306233062330622,0.0
64,1,2,0,14,4,5,3,0.32150313152400845,0.15176151761517614,1.0
49,0,0,0,14,2,5,0,0.9394572025052192,0.027100271002710022,0.0
2,0,2,1,13,4,5,0,0.8705636743215033,0.48780487804878053,0.0
48,0,1,1,14,7,5,0,0.9185803757828812,0.08130081300813008,0.0
64,1,0,0,1,4,5,5,0.32150313152400845,0.12466124661246611,1.0
30,0,2,2,4,3,5,5,0.8914405010438415,0.3902439024390244,0.0
7,0,2,0,2,4,5,1,0.676409185803758,0.2168021680216802,1.0
49,1,0,0,11,4,5,0,0.9394572025052192,0.20596205962059622,1.0
64,0,2,0,15,3,5,1,0.32150313152400845,0.15176151761517614,1.0
66,0,2,0,21,7,5,4,0.47599164926931103,0.05420054200542005,0.0
5,0,2,0,12,4,5,3,0.9394572025052192,0.23306233062330622,1.0
91,0,2,3,21,4,1,3,0.9248434237995826,0.3848238482384824,0.0
113,0,2,0,18,7,5,0,0.47599164926931103,0.3902439024390244,0.0
104,0,2,0,1,4,5,5,0.47599164926931103,0.23848238482384823,0.0
64,0,2,2,19,1,5,4,0.32150313152400845,0.1897018970189702,1.0
49,0,2,0,17,5,3,0,0.9394572025052192,0.26558265582655827,0.0
48,0,2,0,18,4,5,4,0.9185803757828812,0.3523035230352304,0.0
5,1,2,1,13,4,5,5,0.9394572025052192,0.4823848238482385,0.0
5,0,2,2,4,1,5,4,0.9394572025052192,0.20596205962059622,0.0
5,0,2,0,21,3,5,0,0.9394572025052192,0.41192411924119243,0.0
98,1,0,0,11,4,5,5,0.47599164926931103,0.14634146341463414,1.0
5,0,2,0,21,3,5,4,0.9394572025052192,0.2818428184281843,0.0
49,1,2,0,6,4,5,0,0.9394572025052192,0.3848238482384824,1.0
2,0,2,0,4,4,5,0,0.8705636743215033,0.10298102981029811,0.0
64,0,2,0,11,0,4,0,0.32150313152400845,0.1897018970189702,1.0
36,1,1,0,16,4,5,0,0.536534446764092,0.5907859078590786,1.0
64,0,2,0,2,4,5,4,0.32150313152400845,0.22764227642276422,0.0
64,0,0,0,1,4,5,0,0.32150313152400845,0.21138211382113822,1.0
103,0,2,0,21,4,5,0,0.9791231732776617,0.2981029810298103,1.0
5,0,2,2,21,3,5,0,0.9394572025052192,0.11382113821138211,0.0
64,0,2,2,0,1,5,0,0.32150313152400845,0.7154471544715447,1.0
114,0,2,2,19,4,5,2,0.9498956158663885,0.08130081300813008,0.0
5,1,2,0,6,0,5,4,0.9394572025052192,0.0921409214092141,1.0
6,1,0,1,15,4,5,0,0.9478079331941547,0.3848238482384824,0.0
30,1,1,0,13,7,0,0,0.8914405010438415,0.03252032520325203,0.0
5,0,2,0,15,3,5,0,0.9394572025052192,0.3848238482384824,0.0
49,0,2,0,21,5,5,4,0.9394572025052192,0.016260162601626015,0.0
13,0,0,0,18,4,5,1,0.9519832985386223,0.3848238482384824,0.0
94,0,2,0,1,1,5,5,0.6931106471816286,0.2222222222222222,0.0
5,0,2,0,6,1,1,0,0.9394572025052192,0.6666666666666666,0.0
2,0,2,2,3,7,5,4,0.8705636743215033,0.3252032520325204,0.0
4,0,2,2,21,4,5,0,0.6972860125260962,0.17886178861788618,0.0
64,0,2,2,19,1,5,0,0.32150313152400845,0.12466124661246611,1.0
5,0,2,0,15,1,1,2,0.9394572025052192,0.7425474254742547,0.0
13,1,1,1,16,4,5,1,0.9519832985386223,0.5799457994579945,0.0
48,0,0,1,0,0,5,0,0.9185803757828812,0.46070460704607047,0.0
5,0,2,0,21,6,5,4,0.9394572025052192,0.8888888888888888,0.0
64,1,2,0,11,3,5,0,0.32150313152400845,0.027100271002710022,1.0
49,0,0,1,21,7,0,0,0.9394572025052192,1.0,0.0
82,0,1,1,1,4,5,0,0.8768267223382047,0.46070460704607047,1.0
90,0,2,0,13,4,5,2,0.6367432150313155,0.05962059620596205,0.0
64,0,0,0,13,4,5,0,0.32150313152400845,0.17344173441734417,0.0
77,0,2,2,1,7,5,1,0.6388308977035491,0.1842818428184282,0.0
85,0,2,0,13,4,5,0,0.8893528183716073,0.4932249322493225,0.0
49,0,2,0,21,4,5,4,0.9394572025052192,1.0,0.0
78,1,0,1,18,4,5,1,0.7453027139874742,1.0,0.0
64,1,2,0,0,0,5,0,0.32150313152400845,0.15176151761517614,0.0
48,0,2,0,21,0,5,0,0.9185803757828812,0.15718157181571815,0.0
65,0,2,0,21,4,1,0,0.8956158663883091,0.14092140921409213,0.0
5,0,2,0,7,0,5,4,0.9394572025052192,0.037940379403794036,0.0
5,0,2,0,14,7,0,0,0.9394572025052192,0.8021680216802167,0.0
48,0,2,0,3,0,5,2,0.9185803757828812,0.04878048780487805,0.0
45,0,1,2,2,4,5,0,0.6242171189979124,0.08672086720867209,0.0
5,1,2,0,15,4,5,5,0.9394572025052192,0.959349593495935,1.0
95,0,2,0,17,4,5,2,0.8037578288100209,0.2764227642276423,1.0
35,0,2,2,18,7,5,0,0.6116910229645096,0.2981029810298103,0.0
48,0,2,2,13,1,5,1,0.9185803757828812,0.24390243902439024,0.0
13,0,2,0,16,4,5,2,0.9519832985386223,0.005420054200542005,0.0
64,0,2,0,17,4,1,0,0.32150313152400845,0.6991869918699186,0.0
30,1,1,2,16,4,1,0,0.8914405010438415,0.3523035230352304,0.0
64,0,2,2,19,1,5,0,0.32150313152400845,0.8075880758807588,0.0
70,0,2,3,21,5,5,4,0.9791231732776617,0.04336043360433604,0.0
5,0,2,2,6,7,5,0,0.9394572025052192,0.4010840108401084,0.0
5,0,0,0,11,1,5,1,0.9394572025052192,0.2872628726287263,0.0
6,0,2,0,21,2,5,0,0.9478079331941547,0.30352303523035234,0.0
5,0,2,3,21,4,5,0,0.9394572025052192,0.3848238482384824,0.0
13,0,2,0,21,7,5,4,0.9519832985386223,0.11382113821138211,0.0
48,0,2,0,19,0,1,0,0.9185803757828812,0.08672086720867209,0.0
94,0,2,0,10,7,5,2,0.6931106471816286,0.07588075880758807,0.0
11,0,2,0,16,0,5,0,0.16701461377870586,0.23848238482384823,1.0
5,0,2,0,7,4,5,4,0.9394572025052192,0.010840108401084009,0.0
95,0,2,0,2,4,5,0,0.8037578288100209,1.0,0.0
6,0,2,0,21,3,5,0,0.9478079331941547,0.34688346883468835,0.0
30,1,2,2,6,4,5,3,0.8914405010438415,0.07588075880758807,0.0
91,0,2,0,19,5,5,0,0.9248434237995826,0.3794037940379404,0.0
64,1,0,2,14,4,5,5,0.32150313152400845,0.24390243902439024,1.0
95,1,1,0,5,1,5,4,0.8037578288100209,0.08672086720867209,0.0
13,0,2,2,6,1,5,4,0.9519832985386223,0.26558265582655827,0.0
94,0,2,0,16,4,5,0,0.6931106471816286,0.5474254742547425,0.0
93,0,2,0,16,4,5,0,0.40918580375782887,0.5907859078590786,0.0
5,0,2,0,6,4,5,2,0.9394572025052192,0.07046070460704607,0.0
30,0,2,0,14,1,5,0,0.8914405010438415,0.7100271002710027,0.0
48,0,2,0,3,1,5,0,0.9185803757828812,1.0,0.0
91,0,2,0,21,4,5,4,0.9248434237995826,0.05962059620596205,0.0
64,0,2,2,16,3,5,1,0.32150313152400845,0.7479674796747967,0.0
5,0,2,0,6,1,5,4,0.9394572025052192,0.33062330623306235,0.0
30,1,0,0,13,4,5,5,0.8914405010438415,0.22764227642276422,0.0
5,0,2,0,21,4,5,4,0.9394572025052192,0.027100271002710022,0.0
64,0,2,0,19,4,5,2,0.32150313152400845,0.03252032520325203,0.0
64,0,2,0,16,4,5,0,0.32150313152400845,0.5311653116531165,1.0
5,0,2,2,14,4,5,0,0.9394572025052192,0.5311653116531165,0.0
74,0,2,0,5,1,5,0,0.8830897703549061,0.06504065040650406,0.0
91,0,2,2,15,1,5,0,0.9248434237995826,0.21138211382113822,0.0
11,0,2,0,18,0,5,0,0.16701461377870586,0.13550135501355012,1.0
64,0,2,0,16,4,1,3,0.32150313152400845,0.08672086720867209,1.0
64,0,2,2,17,4,0,0,0.32150313152400845,0.1084010840108401,1.0
5,0,2,0,14,1,5,3,0.9394572025052192,0.04336043360433604,0.0
13,0,2,2,2,4,5,0,0.9519832985386223,0.48780487804878053,0.0
49,0,2,0,21,7,5,5,0.9394572025052192,0.35772357723577236,0.0
64,1,2,0,20,4,5,0,0.32150313152400845,0.8997289972899729,0.0
51,0,2,0,21,0,5,0,0.9039665970772444,0.1842818428184282,0.0
47,1,2,0,5,0,4,3,0.778705636743215,0.6558265582655827,0.0
91,0,2,0,5,1,5,0,0.9248434237995826,0.027100271002710022,0.0
2,0,2,0,21,4,5,1,0.8705636743215033,0.6504065040650406,1.0
49,0,2,0,18,4,5,0,0.9394572025052192,1.0,1.0
99,0,2,0,14,5,5,1,0.8643006263048016,0.4932249322493225,0.0
5,0,2,2,17,6,4,3,0.9394572025052192,0.037940379403794036,0.0
64,1,0,1,11,4,5,5,0.32150313152400845,0.41734417344173447,1.0
11,0,2,0,19,1,5,1,0.16701461377870586,0.016260162601626015,1.0
64,0,2,2,6,7,5,4,0.32150313152400845,0.40650406504065045,0.0
5,0,1,2,21,4,5,0,0.9394572025052192,0.20596205962059622,1.0
74,0,2,2,1,4,5,1,0.8830897703549061,0.08130081300813008,0.0
48,0,2,0,21,4,5,0,0.9185803757828812,0.16260162601626016,0.0
64,1,1,2,18,2,5,0,0.32150313152400845,0.14634146341463414,0.0
5,0,2,0,21,1,5,4,0.9394572025052192,0.12466124661246611,0.0
5,1,2,3,21,6,2,4,0.9394572025052192,0.03252032520325203,0.0
13,1,0,1,13,2,5,0,0.9519832985386223,0.8943089430894309,0.0
74,0,2,0,17,5,5,0,0.8830897703549061,0.0975609756097561,0.0
48,0,2,2,21,3,5,1,0.9185803757828812,0.25474254742547425,0.0
36,0,2,0,16,1,5,0,0.536534446764092,0.1951219512195122,0.0
49,0,2,0,21,5,5,4,0.9394572025052192,0.04336043360433604,0.0
5,0,2,0,2,1,5,2,0.9394572025052192,0.44986449864498645,0.0
11,0,2,0,1,4,5,0,0.16701461377870586,1.0,0.0
41,0,2,0,15,5,1,1,0.457202505219207,0.6558265582655827,0.0
5,0,2,0,13,4,5,0,0.9394572025052192,0.016260162601626015,0.0
121,0,2,2,21,2,5,0,1.0,0.33062330623306235,0.0
102,0,2,0,13,4,5,0,0.2275574112734864,0.33062330623306235,1.0
48,0,2,0,21,2,5,4,0.9185803757828812,0.23848238482384823,0.0
15,0,0,1,11,1,5,0,0.5699373695198331,0.5799457994579945,0.0
2,1,0,1,0,4,5,0,0.8705636743215033,0.16260162601626016,0.0
64,0,0,0,17,4,5,1,0.32150313152400845,0.08672086720867209,1.0
101,0,2,0,21,4,5,1,0.5929018789144052,0.17344173441734417,0.0
11,1,2,0,13,0,5,0,0.16701461377870586,0.3523035230352304,1.0
93,0,0,2,1,4,5,0,0.40918580375782887,0.2005420054200542,0.0
103,0,2,2,17,4,5,0,0.9791231732776617,0.08130081300813008,1.0
76,0,2,2,21,6,4,0,0.8935281837160753,0.010840108401084009,0.0
66,0,0,1,13,4,4,1,0.47599164926931103,0.2818428184281843,0.0
13,0,2,2,21,1,5,4,0.9519832985386223,0.3685636856368564,0.0
91,0,2,2,9,0,1,1,0.9248434237995826,0.05420054200542005,0.0
98,0,2,0,19,4,5,4,0.47599164926931103,0.1951219512195122,0.0
41,0,0,2,1,6,5,0,0.457202505219207,0.04336043360433604,0.0
84,0,0,3,21,4,5,0,0.04801670146137793,0.0921409214092141,0.0
48,0,2,2,4,1,5,1,0.9185803757828812,1.0,0.0
5,0,0,0,16,6,5,0,0.9394572025052192,0.15718157181571815,0.0
82,1,0,0,11,4,5,0,0.8768267223382047,0.15176151761517614,1.0
112,0,2,0,21,7,5,4,0.9457202505219209,0.4444444444444445,0.0
47,0,2,0,7,4,5,0,0.778705636743215,1.0,0.0
91,1,0,0,0,4,5,0,0.9248434237995826,0.6016260162601625,0.0
5,0,2,2,21,4,5,4,0.9394572025052192,1.0,1.0
83,0,2,0,19,3,5,1,0.6096033402922756,0.35772357723577236,0.0
5,0,2,0,1,4,0,1,0.9394572025052192,0.35772357723577236,0.0
88,1,2,1,13,4,5,5,0.5615866388308981,0.15176151761517614,0.0
64,0,1,2,16,4,5,3,0.32150313152400845,0.15718157181571815,0.0
48,1,2,0,21,3,5,2,0.9185803757828812,0.46070460704607047,0.0
2,1,1,1,13,0,5,0,0.8705636743215033,0.05962059620596205,0.0
33,1,0,2,11,4,5,1,0.47599164926931103,0.04336043360433604,0.0
101,0,1,0,21,3,5,2,0.5929018789144052,1.0,0.0
5,1,2,0,15,4,5,1,0.9394572025052192,0.15176151761517614,0.0
5,0,0,0,17,4,2,3,0.9394572025052192,0.8455284552845528,1.0
5,0,2,2,18,4,5,0,0.9394572025052192,0.08672086720867209,0.0
103,0,2,0,21,4,5,4,0.9791231732776617,0.34146341463414637,0.0
69,1,2,0,6,4,5,4,0.7891440501043843,0.5474254742547425,0.0
91,0,2,3,21,1,5,0,0.9248434237995826,0.39566395663956644,0.0
103,0,2,3,21,0,5,4,0.9791231732776617,0.6558265582655827,0.0
48,1,0,0,16,4,5,0,0.9185803757828812,0.24390243902439024,0.0
13,0,2,1,17,3,5,2,0.9519832985386223,0.13008130081300812,0.0
64,1,0,0,15,4,5,5,0.32150313152400845,0.07588075880758807,0.0
31,1,0,0,11,4,5,5,0.7640918580375784,0.31436314363143636,0.0
95,0,2,2,13,4,5,0,0.8037578288100209,0.7100271002710027,0.0
5,0,1,0,21,7,2,4,0.9394572025052192,0.4715447154471545,0.0
13,1,2,1,0,4,5,5,0.9519832985386223,0.3089430894308943,0.0
6,1,0,0,14,4,5,0,0.9478079331941547,0.5149051490514904,1.0
5,0,2,2,15,6,4,0,0.9394572025052192,0.15718157181571815,0.0
8,0,2,2,18,4,5,0,0.47599164926931103,0.11924119241192412,1.0
49,1,0,1,16,4,5,0,0.9394572025052192,0.10298102981029811,1.0
86,0,0,0,2,0,5,5,0.5636743215031317,0.3902439024390244,0.0
30,0,2,2,16,4,5,0,0.8914405010438415,0.43360433604336046,0.0
95,1,2,4,0,4,5,5,0.8037578288100209,0.08672086720867209,1.0
101,0,2,0,19,4,0,0,0.5929018789144052,0.5474254742547425,0.0
5,0,2,0,11,4,5,0,0.9394572025052192,0.42276422764227645,0.0
99,0,2,2,2,5,1,0,0.8643006263048016,0.11382113821138211,0.0
48,1,0,0,15,4,5,0,0.9185803757828812,0.8130081300813008,0.0
5,0,2,3,20,2,5,0,0.9394572025052192,0.23848238482384823,0.0
5,0,2,0,12,1,5,4,0.9394572025052192,0.8075880758807588,0.0
66,1,0,1,19,4,5,1,0.47599164926931103,0.11924119241192412,1.0
94,1,2,1,13,7,5,5,0.6931106471816286,0.5799457994579945,0.0
65,0,2,0,6,3,5,0,0.8956158663883091,1.0,0.0
38,0,2,0,16,4,1,0,0.7724425887265136,0.5040650406504065,1.0
64,1,0,0,20,4,5,5,0.32150313152400845,0.4281842818428185,0.0
4,0,2,2,14,4,5,3,0.6972860125260962,0.7967479674796748,0.0
48,0,2,0,14,4,5,0,0.9185803757828812,0.31436314363143636,0.0
5,0,2,2,5,1,5,2,0.9394572025052192,0.43360433604336046,0.0
5,1,2,0,6,4,5,4,0.9394572025052192,0.5528455284552846,1.0
5,0,2,2,21,2,5,4,0.9394572025052192,0.6775067750677507,0.0
31,0,2,0,21,4,5,4,0.7640918580375784,0.4444444444444445,0.0
89,0,2,0,12,1,5,4,0.826722338204593,0.5853658536585366,0.0
48,0,2,2,14,1,1,5,0.9185803757828812,0.2005420054200542,0.0
5,0,2,2,7,7,5,0,0.9394572025052192,0.2222222222222222,0.0
5,0,2,2,21,3,5,4,0.9394572025052192,0.24390243902439024,0.0
48,1,2,4,15,4,5,5,0.9185803757828812,0.05420054200542005,0.0
64,0,0,0,19,4,5,0,0.32150313152400845,0.14092140921409213,0.0
117,1,0,0,11,4,5,0,0.4613778705636744,1.0,0.0
5,0,2,2,21,3,5,3,0.9394572025052192,0.016260162601626015,0.0
48,1,1,2,21,3,5,4,0.9185803757828812,0.13550135501355012,0.0
103,0,2,2,9,1,5,0,0.9791231732776617,0.10298102981029811,0.0
5,0,2,0,17,4,5,4,0.9394572025052192,0.46070460704607047,0.0
5,0,2,0,21,5,5,3,0.9394572025052192,0.31978319783197834,0.0
41,0,0,0,16,4,5,3,0.457202505219207,0.2872628726287263,0.0
112,0,2,3,17,1,5,3,0.9457202505219209,0.13550135501355012,0.0
30,0,2,0,19,4,5,0,0.8914405010438415,0.42276422764227645,0.0
13,0,2,2,7,1,5,4,0.9519832985386223,0.2222222222222222,0.0
5,1,2,2,2,1,5,4,0.9394572025052192,0.3739837398373984,0.0
116,1,2,4,20,4,5,0,0.47599164926931103,1.0,0.0
85,0,2,2,9,6,2,2,0.8893528183716073,0.34688346883468835,0.0
49,0,2,0,21,4,5,4,0.9394572025052192,0.13008130081300812,1.0
4,1,2,2,11,4,5,0,0.6972860125260962,0.31978319783197834,0.0
64,0,2,0,0,7,5,0,0.32150313152400845,0.12466124661246611,1.0
5,1,2,0,0,1,5,0,0.9394572025052192,0.02168021680216802,0.0
5,0,2,0,9,4,5,4,0.9394572025052192,0.2168021680216802,0.0
5,0,2,3,5,4,1,0,0.9394572025052192,0.016260162601626015,0.0
13,0,2,0,14,4,5,0,0.9519832985386223,0.037940379403794036,0.0
5,0,2,2,21,3,4,4,0.9394572025052192,0.10298102981029811,0.0
13,0,2,2,7,5,4,4,0.9519832985386223,0.3089430894308943,0.0
5,1,0,0,14,6,5,1,0.9394572025052192,0.15718157181571815,0.0
5,0,2,0,4,0,1,3,0.9394572025052192,0.1084010840108401,0.0
48,0,2,0,1,3,5,0,0.9185803757828812,0.10298102981029811,0.0
5,0,2,0,3,4,5,4,0.9394572025052192,0.016260162601626015,0.0
82,0,2,0,8,1,5,0,0.8768267223382047,0.5149051490514904,0.0
82,1,1,0,13,7,5,0,0.8768267223382047,0.12466124661246611,0.0
103,0,2,0,5,6,5,0,0.9791231732776617,0.13008130081300812,0.0
64,1,0,0,1,4,5,5,0.32150313152400845,0.13008130081300812,1.0
49,0,2,0,4,5,5,2,0.9394572025052192,0.11924119241192412,0.0
13,1,2,0,21,4,5,4,0.9519832985386223,0.02168021680216802,0.0
48,0,2,0,13,7,5,0,0.9185803757828812,0.4823848238482385,0.0
64,0,2,0,15,1,5,1,0.32150313152400845,0.13550135501355012,0.0
89,1,2,0,21,4,5,4,0.826722338204593,0.8401084010840109,0.0
48,1,2,2,13,2,4,0,0.9185803757828812,0.7967479674796748,0.0
11,0,2,0,19,0,1,0,0.16701461377870586,0.11924119241192412,0.0
5,1,2,2,10,2,5,0,0.9394572025052192,0.4823848238482385,0.0
101,1,0,1,15,4,5,1,0.5929018789144052,0.11924119241192412,0.0
5,0,2,0,16,4,5,2,0.9394572025052192,0.31978319783197834,1.0
30,1,2,2,17,5,5,0,0.8914405010438415,0.14092140921409213,0.0
95,0,2,0,21,1,5,3,0.8037578288100209,0.05420054200542005,0.0
43,0,2,0,1,4,5,5,0.47599164926931103,0.21138211382113822,0.0
5,0,2,0,21,1,5,1,0.9394572025052192,0.016260162601626015,0.0
36,0,2,0,1,0,5,1,0.536534446764092,0.6070460704607046,0.0
49,0,2,0,21,1,1,1,0.9394572025052192,0.35772357723577236,0.0
103,0,0,0,14,6,5,0,0.9791231732776617,0.5853658536585366,0.0
5,0,2,0,21,2,5,0,0.9394572025052192,0.23306233062330622,0.0
64,1,0,0,17,4,5,5,0.32150313152400845,0.010840108401084009,1.0
94,0,2,0,18,1,5,1,0.6931106471816286,0.11382113821138211,1.0
5,0,2,0,18,4,5,0,0.9394572025052192,0.04878048780487805,0.0
48,0,2,0,4,0,1,1,0.9185803757828812,0.5474254742547425,0.0
48,0,2,0,13,0,5,0,0.9185803757828812,0.22764227642276422,0.0
103,0,2,0,2,3,5,1,0.9791231732776617,0.11382113821138211,0.0
72,1,2,2,15,4,5,0,0.7035490605427976,0.5040650406504065,0.0
13,0,2,2,2,4,5,0,0.9519832985386223,0.13008130081300812,0.0
64,1,0,1,16,4,5,5,0.32150313152400845,1.0,0.0
49,1,2,4,13,4,5,5,0.9394572025052192,0.25474254742547425,0.0
5,1,0,1,11,4,5,0,0.9394572025052192,1.0,0.0
64,0,2,0,0,7,0,0,0.32150313152400845,0.44986449864498645,1.0
13,0,2,2,21,4,5,2,0.9519832985386223,1.0,0.0
27,0,2,0,14,1,5,1,0.43841336116910257,0.23848238482384823,0.0
118,0,2,2,3,0,1,1,0.8246346555323592,0.1897018970189702,0.0
89,0,1,2,20,4,5,0,0.826722338204593,0.0921409214092141,0.0
5,0,2,0,19,3,5,1,0.9394572025052192,0.1897018970189702,1.0
48,1,2,4,11,4,5,5,0.9185803757828812,0.07046070460704607,0.0
104,1,2,0,14,4,5,0,0.47599164926931103,0.08130081300813008,1.0
11,0,1,0,1,5,5,0,0.16701461377870586,0.33062330623306235,1.0
5,0,2,0,3,3,5,1,0.9394572025052192,0.3848238482384824,0.0
95,0,2,2,11,4,5,0,0.8037578288100209,0.2981029810298103,0.0
5,0,2,0,21,1,5,2,0.9394572025052192,0.8346883468834688,0.0
74,1,2,4,14,4,5,5,0.8830897703549061,0.08672086720867209,0.0
64,0,2,2,16,4,5,5,0.32150313152400845,0.1084010840108401,0.0
11,1,0,1,11,4,5,0,0.16701461377870586,0.04878048780487805,0.0
29,0,2,2,21,6,5,4,0.47599164926931103,0.9701897018970189,0.0
26,0,2,2,12,0,0,0,0.7453027139874742,0.11382113821138211,0.0
49,1,2,0,13,4,5,0,0.9394572025052192,0.5203252032520325,1.0
64,0,2,0,16,3,5,0,0.32150313152400845,0.010840108401084009,1.0
5,1,0,0,13,4,5,1,0.9394572025052192,1.0,0.0
3,0,2,0,16,0,5,0,0.1837160751565763,1.0,0.0
13,1,0,1,0,1,4,0,0.9519832985386223,0.1084010840108401,0.0
49,0,0,1,16,4,5,0,0.9394572025052192,0.6341463414634146,1.0
5,0,2,3,19,2,4,0,0.9394572025052192,0.7046070460704607,0.0
5,0,2,2,21,1,1,3,0.9394572025052192,0.4552845528455285,0.0
49,0,2,0,21,4,5,4,0.9394572025052192,0.2818428184281843,0.0
5,1,2,0,16,1,2,0,0.9394572025052192,0.2872628726287263,0.0
37,0,2,0,2,4,5,5,0.5636743215031317,0.11382113821138211,0.0
94,0,0,0,18,4,5,0,0.6931106471816286,0.15718157181571815,1.0
5,0,2,0,21,4,5,3,0.9394572025052192,0.3685636856368564,0.0
49,0,2,0,1,1,5,4,0.9394572025052192,0.5365853658536585,0.0
103,0,2,0,6,4,5,0,0.9791231732776617,0.8075880758807588,0.0
64,0,2,0,13,4,5,1,0.32150313152400845,0.4715447154471545,0.0
48,1,2,0,21,4,5,4,0.9185803757828812,0.11382113821138211,1.0
4,0,2,2,7,4,5,2,0.6972860125260962,0.3089430894308943,0.0
64,0,1,2,19,6,5,2,0.32150313152400845,0.03252032520325203,1.0
6,0,2,0,21,2,5,4,0.9478079331941547,0.44986449864498645,0.0
49,0,2,0,21,1,5,0,0.9394572025052192,0.15718157181571815,0.0
7,0,2,0,11,4,5,1,0.676409185803758,0.41192411924119243,0.0
30,0,2,0,21,4,5,0,0.8914405010438415,0.07588075880758807,0.0
64,0,2,0,11,0,5,0,0.32150313152400845,0.3848238482384824,1.0
64,0,2,0,11,4,5,0,0.32150313152400845,0.14092140921409213,0.0
64,0,0,0,13,5,5,0,0.32150313152400845,1.0,1.0
64,0,2,2,0,4,3,5,0.32150313152400845,0.05420054200542005,1.0
42,0,2,0,14,7,1,0,0.47599164926931103,0.4281842818428185,1.0
5,1,2,0,21,4,5,4,0.9394572025052192,0.06504065040650406,0.0
70,0,2,2,1,3,5,4,0.9791231732776617,0.25474254742547425,0.0
64,0,2,2,13,1,5,0,0.32150313152400845,0.2981029810298103,1.0
94,1,2,3,1,1,4,4,0.6931106471816286,0.3902439024390244,0.0
120,0,2,4,21,4,5,1,0.9498956158663885,0.5962059620596206,0.0
99,0,2,1,1,4,5,1,0.8643006263048016,0.027100271002710022,0.0
5,1,0,0,15,4,5,0,0.9394572025052192,0.3089430894308943,1.0
64,0,0,0,14,1,2,0,0.32150313152400845,0.22764227642276422,1.0
106,0,2,2,21,4,5,4,0.2275574112734864,0.08672086720867209,0.0
48,0,2,2,19,6,5,0,0.9185803757828812,0.016260162601626015,0.0
5,0,2,2,21,4,5,0,0.9394572025052192,0.34146341463414637,1.0
5,0,2,0,17,4,1,0,0.9394572025052192,0.2168021680216802,0.0
30,0,2,3,21,2,4,5,0.8914405010438415,0.15176151761517614,0.0
13,0,2,2,21,4,5,4,0.9519832985386223,0.0921409214092141,0.0
13,0,2,2,16,7,2,4,0.9519832985386223,0.41734417344173447,0.0
46,0,2,0,16,7,0,5,0.6179540709812108,0.08672086720867209,0.0
66,0,0,0,16,0,5,1,0.47599164926931103,0.5365853658536585,0.0
13,0,2,0,21,7,5,0,0.9519832985386223,0.12466124661246611,0.0
63,0,1,0,16,4,1,0,0.6805845511482254,0.0921409214092141,0.0
64,0,2,0,19,6,5,0,0.32150313152400845,0.1084010840108401,1.0
30,0,0,2,19,4,2,0,0.8914405010438415,0.08672086720867209,0.0
64,0,2,2,17,4,5,5,0.32150313152400845,0.3902439024390244,1.0
64,1,0,2,14,4,5,5,0.32150313152400845,0.22764227642276422,1.0
5,0,2,0,13,1,5,0,0.9394572025052192,0.3089430894308943,0.0
64,0,2,0,1,4,5,4,0.32150313152400845,0.31436314363143636,1.0
64,0,2,0,19,1,1,0,0.32150313152400845,0.04336043360433604,1.0
89,0,2,2,16,1,5,1,0.826722338204593,0.23306233062330622,0.0
64,0,0,2,0,4,5,0,0.32150313152400845,0.2764227642276423,0.0
5,1,0,0,19,4,5,1,0.9394572025052192,0.17886178861788618,1.0
21,1,2,1,13,4,5,5,0.5594989561586641,1.0,0.0
64,0,1,3,14,4,5,0,0.32150313152400845,0.037940379403794036,1.0
118,0,2,0,18,3,5,0,0.8246346555323592,0.15718157181571815,0.0
101,1,0,2,5,4,5,4,0.5929018789144052,0.04878048780487805,1.0
120,1,0,2,5,4,5,1,0.9498956158663885,0.5149051490514904,0.0
5,0,1,0,0,4,5,0,0.9394572025052192,0.10298102981029811,1.0
5,1,0,0,19,4,5,5,0.9394572025052192,0.21138211382113822,1.0
48,0,2,2,6,4,5,4,0.9185803757828812,0.11924119241192412,1.0
5,1,1,0,20,1,5,5,0.9394572025052192,0.39566395663956644,0.0
48,1,0,1,11,4,5,0,0.9185803757828812,0.16802168021680217,0.0
48,0,2,0,21,0,5,4,0.9185803757828812,0.44986449864498645,0.0
13,0,2,2,21,3,5,4,0.9519832985386223,0.14092140921409213,0.0
39,1,0,0,14,4,5,5,0.1774530271398751,0.12466124661246611,0.0
5,1,0,0,2,7,1,3,0.9394572025052192,0.4010840108401084,0.0
13,1,0,0,16,4,5,0,0.9519832985386223,0.13008130081300812,0.0
69,0,0,0,21,4,5,2,0.7891440501043843,0.17886178861788618,0.0
116,1,0,2,15,4,5,3,0.47599164926931103,0.1084010840108401,1.0
2,0,1,0,17,4,5,0,0.8705636743215033,0.17344173441734417,0.0
72,0,2,0,21,4,5,3,0.7035490605427976,0.1951219512195122,0.0
64,0,0,0,15,3,5,0,0.32150313152400845,0.05962059620596205,1.0
30,0,2,0,16,1,2,0,0.8914405010438415,1.0,0.0
116,1,1,2,15,3,4,0,0.47599164926931103,1.0,1.0
13,0,2,0,16,2,5,0,0.9519832985386223,0.981029810298103,0.0
90,0,2,0,17,1,5,2,0.6367432150313155,0.5149051490514904,1.0
5,0,2,0,17,4,5,1,0.9394572025052192,0.35772357723577236,1.0
48,1,1,1,16,4,5,0,0.9185803757828812,1.0,0.0
51,1,2,0,15,4,1,0,0.9039665970772444,0.4823848238482385,0.0
4,0,0,0,14,4,5,0,0.6972860125260962,0.23848238482384823,0.0
64,1,0,1,0,4,5,5,0.32150313152400845,0.8943089430894309,1.0
65,0,1,0,17,7,0,0,0.8956158663883091,0.3360433604336044,0.0
5,0,2,0,15,1,5,1,0.9394572025052192,0.08672086720867209,0.0
64,0,2,2,8,2,5,4,0.32150313152400845,0.9051490514905148,1.0
30,0,2,2,16,2,5,0,0.8914405010438415,0.2168021680216802,0.0
37,1,2,0,2,4,5,1,0.5636743215031317,0.2818428184281843,1.0
5,0,2,0,21,2,5,4,0.9394572025052192,0.05420054200542005,0.0
87,0,0,0,18,4,5,4,0.8058455114822547,0.0921409214092141,1.0
118,0,2,0,5,4,1,0,0.8246346555323592,0.7533875338753387,0.0
61,0,2,0,17,7,1,3,0.4425887265135702,0.0921409214092141,0.0
5,0,2,0,10,1,5,0,0.9394572025052192,0.5636856368563685,1.0
36,1,1,2,3,6,4,0,0.536534446764092,0.48780487804878053,0.0
115,0,2,2,17,4,5,1,0.5699373695198331,1.0,0.0
5,0,2,3,21,2,4,4,0.9394572025052192,0.02168021680216802,1.0
64,1,0,0,20,1,2,0,0.32150313152400845,1.0,0.0
48,0,2,0,19,1,5,1,0.9185803757828812,0.23848238482384823,0.0
64,0,0,1,13,4,5,5,0.32150313152400845,0.2818428184281843,1.0
64,0,2,2,6,0,5,0,0.32150313152400845,0.04336043360433604,1.0
64,0,2,0,5,4,5,4,0.32150313152400845,0.08672086720867209,0.0
7,0,2,0,11,1,5,1,0.676409185803758,0.24390243902439024,1.0
36,0,2,0,1,0,5,2,0.536534446764092,1.0,0.0
24,0,2,0,19,4,5,4,0.11899791231732793,0.6341463414634146,1.0
33,1,0,1,11,4,5,5,0.47599164926931103,0.027100271002710022,0.0
5,0,2,0,6,4,1,3,0.9394572025052192,0.5420054200542005,0.0
99,0,2,0,1,1,5,0,0.8643006263048016,0.1084010840108401,0.0
64,0,2,0,20,4,5,0,0.32150313152400845,0.5474254742547425,1.0
61,0,2,0,21,1,5,0,0.4425887265135702,0.5528455284552846,0.0
13,0,2,0,8,7,5,4,0.9519832985386223,0.40650406504065045,0.0
64,0,2,0,1,3,5,1,0.32150313152400845,0.5799457994579945,0.0
13,0,2,2,21,0,1,3,0.9519832985386223,0.8346883468834688,0.0
5,1,2,0,14,4,5,0,0.9394572025052192,0.22764227642276422,1.0
13,1,2,2,10,3,5,4,0.9519832985386223,0.23306233062330622,0.0
64,1,0,2,12,3,5,0,0.32150313152400845,0.14092140921409213,1.0
64,1,2,0,13,3,5,0,0.32150313152400845,0.22764227642276422,1.0
21,0,0,0,3,4,5,3,0.5594989561586641,0.48780487804878053,1.0
30,0,2,0,15,4,5,0,0.8914405010438415,0.04336043360433604,0.0
5,1,2,3,21,4,5,4,0.9394572025052192,0.8509485094850948,0.0
5,0,2,0,8,3,5,4,0.9394572025052192,0.8780487804878049,0.0
6,0,2,0,16,4,5,0,0.9478079331941547,0.05962059620596205,0.0
5,0,2,0,15,4,5,0,0.9394572025052192,0.24390243902439024,0.0
31,0,1,2,8,3,5,0,0.7640918580375784,0.0975609756097561,0.0
6,0,2,1,21,2,5,0,0.9478079331941547,0.23306233062330622,0.0
13,1,0,2,15,4,5,0,0.9519832985386223,0.04878048780487805,1.0
95,1,2,4,19,4,5,3,0.8037578288100209,0.33062330623306235,0.0
95,0,2,2,12,5,5,0,0.8037578288100209,0.31978319783197834,0.0
64,1,0,2,14,4,5,5,0.32150313152400845,0.8943089430894309,0.0
93,0,2,1,21,3,5,2,0.40918580375782887,0.6233062330623306,0.0
30,0,2,2,15,4,1,1,0.8914405010438415,0.24390243902439024,0.0
64,0,0,0,11,4,5,1,0.32150313152400845,1.0,0.0
49,1,0,0,19,4,5,0,0.9394572025052192,0.05962059620596205,0.0
4,1,0,1,2,4,5,5,0.6972860125260962,0.34146341463414637,1.0
98,1,2,1,13,4,5,5,0.47599164926931103,0.13550135501355012,1.0
64,1,0,0,15,2,5,4,0.32150313152400845,0.07046070460704607,1.0
48,1,0,2,14,4,4,0,0.9185803757828812,0.991869918699187,0.0
5,0,2,0,1,4,0,0,0.9394572025052192,0.3848238482384824,0.0
5,1,1,0,13,3,5,1,0.9394572025052192,0.12466124661246611,0.0
49,1,2,0,0,4,5,0,0.9394572025052192,0.027100271002710022,1.0
57,0,2,0,13,7,5,0,0.6137787056367434,0.05962059620596205,0.0
99,0,1,0,3,3,5,0,0.8643006263048016,0.41192411924119243,0.0
116,1,0,0,14,4,5,1,0.47599164926931103,0.6016260162601625,1.0
5,0,2,0,18,5,1,0,0.9394572025052192,0.15718157181571815,0.0
5,0,2,2,7,3,5,1,0.9394572025052192,0.010840108401084009,1.0
103,1,2,0,1,3,5,0,0.9791231732776617,0.027100271002710022,0.0
64,0,2,0,19,2,5,0,0.32150313152400845,0.07588075880758807,0.0
31,0,0,2,17,4,5,0,0.7640918580375784,0.23848238482384823,0.0
5,0,2,0,8,3,5,2,0.9394572025052192,0.8346883468834688,0.0
50,0,2,2,1,7,5,4,0.6200417536534448,0.6124661246612466,0.0
48,0,2,0,7,0,1,1,0.9185803757828812,0.2168021680216802,0.0
11,0,2,0,14,5,5,5,0.16701461377870586,0.29268292682926833,0.0
4,1,2,2,16,0,5,0,0.6972860125260962,0.08672086720867209,0.0
7,0,2,2,21,2,5,4,0.676409185803758,0.3848238482384824,0.0
13,0,2,0,21,0,5,4,0.9519832985386223,0.33062330623306235,0.0
3,0,2,0,13,7,0,5,0.1837160751565763,0.3252032520325204,1.0
5,0,2,0,6,3,5,2,0.9394572025052192,0.34146341463414637,0.0
4,0,1,0,19,7,5,0,0.6972860125260962,0.04336043360433604,1.0
112,0,2,2,21,4,5,4,0.9457202505219209,0.13550135501355012,0.0
89,0,0,0,15,1,5,0,0.826722338204593,0.25474254742547425,1.0
49,0,1,0,21,1,5,0,0.9394572025052192,0.7425474254742547,0.0
48,1,2,0,0,4,5,0,0.9185803757828812,0.5691056910569106,0.0
112,0,2,2,21,4,5,4,0.9457202505219209,0.8943089430894309,1.0
104,0,2,0,7,2,5,0,0.47599164926931103,0.07046070460704607,0.0
101,0,0,0,17,4,5,3,0.5929018789144052,0.41734417344173447,0.0
64,1,2,0,13,4,5,0,0.32150313152400845,0.005420054200542005,1.0
24,0,2,2,15,5,5,0,0.11899791231732793,0.24390243902439024,1.0
15,1,2,2,17,4,5,0,0.5699373695198331,0.15718157181571815,0.0
5,0,2,1,16,1,5,4,0.9394572025052192,0.11382113821138211,0.0
48,1,0,1,3,4,5,5,0.9185803757828812,0.2222222222222222,0.0
122,0,2,0,21,4,5,0,0.9290187891440502,0.4010840108401084,0.0
30,1,0,0,16,4,5,0,0.8914405010438415,0.04878048780487805,1.0
49,1,2,2,18,6,5,0,0.9394572025052192,0.6070460704607046,0.0
108,1,2,0,16,4,5,0,0.47599164926931103,0.17344173441734417,0.0
64,1,2,0,20,4,5,5,0.32150313152400845,0.5691056910569106,0.0
83,0,1,0,21,4,5,2,0.6096033402922756,0.13550135501355012,0.0
13,0,2,2,5,1,5,2,0.9519832985386223,0.29268292682926833,0.0
64,0,0,0,5,4,5,4,0.32150313152400845,0.4769647696476965,1.0
30,1,2,2,15,6,5,0,0.8914405010438415,0.23848238482384823,0.0
99,0,0,1,18,4,5,5,0.8643006263048016,0.39566395663956644,0.0
5,0,2,2,6,1,4,4,0.9394572025052192,0.3739837398373984,0.0
64,0,2,0,11,3,5,0,0.32150313152400845,0.07046070460704607,1.0
13,0,2,2,19,1,5,0,0.9519832985386223,1.0,0.0
99,0,1,2,16,7,1,0,0.8643006263048016,0.3739837398373984,0.0
114,0,2,0,19,7,1,0,0.9498956158663885,0.14092140921409213,0.0
5,0,2,2,11,1,5,0,0.9394572025052192,0.15718157181571815,0.0
13,1,0,0,14,3,5,0,0.9519832985386223,0.08672086720867209,0.0
2,1,0,1,19,4,5,5,0.8705636743215033,0.15176151761517614,0.0
48,0,2,0,21,4,5,4,0.9185803757828812,0.14092140921409213,0.0
11,1,0,0,16,4,5,5,0.16701461377870586,0.21138211382113822,1.0
13,0,2,0,10,1,5,1,0.9519832985386223,0.08130081300813008,0.0
30,0,2,2,21,3,5,1,0.8914405010438415,0.20596205962059622,0.0
95,1,2,1,2,4,5,0,0.8037578288100209,0.16802168021680217,0.0
51,1,2,0,16,4,5,5,0.9039665970772444,0.2981029810298103,1.0
5,0,2,0,11,5,5,1,0.9394572025052192,0.23848238482384823,0.0
64,0,2,0,13,3,5,0,0.32150313152400845,0.06504065040650406,1.0
55,1,2,0,16,4,5,0,0.8517745302713988,0.31978319783197834,0.0
55,0,2,2,18,1,2,0,0.8517745302713988,0.15718157181571815,0.0
48,0,1,0,13,1,4,2,0.9185803757828812,0.44986449864498645,0.0
5,0,2,0,15,4,5,0,0.9394572025052192,0.16802168021680217,1.0
82,0,0,0,13,1,5,0,0.8768267223382047,0.15718157181571815,0.0
13,0,2,2,21,3,5,5,0.9519832985386223,0.30352303523035234,0.0
101,0,0,0,21,4,5,0,0.5929018789144052,0.05962059620596205,1.0
64,0,2,0,8,1,1,0,0.32150313152400845,0.3848238482384824,0.0
4,0,1,2,1,1,5,1,0.6972860125260962,0.23306233062330622,0.0
112,0,2,2,21,4,5,3,0.9457202505219209,0.17344173441734417,0.0
5,0,2,0,21,3,5,4,0.9394572025052192,0.0921409214092141,0.0
103,1,1,0,2,3,4,0,0.9791231732776617,0.13550135501355012,0.0
5,0,2,0,21,7,5,1,0.9394572025052192,0.5474254742547425,0.0
75,1,2,0,17,4,5,5,0.676409185803758,0.25474254742547425,1.0
13,0,2,0,16,5,5,0,0.9519832985386223,0.2710027100271003,0.0
5,0,2,0,21,4,5,1,0.9394572025052192,0.25474254742547425,1.0
79,0,2,0,21,4,5,0,0.1941544885177453,0.2981029810298103,0.0
103,0,0,3,21,4,5,4,0.9791231732776617,0.26558265582655827,0.0
49,0,2,0,13,7,1,1,0.9394572025052192,0.17344173441734417,0.0
6,1,2,0,21,3,5,0,0.9478079331941547,0.17344173441734417,0.0
109,0,2,0,21,5,5,5,0.7870563674321502,0.5149051490514904,0.0
64,0,2,2,15,4,5,5,0.32150313152400845,0.11382113821138211,0.0
30,0,2,2,10,0,1,2,0.8914405010438415,0.05962059620596205,0.0
5,0,2,0,9,1,5,0,0.9394572025052192,0.25474254742547425,0.0
101,0,1,2,4,4,5,0,0.5929018789144052,0.1951219512195122,1.0
64,0,0,0,16,1,5,0,0.32150313152400845,0.08130081300813008,1.0
48,0,2,0,21,1,2,4,0.9185803757828812,0.1951219512195122,0.0
122,1,1,0,15,4,5,0,0.9290187891440502,0.7696476964769647,0.0
71,0,2,0,16,4,5,4,0.47599164926931103,0.7859078590785907,0.0
64,1,1,0,14,0,5,0,0.32150313152400845,0.21138211382113822,1.0
5,0,2,0,21,4,5,4,0.9394572025052192,0.5474254742547425,1.0
49,1,2,2,11,7,0,0,0.9394572025052192,0.22764227642276422,0.0
94,0,2,0,5,6,5,4,0.6931106471816286,0.6991869918699186,1.0
65,0,2,1,17,1,5,5,0.8956158663883091,0.15718157181571815,0.0
5,0,2,0,15,7,5,0,0.9394572025052192,1.0,0.0
30,1,0,0,17,4,5,1,0.8914405010438415,0.24390243902439024,1.0
5,0,2,0,16,2,4,3,0.9394572025052192,0.5636856368563685,0.0
5,1,2,0,15,4,5,5,0.9394572025052192,0.16260162601626016,0.0
30,0,2,2,19,3,5,0,0.8914405010438415,0.07046070460704607,0.0
64,0,2,0,16,3,5,0,0.32150313152400845,0.29268292682926833,0.0
6,0,2,0,15,7,5,0,0.9478079331941547,0.037940379403794036,0.0
75,0,2,2,1,4,5,1,0.676409185803758,0.03252032520325203,0.0
30,0,1,2,16,4,5,0,0.8914405010438415,0.15176151761517614,0.0
5,0,2,0,15,4,4,0,0.9394572025052192,1.0,1.0
51,1,1,0,1,4,5,0,0.9039665970772444,0.3902439024390244,0.0
101,1,0,0,17,4,5,1,0.5929018789144052,0.07046070460704607,1.0
11,1,2,0,0,4,5,0,0.16701461377870586,0.03252032520325203,0.0
5,0,2,0,21,2,5,4,0.9394572025052192,0.07046070460704607,0.0
64,0,2,2,21,2,5,0,0.32150313152400845,0.3848238482384824,1.0
49,0,2,0,13,4,4,1,0.9394572025052192,0.24390243902439024,0.0
4,0,2,0,1,4,5,5,0.6972860125260962,0.04336043360433604,1.0
5,0,2,0,7,1,2,0,0.9394572025052192,0.1084010840108401,0.0
99,1,0,0,11,4,5,0,0.8643006263048016,0.22764227642276422,1.0
64,0,2,0,17,6,5,2,0.32150313152400845,0.8021680216802167,0.0
95,0,2,0,15,4,5,0,0.8037578288100209,0.5691056910569106,1.0
49,1,1,0,14,0,5,0,0.9394572025052192,0.30352303523035234,0.0
64,0,2,2,14,1,5,0,0.32150313152400845,0.6612466124661246,0.0
41,0,2,0,8,4,5,5,0.457202505219207,0.981029810298103,0.0
49,0,2,0,15,4,0,0,0.9394572025052192,0.010840108401084009,0.0
49,0,2,0,14,4,5,0,0.9394572025052192,0.5528455284552846,0.0
61,0,2,0,21,4,5,1,0.4425887265135702,0.3360433604336044,0.0
5,0,2,0,7,3,5,0,0.9394572025052192,0.25474254742547425,0.0
64,0,2,0,17,4,5,1,0.32150313152400845,0.7533875338753387,1.0
5,0,1,0,0,7,2,5,0.9394572025052192,0.8401084010840109,0.0
13,0,2,2,13,4,5,0,0.9519832985386223,0.43902439024390244,0.0
5,0,2,2,21,7,5,4,0.9394572025052192,0.31978319783197834,0.0
119,1,2,0,11,4,5,0,0.47599164926931103,0.16260162601626016,1.0
64,1,0,0,11,4,5,5,0.32150313152400845,0.8075880758807588,1.0
5,0,2,2,21,4,5,2,0.9394572025052192,0.4552845528455285,0.0
110,0,1,0,19,4,5,3,0.5427974947807934,0.4769647696476965,0.0
107,0,1,0,15,4,5,0,0.47599164926931103,0.08672086720867209,0.0
64,0,2,0,19,3,5,4,0.32150313152400845,0.43360433604336046,1.0
99,0,2,0,13,0,5,1,0.8643006263048016,0.21138211382113822,1.0
116,0,1,0,20,4,2,3,0.47599164926931103,0.5582655826558265,0.0
64,0,0,2,1,7,5,0,0.32150313152400845,0.23306233062330622,1.0
5,0,2,0,0,1,5,0,0.9394572025052192,0.17886178861788618,0.0
24,1,2,0,13,4,5,5,0.11899791231732793,0.14634146341463414,0.0
30,0,2,2,0,4,5,0,0.8914405010438415,0.40650406504065045,0.0
5,0,2,0,17,0,1,0,0.9394572025052192,0.13008130081300812,0.0
5,1,2,3,18,4,4,0,0.9394572025052192,0.010840108401084009,0.0
5,0,2,0,18,0,1,3,0.9394572025052192,0.41192411924119243,0.0
5,0,2,0,21,6,5,3,0.9394572025052192,0.3631436314363144,0.0
5,1,2,2,11,6,5,1,0.9394572025052192,0.1897018970189702,0.0
48,0,2,2,15,2,4,0,0.9185803757828812,0.26558265582655827,0.0
85,0,2,0,14,4,5,0,0.8893528183716073,0.3523035230352304,0.0
99,1,2,0,11,4,5,5,0.8643006263048016,0.8726287262872628,0.0
48,0,2,2,21,4,5,4,0.9185803757828812,0.12466124661246611,1.0
64,0,2,0,2,3,5,0,0.32150313152400845,0.21138211382113822,0.0
50,0,0,0,17,4,5,0,0.6200417536534448,0.08672086720867209,0.0
6,0,2,0,21,4,5,4,0.9478079331941547,0.22764227642276422,0.0
37,0,1,2,12,4,5,0,0.5636743215031317,0.20596205962059622,1.0
5,0,2,0,10,3,5,4,0.9394572025052192,0.2818428184281843,0.0
13,1,2,3,19,0,2,0,0.9519832985386223,0.17886178861788618,0.0
5,0,2,0,8,2,5,0,0.9394572025052192,0.39566395663956644,0.0
14,1,2,1,20,4,5,5,0.665970772442589,0.07588075880758807,0.0
85,0,2,0,18,7,5,2,0.8893528183716073,0.20596205962059622,0.0
11,0,2,0,17,1,5,0,0.16701461377870586,0.02168021680216802,0.0
48,1,0,0,13,3,5,0,0.9185803757828812,0.41734417344173447,1.0
64,0,0,0,0,7,0,0,0.32150313152400845,1.0,1.0
64,0,2,0,13,4,1,0,0.32150313152400845,0.3252032520325204,1.0
48,0,2,2,19,4,5,4,0.9185803757828812,0.4715447154471545,0.0
64,0,0,0,17,6,5,0,0.32150313152400845,0.43902439024390244,0.0
2,0,2,0,7,4,5,4,0.8705636743215033,0.13008130081300812,1.0
30,0,2,2,21,3,5,4,0.8914405010438415,0.5474254742547425,0.0
5,1,0,2,18,4,2,2,0.9394572025052192,0.14634146341463414,0.0
13,1,0,1,15,4,5,0,0.9519832985386223,0.4444444444444445,1.0
37,1,0,0,20,0,5,2,0.5636743215031317,0.4281842818428185,0.0
5,0,2,0,9,4,0,0,0.9394572025052192,0.6449864498644986,0.0
5,0,2,0,12,4,5,0,0.9394572025052192,0.3523035230352304,0.0
48,1,2,0,14,4,5,5,0.9185803757828812,0.027100271002710022,0.0
24,1,2,0,14,4,5,2,0.11899791231732793,0.3523035230352304,0.0
85,0,2,2,21,0,5,4,0.8893528183716073,0.2818428184281843,0.0
48,0,1,0,13,3,5,5,0.9185803757828812,0.6937669376693767,0.0
48,0,2,0,21,3,5,0,0.9185803757828812,0.21138211382113822,0.0
48,0,2,0,21,6,5,4,0.9185803757828812,0.43902439024390244,0.0
30,1,2,2,17,0,0,0,0.8914405010438415,0.12466124661246611,0.0
95,0,2,0,1,4,5,3,0.8037578288100209,0.5799457994579945,0.0
49,0,2,2,19,6,5,0,0.9394572025052192,0.05420054200542005,0.0
7,0,2,2,14,1,4,2,0.676409185803758,0.2764227642276423,0.0
70,0,0,0,18,3,5,4,0.9791231732776617,0.3631436314363144,0.0
3,0,2,0,15,1,5,0,0.1837160751565763,0.07588075880758807,1.0
5,0,2,0,6,3,5,1,0.9394572025052192,1.0,0.0
5,0,2,0,21,4,5,4,0.9394572025052192,0.15718157181571815,1.0
48,1,2,4,15,4,5,5,0.9185803757828812,0.07588075880758807,0.0
30,0,2,2,5,4,1,2,0.8914405010438415,0.3848238482384824,0.0
82,0,2,1,21,5,5,4,0.8768267223382047,0.22764227642276422,0.0
48,0,0,0,0,4,5,0,0.9185803757828812,0.5149051490514904,0.0
42,1,0,1,14,4,5,1,0.47599164926931103,0.2872628726287263,0.0
64,1,0,0,20,4,5,5,0.32150313152400845,0.0921409214092141,1.0
95,0,2,2,1,4,5,0,0.8037578288100209,0.2168021680216802,0.0
77,0,2,2,1,1,5,0,0.6388308977035491,0.11382113821138211,0.0
11,0,2,0,18,2,5,0,0.16701461377870586,0.17886178861788618,0.0
39,0,2,0,11,4,5,0,0.1774530271398751,0.4661246612466125,1.0
5,0,2,0,21,4,5,2,0.9394572025052192,0.40650406504065045,0.0
102,0,2,0,1,1,5,1,0.2275574112734864,0.42276422764227645,0.0
80,0,0,0,14,4,5,0,0.09603340292275586,0.07588075880758807,1.0
2,0,2,1,21,7,5,4,0.8705636743215033,0.027100271002710022,0.0
13,1,2,1,17,4,5,5,0.9519832985386223,0.3089430894308943,0.0
6,0,2,0,5,1,4,1,0.9478079331941547,0.5745257452574526,0.0
5,0,2,0,21,5,1,4,0.9394572025052192,0.07046070460704607,0.0
95,0,0,0,16,4,5,1,0.8037578288100209,0.05962059620596205,0.0
64,0,2,0,19,2,5,5,0.32150313152400845,0.037940379403794036,1.0
2,1,2,1,0,4,5,5,0.8705636743215033,0.23848238482384823,0.0
5,0,1,0,21,4,1,1,0.9394572025052192,0.037940379403794036,0.0
5,1,2,0,20,4,5,0,0.9394572025052192,0.9485094850948509,0.0
5,0,2,1,21,4,5,4,0.9394572025052192,0.4932249322493225,0.0
64,0,2,0,19,1,5,0,0.32150313152400845,0.4715447154471545,1.0
99,0,2,1,21,4,1,2,0.8643006263048016,0.44986449864498645,0.0
83,0,2,2,21,6,5,4,0.6096033402922756,0.07588075880758807,0.0
89,0,2,0,21,4,5,4,0.826722338204593,1.0,0.0
93,0,2,2,4,5,4,4,0.40918580375782887,0.14634146341463414,1.0
13,0,2,2,17,2,5,0,0.9519832985386223,0.11382113821138211,0.0
5,0,2,0,14,1,1,0,0.9394572025052192,0.17344173441734417,0.0
102,1,1,0,13,4,5,5,0.2275574112734864,0.24932249322493225,1.0
4,0,1,1,13,4,5,0,0.6972860125260962,0.005420054200542005,0.0
74,0,2,0,19,1,1,0,0.8830897703549061,0.13550135501355012,0.0
5,0,2,0,21,4,5,1,0.9394572025052192,0.2872628726287263,1.0
2,0,2,2,10,5,5,5,0.8705636743215033,0.08130081300813008,0.0
48,0,2,0,16,0,5,0,0.9185803757828812,0.12466124661246611,0.0
48,0,2,0,19,4,5,0,0.9185803757828812,0.2764227642276423,0.0
64,0,2,0,13,3,5,0,0.32150313152400845,0.22764227642276422,1.0
30,0,2,2,1,4,2,3,0.8914405010438415,0.16802168021680217,0.0
64,1,0,0,16,4,5,5,0.32150313152400845,0.1084010840108401,1.0
6,0,2,0,9,0,0,0,0.9478079331941547,0.08130081300813008,0.0
5,0,2,0,18,2,5,3,0.9394572025052192,0.44986449864498645,0.0
30,0,2,2,7,0,1,4,0.8914405010438415,0.05420054200542005,0.0
5,0,2,0,18,2,5,4,0.9394572025052192,0.44986449864498645,0.0
64,0,2,0,13,3,5,5,0.32150313152400845,0.3360433604336044,0.0
99,0,2,2,6,1,5,5,0.8643006263048016,0.05962059620596205,0.0
48,1,0,0,0,4,5,0,0.9185803757828812,0.13550135501355012,1.0
5,0,2,0,14,3,5,3,0.9394572025052192,0.24390243902439024,1.0
5,1,2,0,0,1,4,0,0.9394572025052192,0.1897018970189702,0.0
64,0,2,2,13,1,5,1,0.32150313152400845,0.3252032520325204,0.0
38,0,2,0,5,0,5,2,0.7724425887265136,0.2764227642276423,0.0
48,0,2,2,5,4,5,0,0.9185803757828812,0.2981029810298103,0.0
64,0,0,0,20,4,5,0,0.32150313152400845,0.14634146341463414,1.0
49,0,2,2,19,4,5,4,0.9394572025052192,0.2222222222222222,0.0
30,0,2,0,6,4,5,4,0.8914405010438415,0.8238482384823848,0.0
55,0,2,2,1,1,5,0,0.8517745302713988,0.6233062330623306,0.0
65,0,2,0,14,5,5,0,0.8956158663883091,0.04878048780487805,0.0
48,1,0,0,21,4,5,1,0.9185803757828812,0.16802168021680217,1.0
64,0,2,0,6,5,5,1,0.32150313152400845,0.037940379403794036,0.0
48,1,2,0,15,4,5,0,0.9185803757828812,0.037940379403794036,0.0
13,0,2,0,0,0,5,0,0.9519832985386223,0.1951219512195122,0.0
48,1,2,0,21,3,5,5,0.9185803757828812,0.0921409214092141,0.0
5,0,2,0,7,2,4,3,0.9394572025052192,0.04878048780487805,0.0
40,0,0,0,13,1,5,0,0.5532359081419624,0.0921409214092141,0.0
11,0,0,0,13,4,5,0,0.16701461377870586,0.2168021680216802,1.0
5,0,2,0,15,1,5,4,0.9394572025052192,0.7425474254742547,0.0
104,0,2,2,1,2,5,2,0.47599164926931103,0.20596205962059622,1.0
116,0,0,0,13,4,5,0,0.47599164926931103,0.10298102981029811,0.0
31,1,0,0,4,4,5,0,0.7640918580375784,0.08130081300813008,0.0
4,0,2,3,10,4,5,5,0.6972860125260962,0.05420054200542005,0.0
64,0,2,0,11,0,0,1,0.32150313152400845,0.2005420054200542,0.0
99,0,2,0,9,7,1,4,0.8643006263048016,0.4932249322493225,0.0
5,0,2,0,7,3,5,0,0.9394572025052192,0.08672086720867209,0.0
13,0,2,2,9,2,4,1,0.9519832985386223,0.24390243902439024,0.0
64,1,2,4,15,4,5,5,0.32150313152400845,0.8401084010840109,1.0
5,0,2,0,18,1,5,4,0.9394572025052192,0.21138211382113822,0.0
103,0,2,1,9,2,5,0,0.9791231732776617,1.0,0.0
5,1,0,0,16,4,4,1,0.9394572025052192,1.0,0.0
74,0,2,0,15,7,0,0,0.8830897703549061,0.6016260162601625,0.0
30,0,2,2,1,3,5,1,0.8914405010438415,0.08672086720867209,0.0
5,0,2,0,15,4,0,0,0.9394572025052192,0.16260162601626016,0.0
69,0,2,0,18,4,5,2,0.7891440501043843,0.2222222222222222,0.0
48,1,2,0,14,4,5,0,0.9185803757828812,0.2764227642276423,0.0
95,0,2,0,11,4,1,0,0.8037578288100209,0.23306233062330622,0.0
4,0,1,0,11,4,5,0,0.6972860125260962,0.5094850948509485,1.0
112,0,2,2,9,3,5,3,0.9457202505219209,0.08672086720867209,0.0
5,1,0,3,21,4,5,0,0.9394572025052192,0.14634146341463414,0.0
11,0,2,0,8,2,5,3,0.16701461377870586,0.06504065040650406,1.0
5,0,2,0,16,4,5,1,0.9394572025052192,0.0921409214092141,0.0
13,0,2,0,4,4,1,0,0.9519832985386223,0.44986449864498645,0.0
5,0,2,0,21,4,1,0,0.9394572025052192,0.005420054200542005,0.0
51,0,2,2,21,4,1,4,0.9039665970772444,0.05962059620596205,0.0
4,0,2,2,1,7,5,4,0.6972860125260962,0.0975609756097561,0.0
66,0,2,2,3,4,5,1,0.47599164926931103,0.31978319783197834,0.0
61,0,2,0,6,4,5,0,0.4425887265135702,0.13550135501355012,0.0
55,0,2,0,21,4,5,0,0.8517745302713988,0.15176151761517614,0.0
4,1,2,0,11,4,5,5,0.6972860125260962,0.39566395663956644,0.0
116,1,0,1,14,0,2,0,0.47599164926931103,1.0,0.0
13,0,2,0,7,1,5,4,0.9519832985386223,0.016260162601626015,0.0
101,0,2,0,16,0,0,0,0.5929018789144052,0.2818428184281843,1.0
64,0,2,0,20,0,5,0,0.32150313152400845,0.02168021680216802,1.0
93,0,2,0,14,1,5,0,0.40918580375782887,1.0,0.0
99,0,2,0,6,4,5,2,0.8643006263048016,0.46070460704607047,1.0
5,0,2,0,14,4,5,0,0.9394572025052192,0.08130081300813008,0.0
5,0,1,2,21,4,5,1,0.9394572025052192,0.26558265582655827,0.0
30,1,2,0,14,4,5,5,0.8914405010438415,0.005420054200542005,1.0
76,0,2,0,5,4,5,4,0.8935281837160753,1.0,0.0
108,1,1,0,14,4,5,1,0.47599164926931103,0.3739837398373984,0.0
122,0,2,1,1,0,5,1,0.9290187891440502,0.7533875338753387,0.0
91,1,0,0,14,4,5,0,0.9248434237995826,0.7533875338753387,0.0
64,0,0,0,15,7,0,5,0.32150313152400845,0.30352303523035234,1.0
5,0,2,0,21,1,5,1,0.9394572025052192,0.12466124661246611,0.0
43,0,2,0,5,4,5,4,0.47599164926931103,0.08672086720867209,1.0
48,0,2,2,18,1,5,0,0.9185803757828812,0.31978319783197834,0.0
104,1,0,0,11,4,5,0,0.47599164926931103,0.5745257452574526,1.0
5,1,2,2,13,4,5,1,0.9394572025052192,0.1084010840108401,0.0
47,0,2,2,21,7,5,4,0.778705636743215,0.2981029810298103,0.0
120,0,2,0,21,0,5,4,0.9498956158663885,0.5474254742547425,0.0
48,0,2,0,18,1,5,4,0.9185803757828812,0.2872628726287263,0.0
1,0,2,0,6,0,5,5,0.8872651356993737,0.8834688346883468,0.0
64,1,2,0,15,0,5,0,0.32150313152400845,0.9051490514905148,1.0
6,1,2,0,21,4,5,1,0.9478079331941547,1.0,1.0
121,0,2,2,1,4,5,1,1.0,0.33062330623306235,0.0
74,0,2,2,21,4,5,1,0.8830897703549061,0.04878048780487805,0.0
13,0,2,0,21,5,5,4,0.9519832985386223,0.31436314363143636,0.0
5,0,2,0,15,3,5,0,0.9394572025052192,0.991869918699187,0.0
64,1,0,0,11,4,5,0,0.32150313152400845,1.0,0.0
30,1,2,1,14,4,5,5,0.8914405010438415,0.2222222222222222,0.0
5,0,2,0,19,4,5,1,0.9394572025052192,0.11382113821138211,1.0
11,0,2,0,6,2,5,2,0.16701461377870586,0.8888888888888888,1.0
13,1,0,0,16,4,5,0,0.9519832985386223,0.10298102981029811,0.0
64,0,2,2,21,6,5,4,0.32150313152400845,0.3848238482384824,1.0
95,1,2,0,14,3,5,1,0.8037578288100209,0.4010840108401084,0.0
5,1,0,1,16,4,5,0,0.9394572025052192,0.43902439024390244,0.0
13,0,2,0,21,4,5,1,0.9519832985386223,0.3252032520325204,0.0
79,0,0,0,20,2,5,5,0.1941544885177453,0.016260162601626015,0.0
99,0,2,2,18,1,2,0,0.8643006263048016,0.8888888888888888,0.0
48,0,2,0,4,4,5,4,0.9185803757828812,0.21138211382113822,0.0
48,0,2,0,11,1,5,0,0.9185803757828812,0.5474254742547425,0.0
64,0,2,0,18,3,5,0,0.32150313152400845,1.0,0.0
64,0,2,2,2,5,1,1,0.32150313152400845,0.7913279132791328,1.0
30,1,0,0,13,7,5,0,0.8914405010438415,0.41192411924119243,0.0
49,1,0,2,8,3,4,0,0.9394572025052192,0.3523035230352304,0.0
64,1,0,1,15,4,5,0,0.32150313152400845,1.0,1.0
48,0,2,0,17,2,5,0,0.9185803757828812,0.016260162601626015,0.0
64,0,2,2,17,1,5,3,0.32150313152400845,0.5582655826558265,1.0
106,1,2,0,13,4,5,0,0.2275574112734864,0.1084010840108401,1.0
91,0,2,0,3,6,5,0,0.9248434237995826,0.5365853658536585,0.0
5,1,2,2,6,4,5,0,0.9394572025052192,0.2710027100271003,0.0
5,0,2,0,21,4,5,4,0.9394572025052192,0.7967479674796748,0.0
99,0,1,0,8,4,5,1,0.8643006263048016,0.016260162601626015,0.0
93,0,2,0,7,1,5,1,0.40918580375782887,0.1951219512195122,0.0
85,0,2,2,5,3,5,4,0.8893528183716073,0.5149051490514904,0.0
85,1,0,2,20,4,5,0,0.8893528183716073,0.8075880758807588,0.0
17,0,2,0,16,7,0,0,0.5260960334029228,0.26558265582655827,1.0
86,0,2,0,1,7,0,0,0.5636743215031317,0.2764227642276423,0.0
112,0,2,0,1,4,5,4,0.9457202505219209,1.0,1.0
64,0,2,2,1,1,5,3,0.32150313152400845,0.23306233062330622,1.0
15,0,2,2,16,4,5,4,0.5699373695198331,0.6016260162601625,0.0
47,0,2,0,19,1,2,0,0.778705636743215,0.6991869918699186,0.0
6,1,0,1,11,4,5,5,0.9478079331941547,0.06504065040650406,1.0
64,0,0,0,1,4,5,2,0.32150313152400845,0.9701897018970189,1.0
112,1,0,1,14,4,5,0,0.9457202505219209,0.29268292682926833,0.0
1,0,2,1,6,0,5,4,0.8872651356993737,0.24390243902439024,0.0
102,0,2,0,5,0,5,0,0.2275574112734864,0.30352303523035234,0.0
30,1,1,0,14,1,5,0,0.8914405010438415,0.6612466124661246,0.0
64,0,0,0,2,1,5,0,0.32150313152400845,0.40650406504065045,1.0
5,0,2,0,9,4,5,0,0.9394572025052192,0.04878048780487805,0.0
48,1,0,4,19,4,5,5,0.9185803757828812,0.15176151761517614,0.0
74,0,2,2,12,6,4,1,0.8830897703549061,0.07588075880758807,0.0
57,1,0,1,11,4,5,0,0.6137787056367434,0.5582655826558265,0.0
77,0,2,1,13,4,5,0,0.6388308977035491,0.14634146341463414,0.0
7,1,0,0,0,4,5,5,0.676409185803758,0.41734417344173447,0.0
5,0,2,0,16,4,3,0,0.9394572025052192,0.7967479674796748,0.0
65,0,1,0,14,0,5,0,0.8956158663883091,0.4932249322493225,0.0
64,0,2,0,1,1,0,5,0.32150313152400845,0.6775067750677507,1.0
5,0,2,3,21,7,5,5,0.9394572025052192,0.7750677506775068,0.0
64,0,2,2,5,4,5,3,0.32150313152400845,0.037940379403794036,1.0
114,1,0,1,17,4,5,5,0.9498956158663885,0.24932249322493225,0.0
13,0,2,0,1,2,5,0,0.9519832985386223,0.1951219512195122,0.0
6,0,2,2,2,2,5,3,0.9478079331941547,0.16260162601626016,0.0
104,0,2,0,14,4,5,0,0.47599164926931103,0.21138211382113822,0.0
41,0,0,2,10,7,1,0,0.457202505219207,0.2872628726287263,0.0
86,0,2,2,15,7,5,0,0.5636743215031317,0.037940379403794036,0.0
64,1,2,0,11,4,5,5,0.32150313152400845,0.10298102981029811,1.0
48,0,2,1,15,0,1,0,0.9185803757828812,0.41192411924119243,0.0
31,1,0,0,2,4,5,5,0.7640918580375784,0.14634146341463414,0.0
43,0,2,0,21,0,5,4,0.47599164926931103,0.11924119241192412,0.0
85,0,2,0,15,4,5,1,0.8893528183716073,0.2222222222222222,0.0
47,1,0,0,20,4,5,5,0.778705636743215,0.11924119241192412,1.0
70,0,2,2,21,0,5,4,0.9791231732776617,0.16260162601626016,0.0
64,0,0,0,14,4,5,1,0.32150313152400845,0.24390243902439024,1.0
85,0,1,0,10,4,5,0,0.8893528183716073,0.4281842818428185,0.0
83,0,2,0,16,7,1,0,0.6096033402922756,0.11382113821138211,0.0
31,0,2,2,21,4,5,2,0.7640918580375784,0.25474254742547425,0.0
64,1,0,1,14,7,1,5,0.32150313152400845,0.5853658536585366,0.0
61,0,2,0,21,3,5,0,0.4425887265135702,0.46070460704607047,0.0
15,1,2,0,6,5,5,5,0.5699373695198331,0.39566395663956644,0.0
88,1,0,2,15,4,5,0,0.5615866388308981,0.26558265582655827,1.0
65,1,2,0,11,4,5,0,0.8956158663883091,0.11924119241192412,1.0
64,0,2,2,11,4,5,0,0.32150313152400845,0.11924119241192412,1.0
6,0,0,1,4,4,5,0,0.9478079331941547,0.25474254742547425,1.0
30,0,2,2,4,5,5,4,0.8914405010438415,0.16260162601626016,0.0
5,0,0,0,14,2,5,0,0.9394572025052192,0.6666666666666666,0.0
15,0,2,0,19,1,5,0,0.5699373695198331,0.7750677506775068,0.0
5,0,2,0,16,4,1,0,0.9394572025052192,0.1084010840108401,0.0
48,1,2,1,21,6,5,4,0.9185803757828812,0.4769647696476965,0.0
99,1,0,0,13,4,5,5,0.8643006263048016,0.05420054200542005,1.0
13,0,2,1,6,3,5,0,0.9519832985386223,0.20596205962059622,0.0
2,0,2,0,2,4,5,0,0.8705636743215033,0.1897018970189702,0.0
11,1,0,0,13,4,5,5,0.16701461377870586,0.3848238482384824,1.0
95,0,2,1,2,4,1,3,0.8037578288100209,0.41734417344173447,1.0
64,1,2,0,20,4,5,0,0.32150313152400845,0.25474254742547425,0.0
95,0,2,2,21,3,5,4,0.8037578288100209,0.2222222222222222,0.0
11,0,2,0,14,0,5,0,0.16701461377870586,0.1842818428184282,1.0
61,0,2,0,13,3,5,5,0.4425887265135702,0.3523035230352304,0.0
64,0,2,2,19,3,5,3,0.32150313152400845,0.29268292682926833,1.0
64,0,2,2,18,2,5,1,0.32150313152400845,0.06504065040650406,0.0
48,0,2,0,21,4,5,3,0.9185803757828812,0.2872628726287263,0.0
64,0,0,0,20,0,0,0,0.32150313152400845,1.0,1.0
55,1,2,0,2,2,5,4,0.8517745302713988,0.3902439024390244,0.0
30,0,2,2,21,3,5,4,0.8914405010438415,0.10298102981029811,1.0
48,0,2,0,15,1,2,0,0.9185803757828812,0.4715447154471545,0.0
55,0,2,0,1,7,5,4,0.8517745302713988,1.0,0.0
5,0,2,0,21,4,5,0,0.9394572025052192,0.0975609756097561,0.0
103,1,2,1,20,4,5,5,0.9791231732776617,0.05420054200542005,0.0
5,0,2,0,21,2,4,3,0.9394572025052192,0.9701897018970189,0.0
48,0,2,0,14,5,5,0,0.9185803757828812,0.23306233062330622,0.0
30,1,0,0,15,4,5,5,0.8914405010438415,0.06504065040650406,0.0
70,1,0,1,17,4,5,5,0.9791231732776617,0.05962059620596205,0.0
30,1,2,3,19,4,4,3,0.8914405010438415,1.0,0.0
13,1,2,1,18,4,1,0,0.9519832985386223,0.22764227642276422,0.0
48,0,2,0,21,1,5,0,0.9185803757828812,0.17886178861788618,0.0
13,0,2,0,1,3,5,1,0.9519832985386223,0.17344173441734417,0.0
5,0,2,2,21,3,5,4,0.9394572025052192,0.04878048780487805,0.0
5,0,2,0,1,5,5,3,0.9394572025052192,0.15176151761517614,0.0
5,0,2,0,14,3,5,0,0.9394572025052192,1.0,0.0
5,0,2,0,21,5,5,0,0.9394572025052192,0.07046070460704607,0.0
29,1,2,0,0,4,5,5,0.47599164926931103,0.11924119241192412,0.0
93,1,2,0,9,4,5,4,0.40918580375782887,0.0921409214092141,1.0
5,1,0,0,0,4,5,0,0.9394572025052192,0.10298102981029811,1.0
94,0,2,0,2,7,5,1,0.6931106471816286,0.13550135501355012,0.0
5,0,2,2,6,3,5,0,0.9394572025052192,0.6016260162601625,0.0
5,0,2,0,21,1,5,4,0.9394572025052192,0.2601626016260163,0.0
47,1,0,1,13,4,5,5,0.778705636743215,0.1951219512195122,0.0
122,1,2,0,11,7,5,0,0.9290187891440502,1.0,0.0
5,1,2,0,18,3,5,0,0.9394572025052192,0.5582655826558265,0.0
47,0,1,1,15,5,4,2,0.778705636743215,0.34688346883468835,0.0
30,1,0,2,16,2,4,5,0.8914405010438415,0.4444444444444445,0.0
78,1,2,0,9,4,5,4,0.7453027139874742,0.05962059620596205,0.0
5,1,0,0,13,7,4,1,0.9394572025052192,0.1951219512195122,1.0
2,1,0,1,2,4,5,0,0.8705636743215033,0.26558265582655827,0.0
65,1,2,4,13,4,5,5,0.8956158663883091,0.5474254742547425,0.0
13,0,2,1,5,3,5,4,0.9519832985386223,0.13008130081300812,0.0
64,0,2,0,20,1,5,0,0.32150313152400845,0.08130081300813008,1.0
31,0,0,0,20,1,5,0,0.7640918580375784,0.2981029810298103,0.0
89,1,2,1,14,4,5,5,0.826722338204593,0.3523035230352304,0.0
65,0,1,0,6,5,4,4,0.8956158663883091,0.14092140921409213,0.0
48,0,1,2,21,4,5,4,0.9185803757828812,0.1842818428184282,0.0
5,0,2,0,16,4,5,3,0.9394572025052192,0.6666666666666666,0.0
49,1,0,1,1,4,5,0,0.9394572025052192,0.43902439024390244,1.0
48,0,2,0,3,1,5,0,0.9185803757828812,1.0,0.0
64,1,2,0,11,4,5,5,0.32150313152400845,0.17344173441734417,1.0
43,0,0,0,14,7,1,0,0.47599164926931103,0.24390243902439024,0.0
103,1,2,4,11,4,5,5,0.9791231732776617,0.07588075880758807,0.0
5,0,2,0,2,1,1,1,0.9394572025052192,0.23848238482384823,0.0
78,0,1,0,21,4,5,4,0.7453027139874742,0.6341463414634146,0.0
5,1,2,0,14,4,5,5,0.9394572025052192,0.11924119241192412,0.0
41,0,2,0,16,7,1,1,0.457202505219207,0.11924119241192412,0.0
64,1,0,1,17,4,5,0,0.32150313152400845,0.2005420054200542,1.0
74,0,1,1,15,7,0,0,0.8830897703549061,0.11924119241192412,0.0
101,0,2,1,21,4,5,5,0.5929018789144052,0.6016260162601625,0.0
48,0,2,2,21,4,5,4,0.9185803757828812,0.34146341463414637,0.0
64,0,2,0,15,3,5,2,0.32150313152400845,0.7046070460704607,1.0
5,0,2,0,5,5,5,3,0.9394572025052192,0.04336043360433604,0.0
13,1,0,0,18,4,5,1,0.9519832985386223,0.0921409214092141,1.0
5,0,0,1,18,1,5,0,0.9394572025052192,1.0,0.0
50,0,0,0,13,4,5,0,0.6200417536534448,0.31436314363143636,1.0
5,1,2,0,0,4,5,5,0.9394572025052192,0.027100271002710022,0.0
94,0,2,0,18,4,5,1,0.6931106471816286,0.08672086720867209,0.0
30,0,2,2,16,4,5,0,0.8914405010438415,0.0921409214092141,0.0
2,0,1,2,19,7,5,0,0.8705636743215033,0.12466124661246611,0.0
103,0,2,0,21,7,5,0,0.9791231732776617,0.05420054200542005,0.0
122,0,2,3,21,2,5,4,0.9290187891440502,0.1842818428184282,0.0
30,1,2,2,3,0,1,1,0.8914405010438415,0.07046070460704607,0.0
95,0,2,0,21,1,5,4,0.8037578288100209,0.13550135501355012,0.0
64,0,2,0,16,3,5,0,0.32150313152400845,0.7642276422764227,1.0
13,0,2,1,19,6,5,0,0.9519832985386223,0.34146341463414637,0.0
48,0,2,0,15,1,5,0,0.9185803757828812,0.29268292682926833,0.0
77,1,0,0,11,1,5,5,0.6388308977035491,1.0,0.0
48,1,2,1,15,4,5,5,0.9185803757828812,0.3523035230352304,0.0
48,0,2,0,10,4,5,4,0.9185803757828812,0.12466124661246611,0.0
5,1,0,0,13,2,2,0,0.9394572025052192,0.0975609756097561,0.0
74,1,0,0,14,4,5,0,0.8830897703549061,0.24390243902439024,1.0
4,0,2,0,16,4,5,0,0.6972860125260962,0.027100271002710022,0.0
13,0,2,2,6,0,5,1,0.9519832985386223,0.5149051490514904,0.0
13,0,2,2,12,4,5,4,0.9519832985386223,0.5582655826558265,0.0
36,0,2,0,12,4,5,4,0.536534446764092,0.1951219512195122,0.0
99,0,2,0,5,1,5,4,0.8643006263048016,0.08672086720867209,0.0
48,1,2,1,20,4,5,4,0.9185803757828812,0.30352303523035234,1.0
5,0,2,0,3,5,3,0,0.9394572025052192,0.3089430894308943,1.0
5,0,2,0,13,1,1,0,0.9394572025052192,1.0,0.0
49,0,2,2,21,7,3,0,0.9394572025052192,0.3360433604336044,0.0
95,1,0,1,2,4,5,0,0.8037578288100209,0.10298102981029811,1.0
5,1,2,0,6,1,5,2,0.9394572025052192,0.016260162601626015,0.0
30,0,2,2,15,3,5,3,0.8914405010438415,0.5474254742547425,0.0
122,1,2,0,21,4,5,4,0.9290187891440502,0.26558265582655827,0.0
5,0,2,0,21,4,5,4,0.9394572025052192,0.8617886178861789,0.0
49,0,2,0,2,1,5,1,0.9394572025052192,0.5257452574525745,0.0
48,0,2,0,8,4,5,0,0.9185803757828812,0.11924119241192412,0.0
49,1,0,0,1,5,4,0,0.9394572025052192,0.959349593495935,0.0
70,0,2,1,21,0,5,5,0.9791231732776617,0.3685636856368564,0.0
6,0,2,0,5,7,5,3,0.9478079331941547,0.8943089430894309,0.0
5,1,2,1,14,4,5,5,0.9394572025052192,0.3848238482384824,0.0
49,1,2,0,19,7,5,1,0.9394572025052192,0.07588075880758807,0.0
13,0,2,2,21,4,5,3,0.9519832985386223,0.05420054200542005,0.0
5,0,2,0,6,4,5,0,0.9394572025052192,0.2710027100271003,0.0
116,0,1,0,16,7,5,0,0.47599164926931103,0.24932249322493225,0.0
49,1,2,0,8,4,5,1,0.9394572025052192,0.05962059620596205,0.0
48,0,2,0,15,4,5,1,0.9185803757828812,0.3631436314363144,0.0
95,0,2,2,6,4,5,5,0.8037578288100209,0.7588075880758808,0.0
2,0,1,0,21,4,5,1,0.8705636743215033,0.2818428184281843,0.0
103,0,2,1,1,4,5,0,0.9791231732776617,1.0,0.0
5,1,2,0,11,2,2,0,0.9394572025052192,0.5907859078590786,0.0
30,1,2,4,20,4,5,0,0.8914405010438415,0.26558265582655827,0.0
5,0,2,0,15,2,5,0,0.9394572025052192,0.5311653116531165,0.0
5,1,2,0,7,4,5,4,0.9394572025052192,0.41734417344173447,1.0
61,0,2,0,3,1,5,2,0.4425887265135702,0.13008130081300812,0.0
64,0,2,0,5,3,5,5,0.32150313152400845,0.4444444444444445,0.0
101,0,2,0,16,1,5,0,0.5929018789144052,0.2872628726287263,0.0
5,0,2,0,1,4,5,0,0.9394572025052192,0.30352303523035234,1.0
48,1,0,1,15,4,5,0,0.9185803757828812,0.17886178861788618,1.0
43,0,2,0,12,4,1,4,0.47599164926931103,0.5691056910569106,0.0
89,0,2,0,21,1,5,4,0.826722338204593,0.12466124661246611,0.0
41,1,0,1,0,4,5,5,0.457202505219207,0.14092140921409213,0.0
5,1,2,0,7,4,5,4,0.9394572025052192,0.39566395663956644,1.0
5,1,2,0,21,4,5,4,0.9394572025052192,0.13008130081300812,1.0
48,0,2,0,14,1,5,0,0.9185803757828812,0.23306233062330622,0.0
0,0,0,2,3,5,4,5,0.7870563674321502,0.3089430894308943,0.0
82,0,0,0,14,7,0,0,0.8768267223382047,0.08672086720867209,0.0
5,0,2,0,13,4,5,5,0.9394572025052192,0.05962059620596205,1.0
1,0,1,0,10,7,0,3,0.8872651356993737,0.027100271002710022,0.0
64,0,2,0,16,3,5,2,0.32150313152400845,0.3631436314363144,1.0
30,0,2,0,13,4,5,0,0.8914405010438415,0.11382113821138211,0.0
48,0,2,2,1,7,5,0,0.9185803757828812,0.5636856368563685,0.0
48,0,2,0,18,1,1,0,0.9185803757828812,0.8834688346883468,0.0
13,0,2,2,21,4,5,4,0.9519832985386223,0.04336043360433604,0.0
94,0,2,0,2,4,5,5,0.6931106471816286,0.46070460704607047,0.0
13,1,2,4,13,4,5,5,0.9519832985386223,0.08130081300813008,0.0
48,0,2,0,15,0,5,0,0.9185803757828812,0.9268292682926829,0.0
110,0,2,0,14,5,4,0,0.5427974947807934,0.24932249322493225,1.0
64,0,0,0,13,0,0,2,0.32150313152400845,0.7642276422764227,0.0
91,0,2,2,6,4,1,0,0.9248434237995826,0.23848238482384823,0.0
95,0,2,2,21,4,5,4,0.8037578288100209,0.5149051490514904,1.0
49,0,2,0,7,6,5,5,0.9394572025052192,1.0,0.0
31,0,2,2,19,7,5,1,0.7640918580375784,0.07046070460704607,0.0
64,1,0,0,20,3,5,0,0.32150313152400845,0.8943089430894309,0.0
5,0,2,1,10,4,5,0,0.9394572025052192,0.2981029810298103,0.0
6,1,0,1,11,0,0,0,0.9478079331941547,0.39566395663956644,0.0
69,0,2,0,16,1,5,3,0.7891440501043843,0.7479674796747967,0.0
85,0,2,2,21,4,5,1,0.8893528183716073,1.0,0.0
30,0,2,2,21,4,5,0,0.8914405010438415,0.22764227642276422,0.0
91,1,0,1,16,4,5,5,0.9248434237995826,0.11382113821138211,0.0
104,0,2,0,21,2,5,4,0.47599164926931103,0.2872628726287263,0.0
91,0,2,2,21,5,5,4,0.9248434237995826,0.7696476964769647,0.0
64,1,2,0,1,4,5,4,0.32150313152400845,0.11382113821138211,1.0
80,0,2,0,4,7,0,4,0.09603340292275586,0.1897018970189702,1.0
5,0,2,0,11,7,5,0,0.9394572025052192,0.2005420054200542,0.0
5,0,2,2,19,1,1,0,0.9394572025052192,0.5149051490514904,0.0
5,1,0,1,20,4,5,5,0.9394572025052192,0.05962059620596205,0.0
120,1,2,3,21,0,5,4,0.9498956158663885,0.3685636856368564,0.0
13,1,2,0,5,0,5,0,0.9519832985386223,1.0,0.0
5,0,2,0,7,4,5,0,0.9394572025052192,0.16802168021680217,1.0
64,0,0,0,20,0,5,0,0.32150313152400845,0.3631436314363144,1.0
64,0,0,0,0,4,2,5,0.32150313152400845,0.02168021680216802,1.0
48,1,0,0,19,4,5,0,0.9185803757828812,0.11382113821138211,0.0
13,0,2,2,21,6,5,1,0.9519832985386223,0.1897018970189702,0.0
101,0,2,2,4,0,4,0,0.5929018789144052,0.16260162601626016,0.0
48,1,2,1,15,4,5,5,0.9185803757828812,0.5962059620596206,0.0
5,0,2,0,19,5,4,0,0.9394572025052192,0.23848238482384823,0.0
5,0,2,0,21,4,4,4,0.9394572025052192,0.33062330623306235,1.0
13,0,2,0,15,2,5,3,0.9519832985386223,0.5636856368563685,0.0
70,0,1,0,15,4,5,0,0.9791231732776617,1.0,0.0
64,0,2,0,11,4,5,1,0.32150313152400845,0.07046070460704607,1.0
112,0,2,0,21,0,5,4,0.9457202505219209,0.8943089430894309,0.0
48,0,2,0,21,1,2,0,0.9185803757828812,0.016260162601626015,0.0
5,0,2,0,15,4,1,0,0.9394572025052192,0.3523035230352304,0.0
30,0,2,0,4,1,5,0,0.8914405010438415,0.16260162601626016,0.0
49,0,2,0,19,4,5,0,0.9394572025052192,0.08672086720867209,0.0
13,0,1,0,3,1,5,0,0.9519832985386223,0.24390243902439024,0.0
18,1,2,0,3,1,5,0,0.3549060542797495,0.14634146341463414,0.0
49,0,2,0,13,4,0,0,0.9394572025052192,0.30352303523035234,0.0
13,0,2,0,21,1,5,1,0.9519832985386223,0.16802168021680217,0.0
11,0,1,1,14,4,5,0,0.16701461377870586,0.16802168021680217,1.0
11,0,2,2,17,4,5,0,0.16701461377870586,0.3739837398373984,0.0
5,0,2,0,21,2,5,0,0.9394572025052192,0.2872628726287263,0.0
64,0,0,0,11,4,5,0,0.32150313152400845,0.1084010840108401,1.0
5,0,2,2,21,4,5,4,0.9394572025052192,0.2764227642276423,0.0
89,0,0,0,17,4,5,1,0.826722338204593,0.5040650406504065,0.0
99,0,2,2,7,4,5,1,0.8643006263048016,0.13550135501355012,1.0
64,0,2,0,8,1,5,2,0.32150313152400845,0.2222222222222222,0.0
13,0,2,1,6,0,5,4,0.9519832985386223,0.2818428184281843,0.0
5,0,2,0,7,3,5,4,0.9394572025052192,0.6016260162601625,0.0
5,0,2,0,3,2,5,0,0.9394572025052192,0.24390243902439024,0.0
5,0,2,0,20,4,5,0,0.9394572025052192,0.5853658536585366,0.0
64,0,1,2,17,4,1,0,0.32150313152400845,0.12466124661246611,1.0
48,0,2,1,1,4,5,3,0.9185803757828812,0.2005420054200542,0.0
19,1,2,2,16,5,4,4,0.6471816283924845,0.10298102981029811,0.0
31,0,2,2,15,3,5,0,0.7640918580375784,0.16260162601626016,0.0
5,0,2,0,14,1,5,0,0.9394572025052192,0.11382113821138211,0.0
48,0,2,2,19,2,5,1,0.9185803757828812,0.3794037940379404,0.0
121,0,2,0,21,7,5,4,1.0,1.0,0.0
5,0,2,0,21,5,4,2,0.9394572025052192,0.2764227642276423,1.0
5,0,1,0,7,3,5,4,0.9394572025052192,0.4823848238482385,0.0
7,1,2,0,15,3,5,4,0.676409185803758,0.13550135501355012,0.0
5,0,2,2,8,4,1,1,0.9394572025052192,0.07046070460704607,0.0
4,1,2,0,17,4,5,5,0.6972860125260962,0.17344173441734417,1.0
5,0,2,0,3,4,5,2,0.9394572025052192,0.14634146341463414,0.0
5,0,2,2,21,4,5,2,0.9394572025052192,0.037940379403794036,1.0
21,0,2,0,18,6,5,0,0.5594989561586641,0.08672086720867209,1.0
64,0,1,0,20,0,5,0,0.32150313152400845,1.0,1.0
65,0,1,0,15,3,5,2,0.8956158663883091,0.3685636856368564,0.0
99,0,2,0,19,4,5,2,0.8643006263048016,0.4444444444444445,0.0
64,1,2,0,11,4,5,0,0.32150313152400845,0.22764227642276422,1.0
118,1,0,0,0,4,5,0,0.8246346555323592,0.13008130081300812,1.0
106,0,2,0,15,4,5,5,0.2275574112734864,0.16260162601626016,0.0
64,1,2,2,13,3,5,2,0.32150313152400845,0.14634146341463414,1.0
6,1,0,1,0,4,5,0,0.9478079331941547,0.20596205962059622,0.0
64,1,2,0,20,4,5,0,0.32150313152400845,0.07046070460704607,1.0
106,0,2,0,1,7,0,5,0.2275574112734864,0.12466124661246611,1.0
5,0,2,0,21,4,5,4,0.9394572025052192,0.04878048780487805,0.0
5,0,2,0,6,5,2,0,0.9394572025052192,1.0,0.0
26,1,0,0,15,4,5,0,0.7453027139874742,0.41192411924119243,1.0
95,0,2,2,7,4,5,0,0.8037578288100209,0.0921409214092141,0.0
5,1,0,0,0,6,5,5,0.9394572025052192,0.010840108401084009,1.0
74,0,2,2,21,1,2,0,0.8830897703549061,0.16802168021680217,0.0
48,0,2,0,5,4,5,0,0.9185803757828812,0.2710027100271003,0.0
64,0,2,0,14,4,5,0,0.32150313152400845,0.05962059620596205,1.0
48,0,2,3,21,4,5,4,0.9185803757828812,1.0,0.0
5,0,0,3,5,4,4,0,0.9394572025052192,0.15176151761517614,0.0
65,0,2,0,7,3,5,0,0.8956158663883091,0.14092140921409213,0.0
64,0,2,0,1,0,5,4,0.32150313152400845,0.5636856368563685,1.0
5,0,2,0,4,4,5,0,0.9394572025052192,1.0,0.0
5,1,2,0,19,3,5,3,0.9394572025052192,0.17886178861788618,0.0
5,0,2,0,21,4,5,0,0.9394572025052192,0.22764227642276422,1.0
95,1,0,0,13,4,5,0,0.8037578288100209,0.21138211382113822,0.0
13,0,2,2,21,4,5,0,0.9519832985386223,0.6612466124661246,0.0
64,1,0,2,15,4,5,1,0.32150313152400845,0.25474254742547425,1.0
48,0,0,0,21,0,5,4,0.9185803757828812,0.2764227642276423,0.0
48,0,2,0,21,4,5,4,0.9185803757828812,0.05962059620596205,0.0
5,0,2,0,10,3,5,4,0.9394572025052192,0.4823848238482385,0.0
41,0,2,0,18,7,2,5,0.457202505219207,0.12466124661246611,0.0
74,1,0,0,18,7,5,5,0.8830897703549061,1.0,0.0
64,0,2,2,17,7,1,0,0.32150313152400845,1.0,1.0
48,1,0,0,1,4,5,0,0.9185803757828812,0.037940379403794036,1.0
48,1,2,1,14,4,5,1,0.9185803757828812,0.14092140921409213,1.0
48,0,0,0,19,4,5,4,0.9185803757828812,0.25474254742547425,0.0
13,1,2,2,21,3,5,4,0.9519832985386223,0.02168021680216802,0.0
64,1,0,1,0,4,5,5,0.32150313152400845,0.5799457994579945,1.0
65,1,2,0,19,2,5,0,0.8956158663883091,0.2168021680216802,0.0
48,0,2,0,21,7,5,4,0.9185803757828812,0.5311653116531165,0.0
64,0,2,2,3,7,1,1,0.32150313152400845,0.13550135501355012,0.0
5,0,2,0,17,0,5,0,0.9394572025052192,0.22764227642276422,1.0
48,1,2,2,21,4,5,4,0.9185803757828812,0.17886178861788618,0.0
5,0,2,2,1,2,4,4,0.9394572025052192,0.1897018970189702,0.0
6,0,2,0,15,4,5,0,0.9478079331941547,1.0,0.0
13,1,2,2,2,4,5,2,0.9519832985386223,0.4823848238482385,0.0
64,0,2,0,14,4,5,1,0.32150313152400845,0.4932249322493225,0.0
2,0,2,1,14,0,5,0,0.8705636743215033,0.4715447154471545,0.0
95,1,0,1,13,4,5,5,0.8037578288100209,0.3360433604336044,1.0
50,1,2,0,1,4,5,5,0.6200417536534448,0.2764227642276423,0.0
5,0,2,1,5,4,5,3,0.9394572025052192,0.5040650406504065,0.0
14,0,2,1,6,7,5,0,0.665970772442589,0.027100271002710022,0.0
5,0,2,0,3,3,4,4,0.9394572025052192,0.04878048780487805,0.0
5,1,2,2,21,4,5,5,0.9394572025052192,0.3848238482384824,0.0
5,0,0,0,11,7,0,0,0.9394572025052192,0.41734417344173447,0.0
94,0,2,2,21,7,5,4,0.6931106471816286,0.07588075880758807,0.0
13,0,2,0,21,4,5,4,0.9519832985386223,0.6124661246612466,0.0
64,0,2,2,9,6,2,3,0.32150313152400845,0.4281842818428185,1.0
95,1,0,3,5,2,4,1,0.8037578288100209,0.7533875338753387,0.0
5,0,2,0,9,3,5,1,0.9394572025052192,0.027100271002710022,0.0
5,1,0,2,8,4,5,0,0.9394572025052192,0.16802168021680217,1.0
48,0,2,2,21,4,5,1,0.9185803757828812,0.21138211382113822,0.0
5,0,2,0,21,6,5,0,0.9394572025052192,0.1897018970189702,0.0
64,0,2,0,11,7,1,0,0.32150313152400845,0.1842818428184282,0.0
5,1,1,0,20,4,5,0,0.9394572025052192,0.2005420054200542,1.0
5,0,2,2,19,3,5,0,0.9394572025052192,0.9376693766937669,0.0
64,1,2,1,14,4,5,5,0.32150313152400845,0.1084010840108401,1.0
5,0,2,0,1,4,5,0,0.9394572025052192,0.11924119241192412,1.0
41,1,2,0,0,4,5,0,0.457202505219207,0.6233062330623306,1.0
5,0,2,2,1,0,1,0,0.9394572025052192,0.10298102981029811,0.0
116,0,0,0,14,4,5,0,0.47599164926931103,0.13550135501355012,1.0
30,0,2,2,1,0,5,0,0.8914405010438415,0.12466124661246611,0.0
5,0,2,0,12,4,5,4,0.9394572025052192,0.10298102981029811,1.0
48,0,2,2,21,2,4,0,0.9185803757828812,0.5149051490514904,0.0
48,0,2,0,21,4,5,4,0.9185803757828812,0.7262872628726287,0.0
103,1,2,0,6,7,5,4,0.9791231732776617,0.6124661246612466,0.0
64,1,0,0,11,4,5,5,0.32150313152400845,0.21138211382113822,0.0
64,1,0,0,13,4,5,5,0.32150313152400845,0.34146341463414637,0.0
48,0,2,0,21,4,5,0,0.9185803757828812,0.07588075880758807,0.0
64,0,2,0,13,4,5,0,0.32150313152400845,1.0,0.0
5,0,2,0,6,3,5,0,0.9394572025052192,0.037940379403794036,0.0
5,0,2,0,21,5,5,1,0.9394572025052192,0.20596205962059622,0.0
99,1,2,3,21,4,4,4,0.8643006263048016,0.14092140921409213,0.0
5,0,2,2,13,4,5,0,0.9394572025052192,0.15176151761517614,1.0
5,0,2,0,16,4,1,0,0.9394572025052192,0.016260162601626015,0.0
5,0,2,0,21,4,5,4,0.9394572025052192,0.1842818428184282,1.0
64,1,2,0,20,7,5,0,0.32150313152400845,0.5582655826558265,1.0
5,1,2,0,9,4,5,4,0.9394572025052192,0.2005420054200542,0.0
64,0,2,2,19,3,5,4,0.32150313152400845,0.027100271002710022,1.0
121,0,2,2,21,4,5,4,1.0,0.48780487804878053,0.0
64,0,2,0,19,2,5,0,0.32150313152400845,0.05420054200542005,1.0
41,0,2,0,19,4,0,0,0.457202505219207,0.3360433604336044,0.0
91,0,2,0,1,0,5,0,0.9248434237995826,0.2981029810298103,0.0
120,0,2,0,21,1,5,4,0.9498956158663885,0.3360433604336044,0.0
95,0,2,2,6,0,5,4,0.8037578288100209,0.9485094850948509,0.0
64,0,2,0,14,4,5,0,0.32150313152400845,0.11924119241192412,1.0
116,0,0,0,19,7,2,0,0.47599164926931103,1.0,0.0
5,0,2,0,21,2,5,4,0.9394572025052192,1.0,0.0
101,1,2,0,0,4,5,0,0.5929018789144052,0.6449864498644986,1.0
103,0,2,0,10,1,5,1,0.9791231732776617,1.0,0.0
5,0,2,0,21,0,0,1,0.9394572025052192,0.22764227642276422,0.0
64,0,1,0,13,0,5,2,0.32150313152400845,0.20596205962059622,0.0
30,0,2,0,21,0,5,4,0.8914405010438415,0.11924119241192412,0.0
5,0,2,0,13,4,5,5,0.9394572025052192,0.14634146341463414,0.0
3,0,2,0,15,2,5,1,0.1837160751565763,0.4769647696476965,0.0
13,1,1,0,15,3,5,0,0.9519832985386223,0.3089430894308943,0.0
5,0,2,0,21,4,5,0,0.9394572025052192,0.1842818428184282,0.0
50,1,0,1,17,4,5,0,0.6200417536534448,0.05962059620596205,0.0
31,1,2,1,15,4,5,5,0.7640918580375784,0.40650406504065045,0.0
48,0,2,0,6,5,5,0,0.9185803757828812,0.005420054200542005,0.0
48,0,2,0,15,4,5,2,0.9185803757828812,0.14634146341463414,0.0
5,0,2,0,2,4,5,1,0.9394572025052192,0.41734417344173447,1.0
68,0,2,0,16,1,5,0,0.47599164926931103,0.11382113821138211,0.0
29,1,2,0,13,4,5,0,0.47599164926931103,1.0,1.0
13,0,2,2,21,1,5,2,0.9519832985386223,0.2981029810298103,0.0
48,1,0,2,0,4,4,0,0.9185803757828812,0.24390243902439024,0.0
64,1,0,2,11,4,5,5,0.32150313152400845,0.037940379403794036,0.0
5,0,2,0,19,5,5,0,0.9394572025052192,0.14634146341463414,0.0
64,1,0,1,14,4,5,5,0.32150313152400845,0.34146341463414637,1.0
30,0,2,2,3,7,1,1,0.8914405010438415,0.6070460704607046,0.0
82,0,2,1,7,2,5,2,0.8768267223382047,0.25474254742547425,0.0
5,0,2,2,21,0,1,1,0.9394572025052192,1.0,0.0
64,0,2,2,13,1,5,1,0.32150313152400845,0.06504065040650406,1.0
5,0,2,0,1,1,5,1,0.9394572025052192,0.12466124661246611,0.0
49,0,2,2,5,1,5,0,0.9394572025052192,0.9268292682926829,0.0
1,0,2,2,6,1,4,0,0.8872651356993737,0.016260162601626015,0.0
64,0,2,0,4,3,5,2,0.32150313152400845,0.2818428184281843,1.0
2,0,2,2,6,4,4,3,0.8705636743215033,0.12466124661246611,0.0
39,0,2,0,18,0,5,1,0.1774530271398751,0.15176151761517614,1.0
3,0,0,0,0,4,5,0,0.1837160751565763,0.1897018970189702,1.0
69,0,2,0,1,4,5,5,0.7891440501043843,0.14092140921409213,0.0
48,0,2,0,8,1,5,4,0.9185803757828812,0.10298102981029811,0.0
5,0,2,0,15,4,4,2,0.9394572025052192,1.0,0.0
2,1,2,2,21,1,5,0,0.8705636743215033,0.34146341463414637,0.0
6,1,0,0,13,4,5,4,0.9478079331941547,1.0,0.0
13,1,2,2,1,4,5,1,0.9519832985386223,0.23848238482384823,1.0
5,0,2,0,17,3,5,0,0.9394572025052192,0.46070460704607047,0.0
5,0,2,0,21,2,5,4,0.9394572025052192,0.12466124661246611,0.0
6,0,2,1,21,3,5,3,0.9478079331941547,0.11924119241192412,0.0
103,0,2,2,16,6,2,0,0.9791231732776617,0.04336043360433604,0.0
103,0,2,2,10,3,5,0,0.9791231732776617,1.0,0.0
5,1,2,1,19,4,5,5,0.9394572025052192,0.10298102981029811,0.0
5,0,2,0,7,2,5,4,0.9394572025052192,0.11382113821138211,0.0
82,1,0,1,14,4,5,5,0.8768267223382047,1.0,1.0
13,0,2,2,21,4,5,0,0.9519832985386223,0.5691056910569106,0.0
5,0,2,2,8,3,5,4,0.9394572025052192,0.8509485094850948,0.0
5,0,2,0,12,3,5,1,0.9394572025052192,0.25474254742547425,0.0
18,0,0,1,13,1,5,5,0.3549060542797495,0.2981029810298103,0.0
30,1,0,2,15,4,5,0,0.8914405010438415,0.1084010840108401,0.0
48,0,2,2,17,3,5,4,0.9185803757828812,0.26558265582655827,1.0
5,0,2,1,13,4,5,0,0.9394572025052192,0.1897018970189702,0.0
55,0,2,0,7,3,5,0,0.8517745302713988,0.5365853658536585,0.0
30,0,2,2,7,7,0,1,0.8914405010438415,0.07046070460704607,0.0
49,0,2,2,21,4,5,4,0.9394572025052192,0.29268292682926833,0.0
112,1,0,0,11,1,5,0,0.9457202505219209,0.13008130081300812,0.0
48,0,2,0,21,4,5,1,0.9185803757828812,0.6341463414634146,0.0
5,1,0,0,16,4,5,1,0.9394572025052192,0.010840108401084009,1.0
30,0,2,2,10,2,5,4,0.8914405010438415,0.25474254742547425,0.0
5,0,2,0,21,4,5,1,0.9394572025052192,0.037940379403794036,0.0
7,1,1,0,0,4,5,0,0.676409185803758,0.04336043360433604,0.0
13,0,2,0,1,2,5,0,0.9519832985386223,1.0,0.0
101,0,2,0,4,1,4,4,0.5929018789144052,0.04336043360433604,0.0
64,1,2,4,11,4,5,5,0.32150313152400845,0.05962059620596205,1.0
38,0,2,0,13,1,5,1,0.7724425887265136,0.03252032520325203,0.0
55,1,1,1,21,2,5,4,0.8517745302713988,1.0,0.0
5,0,2,0,16,0,5,1,0.9394572025052192,1.0,0.0
13,0,2,0,15,4,5,0,0.9519832985386223,0.027100271002710022,0.0
49,0,0,0,6,4,5,0,0.9394572025052192,0.6395663956639566,0.0
13,0,2,0,8,6,5,4,0.9519832985386223,0.010840108401084009,0.0
13,1,0,0,16,3,5,0,0.9519832985386223,0.08130081300813008,0.0
7,0,2,2,2,4,5,0,0.676409185803758,0.0921409214092141,1.0
5,0,2,0,21,2,4,4,0.9394572025052192,0.04336043360433604,0.0
2,1,0,0,17,4,5,4,0.8705636743215033,0.8401084010840109,1.0
120,1,0,0,16,4,5,1,0.9498956158663885,0.027100271002710022,1.0
13,0,2,2,5,1,5,0,0.9519832985386223,0.5691056910569106,0.0
5,0,2,0,7,0,1,3,0.9394572025052192,0.05962059620596205,0.0
24,1,0,1,14,4,5,5,0.11899791231732793,0.2981029810298103,1.0
47,1,0,1,11,4,5,1,0.778705636743215,0.25474254742547425,0.0
5,0,2,0,5,7,5,0,0.9394572025052192,0.6449864498644986,0.0
5,0,2,1,14,4,5,5,0.9394572025052192,0.2981029810298103,0.0
103,0,2,0,1,0,5,0,0.9791231732776617,0.2222222222222222,0.0
47,0,0,2,18,4,5,0,0.778705636743215,0.0,0.0
64,1,0,0,15,4,5,5,0.32150313152400845,0.21138211382113822,1.0
64,1,0,1,0,4,5,5,0.32150313152400845,0.04336043360433604,1.0
5,0,2,0,18,2,2,1,0.9394572025052192,0.26558265582655827,0.0
98,0,0,0,19,4,5,0,0.47599164926931103,0.5094850948509485,1.0
6,0,2,0,21,1,5,0,0.9478079331941547,0.22764227642276422,0.0
5,1,2,0,20,4,5,5,0.9394572025052192,0.42276422764227645,0.0
82,0,2,0,21,7,5,4,0.8768267223382047,0.5799457994579945,0.0
64,1,2,2,15,4,4,1,0.32150313152400845,0.7588075880758808,1.0
5,0,2,0,19,0,5,0,0.9394572025052192,0.34688346883468835,0.0
64,0,2,0,13,4,1,0,0.32150313152400845,0.037940379403794036,1.0
49,0,2,0,4,7,0,1,0.9394572025052192,0.29268292682926833,0.0
82,1,0,0,15,4,5,2,0.8768267223382047,0.4769647696476965,1.0
70,0,2,2,21,3,5,4,0.9791231732776617,0.04336043360433604,0.0
112,0,2,0,15,7,5,2,0.9457202505219209,0.24390243902439024,0.0
5,0,2,0,0,5,5,0,0.9394572025052192,0.8292682926829268,0.0
13,0,2,2,2,3,5,1,0.9519832985386223,0.5257452574525745,0.0
116,0,2,0,2,4,5,0,0.47599164926931103,0.24932249322493225,0.0
5,1,0,0,18,4,1,3,0.9394572025052192,0.17344173441734417,0.0
5,0,0,0,5,7,5,4,0.9394572025052192,0.11924119241192412,0.0
49,0,2,0,21,4,5,0,0.9394572025052192,0.4715447154471545,1.0
70,1,2,1,13,1,5,2,0.9791231732776617,0.29268292682926833,0.0
48,0,2,0,12,4,5,0,0.9185803757828812,0.0975609756097561,0.0
64,1,2,0,0,4,5,0,0.32150313152400845,0.41734417344173447,1.0
48,1,2,2,5,3,2,4,0.9185803757828812,0.4715447154471545,0.0
13,0,2,0,1,2,5,5,0.9519832985386223,0.08130081300813008,0.0
64,0,0,0,16,4,5,0,0.32150313152400845,0.7750677506775068,0.0
5,1,0,0,14,4,5,0,0.9394572025052192,0.07046070460704607,1.0
5,0,2,0,1,4,5,0,0.9394572025052192,0.08130081300813008,1.0
5,0,2,2,19,3,5,0,0.9394572025052192,0.04878048780487805,0.0
13,0,2,2,5,4,5,3,0.9519832985386223,1.0,0.0
13,0,2,0,16,4,5,0,0.9519832985386223,1.0,0.0
5,0,2,0,2,4,5,2,0.9394572025052192,0.33062330623306235,0.0
13,0,1,1,15,5,5,0,0.9519832985386223,0.10298102981029811,0.0
6,0,2,3,21,3,5,4,0.9478079331941547,0.05962059620596205,0.0
64,0,0,2,19,4,5,5,0.32150313152400845,0.10298102981029811,0.0
24,0,2,0,19,4,5,3,0.11899791231732793,0.08130081300813008,0.0
49,0,2,0,21,3,4,4,0.9394572025052192,0.3685636856368564,0.0
5,0,2,0,15,7,1,1,0.9394572025052192,0.5528455284552846,0.0
5,0,0,0,19,4,5,0,0.9394572025052192,0.9051490514905148,0.0
5,0,2,0,12,6,5,0,0.9394572025052192,0.5907859078590786,0.0
100,0,1,0,15,7,0,0,0.6784968684759918,0.4281842818428185,0.0
103,1,2,2,1,4,5,5,0.9791231732776617,0.06504065040650406,0.0
121,1,2,0,14,4,5,1,1.0,0.3631436314363144,1.0
101,0,2,0,18,1,5,4,0.5929018789144052,0.016260162601626015,1.0
49,1,2,0,21,4,5,4,0.9394572025052192,1.0,1.0
5,0,2,0,5,4,5,0,0.9394572025052192,0.23306233062330622,0.0
95,0,2,2,7,1,2,0,0.8037578288100209,0.6124661246612466,0.0
3,1,2,0,13,1,5,0,0.1837160751565763,0.5853658536585366,1.0
49,1,0,0,15,4,5,0,0.9394572025052192,0.41734417344173447,1.0
5,0,2,0,21,4,4,1,0.9394572025052192,0.037940379403794036,0.0
103,0,2,0,1,0,5,1,0.9791231732776617,0.6612466124661246,0.0
48,0,2,0,21,4,5,5,0.9185803757828812,0.5907859078590786,1.0
97,0,0,2,14,4,5,0,0.3695198329853864,0.13550135501355012,1.0
31,0,0,2,21,5,5,4,0.7640918580375784,0.15176151761517614,0.0
48,0,2,0,5,4,5,0,0.9185803757828812,0.23848238482384823,0.0
2,0,2,2,6,4,5,4,0.8705636743215033,1.0,0.0
13,0,2,2,7,3,5,0,0.9519832985386223,0.0975609756097561,0.0
64,0,2,2,19,2,5,4,0.32150313152400845,0.04878048780487805,0.0
77,0,2,1,7,1,1,4,0.6388308977035491,0.40650406504065045,0.0
64,1,2,4,11,4,5,5,0.32150313152400845,1.0,0.0
13,1,1,2,7,2,2,4,0.9519832985386223,0.5420054200542005,0.0
87,0,2,0,15,4,5,0,0.8058455114822547,0.4444444444444445,0.0
64,0,2,0,19,2,5,3,0.32150313152400845,0.14634146341463414,1.0
5,1,2,0,21,2,5,0,0.9394572025052192,0.24932249322493225,0.0
30,0,2,2,19,5,5,1,0.8914405010438415,0.06504065040650406,0.0
37,1,2,1,20,4,5,5,0.5636743215031317,1.0,0.0
21,0,0,0,15,4,5,0,0.5594989561586641,0.06504065040650406,0.0
64,0,2,2,14,5,5,0,0.32150313152400845,0.12466124661246611,0.0
99,0,2,2,4,2,5,4,0.8643006263048016,0.1897018970189702,0.0
48,0,2,0,1,3,5,2,0.9185803757828812,0.15176151761517614,0.0
5,0,2,4,21,2,5,4,0.9394572025052192,0.4715447154471545,0.0
86,0,2,0,4,3,5,0,0.5636743215031317,0.3360433604336044,1.0
97,0,2,2,13,3,5,0,0.3695198329853864,0.41192411924119243,0.0
61,0,2,0,17,6,5,0,0.4425887265135702,0.11924119241192412,1.0
101,0,2,0,18,1,5,1,0.5929018789144052,0.5474254742547425,0.0
103,0,2,0,10,3,5,0,0.9791231732776617,0.17344173441734417,0.0
51,0,2,2,1,1,5,5,0.9039665970772444,0.40650406504065045,0.0
47,0,2,0,5,7,5,3,0.778705636743215,1.0,0.0
51,0,0,0,14,6,5,5,0.9039665970772444,0.2981029810298103,0.0
6,0,2,0,17,2,5,2,0.9478079331941547,0.0975609756097561,0.0
95,1,0,1,11,3,5,0,0.8037578288100209,0.027100271002710022,0.0
13,0,2,0,3,1,5,3,0.9519832985386223,0.43902439024390244,0.0
11,0,1,0,8,0,1,0,0.16701461377870586,0.5257452574525745,0.0
98,0,0,0,14,1,5,1,0.47599164926931103,0.6666666666666666,0.0
5,0,2,2,21,4,5,4,0.9394572025052192,0.7100271002710027,0.0
91,1,0,2,14,4,5,0,0.9248434237995826,0.11924119241192412,1.0
64,1,0,1,11,4,5,5,0.32150313152400845,0.22764227642276422,0.0
5,0,2,0,14,1,5,2,0.9394572025052192,0.3739837398373984,0.0
58,1,2,1,11,4,5,0,0.08768267223382065,0.8401084010840109,1.0
49,0,2,0,4,4,5,1,0.9394572025052192,0.8726287262872628,0.0
64,0,2,0,17,3,5,2,0.32150313152400845,1.0,1.0
49,1,2,0,11,4,5,5,0.9394572025052192,0.4444444444444445,0.0
2,0,2,2,21,7,5,0,0.8705636743215033,0.11924119241192412,0.0
5,1,2,0,20,4,5,0,0.9394572025052192,0.9701897018970189,0.0
49,0,2,0,13,7,1,0,0.9394572025052192,0.31978319783197834,0.0
47,0,2,0,17,7,5,0,0.778705636743215,0.5745257452574526,0.0
41,0,2,4,7,4,5,4,0.457202505219207,0.8292682926829268,0.0
95,1,2,1,13,4,5,5,0.8037578288100209,0.05962059620596205,1.0
103,0,2,2,21,2,5,4,0.9791231732776617,0.48780487804878053,0.0
82,0,2,0,19,1,5,4,0.8768267223382047,0.0975609756097561,0.0
40,0,2,0,15,1,5,1,0.5532359081419624,0.2222222222222222,1.0
49,0,2,0,19,4,5,0,0.9394572025052192,0.5636856368563685,0.0
13,1,0,2,21,6,3,3,0.9519832985386223,0.5799457994579945,1.0
70,0,2,2,16,1,5,0,0.9791231732776617,0.5149051490514904,0.0
30,1,2,2,9,1,1,0,0.8914405010438415,0.24932249322493225,0.0
64,0,2,0,13,4,0,0,0.32150313152400845,0.04878048780487805,0.0
36,0,0,0,17,4,5,4,0.536534446764092,0.12466124661246611,0.0
103,0,2,0,21,2,5,0,0.9791231732776617,1.0,1.0
39,0,2,0,21,4,5,4,0.1774530271398751,0.03252032520325203,1.0
61,1,2,0,0,4,5,5,0.4425887265135702,1.0,1.0
95,0,2,2,19,4,1,0,0.8037578288100209,0.6016260162601625,0.0
48,0,2,0,6,4,5,1,0.9185803757828812,0.30352303523035234,0.0
48,0,2,2,21,1,5,4,0.9185803757828812,0.07046070460704607,0.0
49,0,2,0,11,3,5,0,0.9394572025052192,0.12466124661246611,0.0
17,1,2,0,11,4,4,1,0.5260960334029228,0.5474254742547425,0.0
64,0,0,0,16,1,5,1,0.32150313152400845,0.06504065040650406,1.0
13,0,2,2,12,2,5,4,0.9519832985386223,0.2872628726287263,0.0
49,1,0,1,14,4,5,0,0.9394572025052192,0.8238482384823848,1.0
48,0,2,0,6,4,5,4,0.9185803757828812,0.24932249322493225,0.0
49,0,2,0,17,0,5,0,0.9394572025052192,0.22764227642276422,0.0
5,0,2,0,1,0,5,0,0.9394572025052192,0.1084010840108401,1.0
64,0,0,0,13,4,5,0,0.32150313152400845,1.0,1.0
5,0,2,0,13,2,5,1,0.9394572025052192,0.7804878048780487,0.0
5,0,2,0,7,3,5,4,0.9394572025052192,0.12466124661246611,0.0
3,1,0,0,16,4,5,0,0.1837160751565763,0.5365853658536585,1.0
64,0,2,0,19,4,5,1,0.32150313152400845,0.14634146341463414,0.0
83,0,2,2,13,1,5,2,0.6096033402922756,0.3523035230352304,0.0
66,1,2,0,20,4,5,0,0.47599164926931103,0.08672086720867209,0.0
64,1,2,0,20,3,5,0,0.32150313152400845,0.41192411924119243,1.0
64,1,2,1,11,4,5,5,0.32150313152400845,0.44986449864498645,0.0
114,0,2,0,16,1,4,5,0.9498956158663885,0.4281842818428185,0.0
5,0,2,0,21,4,5,1,0.9394572025052192,0.5365853658536585,0.0
38,1,2,1,13,4,5,5,0.7724425887265136,0.07046070460704607,0.0
74,0,0,0,15,5,5,0,0.8830897703549061,0.10298102981029811,0.0
5,0,2,0,15,1,2,0,0.9394572025052192,0.4552845528455285,0.0
48,0,2,2,1,3,5,0,0.9185803757828812,0.0921409214092141,0.0
112,1,2,0,21,4,5,4,0.9457202505219209,0.07046070460704607,0.0
48,0,2,0,16,3,5,0,0.9185803757828812,0.010840108401084009,0.0
5,0,2,2,6,3,5,4,0.9394572025052192,0.29268292682926833,0.0
85,1,0,1,14,4,5,1,0.8893528183716073,0.05420054200542005,0.0
5,0,2,0,4,6,5,4,0.9394572025052192,0.05962059620596205,0.0
103,1,2,0,13,2,5,1,0.9791231732776617,0.991869918699187,0.0
64,0,2,2,15,1,5,0,0.32150313152400845,0.4661246612466125,1.0
13,0,2,2,17,0,0,0,0.9519832985386223,0.08672086720867209,0.0
49,0,0,0,2,4,5,0,0.9394572025052192,0.9159891598915989,0.0
5,0,2,0,17,4,5,3,0.9394572025052192,0.3902439024390244,0.0
64,0,2,0,17,4,5,0,0.32150313152400845,0.4715447154471545,0.0
64,0,0,0,14,0,0,0,0.32150313152400845,0.04878048780487805,0.0
5,0,0,0,11,1,5,0,0.9394572025052192,0.8780487804878049,0.0
55,0,2,1,1,7,5,5,0.8517745302713988,0.2710027100271003,1.0
11,0,2,0,15,4,5,0,0.16701461377870586,0.027100271002710022,0.0
114,1,0,0,0,4,5,0,0.9498956158663885,0.5474254742547425,1.0
13,1,0,1,1,0,0,0,0.9519832985386223,0.39566395663956644,1.0
5,0,2,0,13,4,5,0,0.9394572025052192,0.07046070460704607,0.0
64,0,2,0,18,4,5,4,0.32150313152400845,0.4281842818428185,0.0
91,0,2,2,21,4,5,2,0.9248434237995826,0.08130081300813008,0.0
47,0,2,0,5,1,0,1,0.778705636743215,0.11382113821138211,0.0
49,0,2,0,2,7,5,5,0.9394572025052192,0.8943089430894309,1.0
5,0,2,0,16,4,5,4,0.9394572025052192,0.8943089430894309,0.0
48,0,2,2,10,4,5,0,0.9185803757828812,1.0,0.0
6,0,2,0,7,2,5,1,0.9478079331941547,0.16802168021680217,0.0
74,0,1,0,5,0,5,4,0.8830897703549061,0.08672086720867209,0.0
5,1,0,1,15,0,4,0,0.9394572025052192,0.08672086720867209,1.0
99,0,2,0,16,0,0,0,0.8643006263048016,0.4769647696476965,0.0
5,0,2,0,6,4,5,0,0.9394572025052192,0.1842818428184282,0.0
48,0,2,0,13,4,1,0,0.9185803757828812,1.0,0.0
93,0,2,0,8,6,5,0,0.40918580375782887,0.5962059620596206,0.0
49,1,0,0,17,1,5,0,0.9394572025052192,0.8455284552845528,0.0
5,1,2,0,13,4,5,1,0.9394572025052192,0.3848238482384824,1.0
49,0,2,0,21,4,5,0,0.9394572025052192,0.6233062330623306,0.0
64,1,1,1,20,4,5,5,0.32150313152400845,0.26558265582655827,0.0
112,0,1,1,0,4,5,0,0.9457202505219209,1.0,0.0
5,1,2,3,5,2,2,0,0.9394572025052192,0.29268292682926833,0.0
6,0,2,2,10,2,5,1,0.9478079331941547,0.3739837398373984,0.0
48,0,2,0,14,0,5,1,0.9185803757828812,0.23848238482384823,0.0
2,0,2,1,18,4,5,0,0.8705636743215033,0.4932249322493225,0.0
122,0,2,1,11,4,5,0,0.9290187891440502,0.20596205962059622,0.0
2,0,2,2,1,1,5,3,0.8705636743215033,0.35772357723577236,1.0
2,1,2,2,21,2,4,4,0.8705636743215033,0.010840108401084009,1.0
86,0,2,0,7,2,5,4,0.5636743215031317,0.2601626016260163,0.0
64,0,2,0,11,7,5,5,0.32150313152400845,0.3252032520325204,1.0
99,0,2,2,11,7,5,1,0.8643006263048016,0.04878048780487805,0.0
5,1,0,1,13,4,5,0,0.9394572025052192,0.21138211382113822,1.0
5,0,2,2,21,3,5,1,0.9394572025052192,0.17886178861788618,1.0
48,1,2,0,13,4,5,5,0.9185803757828812,0.12466124661246611,0.0
14,1,0,0,0,3,5,0,0.665970772442589,0.010840108401084009,0.0
7,0,2,2,7,1,5,4,0.676409185803758,0.23306233062330622,0.0
13,1,2,2,21,3,5,4,0.9519832985386223,0.23848238482384823,0.0
5,0,0,0,21,4,1,4,0.9394572025052192,0.12466124661246611,0.0
64,1,0,1,15,4,5,5,0.32150313152400845,0.027100271002710022,0.0
30,0,2,3,1,1,5,4,0.8914405010438415,1.0,0.0
115,0,2,0,19,0,1,0,0.5699373695198331,0.42276422764227645,0.0
6,1,0,0,13,4,5,0,0.9478079331941547,0.41734417344173447,0.0
74,0,1,0,18,0,4,0,0.8830897703549061,0.11924119241192412,0.0
89,0,2,2,15,1,5,0,0.826722338204593,0.7859078590785907,0.0
49,0,2,0,17,0,5,1,0.9394572025052192,0.6016260162601625,0.0
5,0,2,4,15,2,5,5,0.9394572025052192,0.16260162601626016,0.0
64,1,2,0,17,4,5,5,0.32150313152400845,0.24390243902439024,1.0
64,1,0,1,16,4,5,5,0.32150313152400845,0.1084010840108401,0.0
5,0,2,0,6,4,5,0,0.9394572025052192,0.42276422764227645,0.0
64,0,0,2,14,3,5,0,0.32150313152400845,0.4932249322493225,0.0
5,0,2,0,7,4,5,2,0.9394572025052192,1.0,0.0
27,0,2,0,17,7,5,4,0.43841336116910257,0.027100271002710022,0.0
5,0,2,0,8,6,5,0,0.9394572025052192,0.6720867208672087,0.0
64,0,0,0,15,3,5,0,0.32150313152400845,0.26558265582655827,0.0
116,1,2,2,0,0,5,0,0.47599164926931103,0.24932249322493225,0.0
5,1,2,0,15,3,5,0,0.9394572025052192,1.0,0.0
64,0,2,0,17,4,5,1,0.32150313152400845,0.15176151761517614,0.0
48,0,2,0,18,4,5,2,0.9185803757828812,0.4444444444444445,0.0
13,0,2,0,19,4,5,1,0.9519832985386223,0.41192411924119243,0.0
49,0,1,0,14,4,5,0,0.9394572025052192,0.33062330623306235,0.0
5,0,1,0,17,3,5,2,0.9394572025052192,0.14634146341463414,0.0
5,1,0,0,17,4,5,2,0.9394572025052192,0.016260162601626015,1.0
48,0,2,0,18,7,5,2,0.9185803757828812,0.41734417344173447,1.0
5,1,2,0,14,4,5,1,0.9394572025052192,0.8943089430894309,0.0
94,0,1,0,16,3,5,1,0.6931106471816286,0.21138211382113822,0.0
100,0,2,1,13,4,5,5,0.6784968684759918,0.23848238482384823,0.0
91,1,2,0,13,4,5,4,0.9248434237995826,0.5311653116531165,1.0
112,0,2,0,19,7,0,1,0.9457202505219209,0.23848238482384823,0.0
119,0,2,0,21,3,5,4,0.47599164926931103,0.43360433604336046,0.0
77,1,0,1,15,4,5,5,0.6388308977035491,0.2981029810298103,1.0
65,0,2,1,14,7,0,5,0.8956158663883091,0.23848238482384823,0.0
116,1,0,2,20,4,2,0,0.47599164926931103,0.15176151761517614,0.0
55,0,2,0,5,4,5,4,0.8517745302713988,0.5962059620596206,0.0
64,1,2,0,20,3,4,0,0.32150313152400845,1.0,1.0
5,1,0,0,15,4,5,0,0.9394572025052192,0.3902439024390244,1.0
48,0,2,2,2,4,5,3,0.9185803757828812,0.3631436314363144,0.0
64,0,2,0,17,0,5,2,0.32150313152400845,0.08672086720867209,1.0
48,0,2,0,7,0,5,1,0.9185803757828812,0.7533875338753387,0.0
5,1,2,0,13,4,5,5,0.9394572025052192,0.9376693766937669,0.0
74,0,2,0,15,0,5,1,0.8830897703549061,0.29268292682926833,0.0
6,0,2,2,13,6,5,0,0.9478079331941547,0.5474254742547425,0.0
1,0,2,0,14,4,5,0,0.8872651356993737,0.6666666666666666,0.0
65,0,2,1,11,4,1,0,0.8956158663883091,0.016260162601626015,0.0
64,1,0,1,13,4,5,5,0.32150313152400845,0.8130081300813008,1.0
103,0,2,0,8,4,5,0,0.9791231732776617,0.31978319783197834,0.0
5,1,2,4,20,4,5,5,0.9394572025052192,0.037940379403794036,0.0
5,1,2,4,14,4,5,5,0.9394572025052192,0.02168021680216802,0.0
103,0,2,0,18,4,5,0,0.9791231732776617,0.16260162601626016,0.0
6,0,2,0,7,4,5,1,0.9478079331941547,0.41734417344173447,0.0
4,0,2,0,6,2,5,0,0.6972860125260962,0.2710027100271003,0.0
74,0,2,0,21,1,5,4,0.8830897703549061,0.2005420054200542,0.0
83,0,0,1,11,7,1,1,0.6096033402922756,0.1897018970189702,0.0
74,0,2,0,13,0,5,0,0.8830897703549061,1.0,0.0
91,0,2,0,21,7,5,1,0.9248434237995826,0.010840108401084009,1.0
5,1,2,2,7,3,2,0,0.9394572025052192,1.0,0.0
99,1,0,0,15,4,5,0,0.8643006263048016,0.037940379403794036,1.0
116,0,1,1,3,4,5,3,0.47599164926931103,0.16260162601626016,0.0
121,0,2,0,7,2,5,2,1.0,0.3089430894308943,0.0
5,0,2,0,21,6,5,4,0.9394572025052192,0.25474254742547425,0.0
13,1,0,1,0,4,5,5,0.9519832985386223,0.037940379403794036,0.0
103,0,1,0,1,7,5,2,0.9791231732776617,0.3631436314363144,0.0
5,1,2,1,19,4,5,0,0.9394572025052192,0.43360433604336046,0.0
13,0,2,0,3,7,5,1,0.9519832985386223,0.12466124661246611,0.0
5,0,2,0,15,4,5,0,0.9394572025052192,0.13550135501355012,0.0
61,1,2,0,15,4,5,0,0.4425887265135702,0.4281842818428185,0.0
13,1,0,0,14,4,5,5,0.9519832985386223,0.1951219512195122,0.0
11,0,2,0,14,4,1,1,0.16701461377870586,0.15718157181571815,1.0
24,1,2,0,11,4,1,0,0.11899791231732793,1.0,0.0
103,0,2,0,3,6,4,3,0.9791231732776617,0.06504065040650406,0.0
50,0,2,0,21,7,5,1,0.6200417536534448,0.14634146341463414,0.0
95,1,2,2,6,4,5,1,0.8037578288100209,0.11924119241192412,0.0
5,0,2,0,6,4,1,1,0.9394572025052192,0.16260162601626016,0.0
6,0,2,2,13,7,0,1,0.9478079331941547,0.03252032520325203,0.0
5,0,2,0,21,4,5,0,0.9394572025052192,0.016260162601626015,0.0
24,1,1,0,0,4,5,5,0.11899791231732793,0.46070460704607047,0.0
103,0,1,2,21,4,5,4,0.9791231732776617,0.4281842818428185,0.0
48,0,2,1,21,4,5,0,0.9185803757828812,0.21138211382113822,0.0
113,0,0,0,16,4,5,0,0.47599164926931103,0.06504065040650406,1.0
5,0,2,2,19,1,1,0,0.9394572025052192,0.2764227642276423,0.0
49,1,0,1,11,4,5,0,0.9394572025052192,0.7696476964769647,1.0
39,1,2,0,0,4,5,5,0.1774530271398751,0.13550135501355012,1.0
48,0,2,0,15,6,5,0,0.9185803757828812,0.5040650406504065,0.0
102,1,0,1,14,4,5,5,0.2275574112734864,0.2005420054200542,0.0
64,0,2,0,0,6,5,0,0.32150313152400845,0.3631436314363144,1.0
85,0,2,2,21,4,5,0,0.8893528183716073,0.04336043360433604,0.0
78,0,2,0,15,7,5,1,0.7453027139874742,0.17344173441734417,1.0
48,0,2,0,19,0,5,1,0.9185803757828812,0.1084010840108401,0.0
13,0,2,1,21,7,5,5,0.9519832985386223,0.05962059620596205,0.0
93,0,2,0,16,1,5,1,0.40918580375782887,0.07046070460704607,0.0
102,0,2,0,15,4,5,0,0.2275574112734864,0.08130081300813008,1.0
64,0,2,2,5,4,1,0,0.32150313152400845,1.0,0.0
5,0,2,2,15,6,5,1,0.9394572025052192,0.010840108401084009,0.0
99,0,2,0,21,3,5,4,0.8643006263048016,0.4281842818428185,0.0
13,0,2,2,2,4,5,2,0.9519832985386223,0.2168021680216802,0.0
64,0,2,0,13,0,5,0,0.32150313152400845,0.8401084010840109,1.0
5,0,2,2,19,3,5,1,0.9394572025052192,0.8401084010840109,0.0
49,0,2,2,9,4,5,3,0.9394572025052192,0.5853658536585366,0.0
48,1,0,0,15,4,5,3,0.9185803757828812,0.04878048780487805,1.0
4,1,2,0,21,4,5,0,0.6972860125260962,0.4769647696476965,1.0
4,0,2,0,15,4,5,5,0.6972860125260962,0.33062330623306235,0.0
64,0,2,0,11,4,5,1,0.32150313152400845,1.0,0.0
64,0,2,2,15,3,5,0,0.32150313152400845,0.3685636856368564,0.0
31,1,2,0,21,4,5,1,0.7640918580375784,0.9701897018970189,0.0
64,0,2,0,0,0,5,0,0.32150313152400845,0.8509485094850948,1.0
48,0,2,2,18,1,5,0,0.9185803757828812,0.04878048780487805,0.0
13,1,0,1,13,4,5,0,0.9519832985386223,0.10298102981029811,0.0
61,1,2,0,6,4,5,0,0.4425887265135702,0.3523035230352304,1.0
95,0,2,0,2,0,5,1,0.8037578288100209,0.44986449864498645,1.0
5,1,2,2,0,4,5,0,0.9394572025052192,0.14634146341463414,1.0
49,0,2,1,1,4,1,0,0.9394572025052192,0.1842818428184282,1.0
5,0,2,0,10,4,5,4,0.9394572025052192,0.5420054200542005,0.0
70,0,2,2,1,1,5,0,0.9791231732776617,0.1842818428184282,0.0
21,0,0,0,13,1,5,0,0.5594989561586641,0.29268292682926833,1.0
6,1,0,0,16,4,5,1,0.9478079331941547,0.1084010840108401,0.0
13,0,0,0,13,4,5,0,0.9519832985386223,0.2872628726287263,0.0
5,1,0,0,11,4,5,5,0.9394572025052192,0.5745257452574526,1.0
49,0,2,0,19,4,5,2,0.9394572025052192,0.23306233062330622,0.0
49,0,2,0,21,4,5,2,0.9394572025052192,0.03252032520325203,1.0
5,0,2,0,3,0,5,2,0.9394572025052192,0.4715447154471545,0.0
48,0,2,1,0,0,5,0,0.9185803757828812,0.7533875338753387,0.0
48,0,2,0,21,1,5,4,0.9185803757828812,0.0921409214092141,0.0
5,0,2,0,21,3,5,5,0.9394572025052192,0.6233062330623306,0.0
5,0,2,2,16,1,5,1,0.9394572025052192,0.22764227642276422,0.0
118,0,2,2,21,0,0,3,0.8246346555323592,0.03252032520325203,1.0
65,0,1,4,2,6,5,0,0.8956158663883091,0.959349593495935,0.0
5,0,2,0,14,1,5,0,0.9394572025052192,0.4823848238482385,0.0
49,0,2,0,19,0,1,1,0.9394572025052192,0.0921409214092141,0.0
5,0,2,0,21,3,5,4,0.9394572025052192,0.12466124661246611,0.0
101,0,2,0,21,1,5,4,0.5929018789144052,0.1951219512195122,0.0
95,0,2,1,7,4,5,1,0.8037578288100209,0.17886178861788618,0.0
45,0,0,0,15,4,5,0,0.6242171189979124,0.0975609756097561,0.0
48,0,0,0,16,7,5,4,0.9185803757828812,0.07046070460704607,0.0
55,0,2,2,20,4,5,4,0.8517745302713988,0.3739837398373984,0.0
5,0,2,0,0,1,2,0,0.9394572025052192,0.43360433604336046,0.0
30,1,0,2,18,1,4,0,0.8914405010438415,0.1842818428184282,0.0
114,1,2,0,1,5,4,0,0.9498956158663885,0.16802168021680217,0.0
5,0,2,0,21,0,5,0,0.9394572025052192,0.11382113821138211,0.0
5,0,2,2,21,4,5,4,0.9394572025052192,0.7317073170731707,0.0
48,0,2,0,6,4,1,0,0.9185803757828812,0.2872628726287263,0.0
4,0,2,0,3,4,5,4,0.6972860125260962,0.0921409214092141,0.0
47,1,0,0,0,4,5,5,0.778705636743215,0.1951219512195122,1.0
30,0,2,2,19,7,5,0,0.8914405010438415,0.24932249322493225,0.0
5,0,2,0,15,1,5,0,0.9394572025052192,0.6233062330623306,0.0
49,1,0,0,0,4,5,0,0.9394572025052192,0.22764227642276422,0.0
5,0,0,2,21,4,5,0,0.9394572025052192,0.21138211382113822,1.0
48,0,2,0,8,2,5,4,0.9185803757828812,0.05420054200542005,0.0
30,0,0,2,18,3,5,1,0.8914405010438415,1.0,0.0
64,1,0,0,15,4,5,5,0.32150313152400845,0.4444444444444445,0.0
48,1,2,0,21,7,5,4,0.9185803757828812,0.17886178861788618,0.0
61,1,0,0,13,4,5,0,0.4425887265135702,0.41734417344173447,0.0
5,1,2,0,21,4,5,0,0.9394572025052192,0.05420054200542005,0.0
5,0,2,2,21,4,5,0,0.9394572025052192,0.07588075880758807,0.0
122,0,2,0,18,2,5,1,0.9290187891440502,0.13550135501355012,0.0
5,0,2,0,21,5,2,4,0.9394572025052192,0.1897018970189702,0.0
65,0,1,0,17,4,5,1,0.8956158663883091,0.16260162601626016,1.0
48,0,2,0,1,5,5,0,0.9185803757828812,0.39566395663956644,0.0
5,1,2,2,21,4,3,4,0.9394572025052192,0.8726287262872628,1.0
49,1,2,0,8,1,5,3,0.9394572025052192,0.17886178861788618,1.0
11,0,2,0,20,1,5,0,0.16701461377870586,0.26558265582655827,1.0
77,1,0,1,13,4,5,5,0.6388308977035491,0.11382113821138211,0.0
101,1,2,1,16,4,5,0,0.5929018789144052,0.7967479674796748,1.0
2,1,2,0,20,4,5,5,0.8705636743215033,0.2981029810298103,1.0
2,1,2,2,17,4,5,0,0.8705636743215033,0.34146341463414637,0.0
5,0,2,0,2,1,5,4,0.9394572025052192,0.41192411924119243,0.0
64,0,2,0,2,3,5,5,0.32150313152400845,0.4552845528455285,1.0
64,1,1,2,0,7,4,0,0.32150313152400845,0.2872628726287263,0.0
5,0,2,0,21,3,5,4,0.9394572025052192,0.10298102981029811,0.0
48,0,2,2,21,1,5,1,0.9185803757828812,0.41734417344173447,0.0
64,0,2,0,13,5,5,0,0.32150313152400845,0.4281842818428185,1.0
64,0,2,1,3,4,5,1,0.32150313152400845,0.7262872628726287,0.0
5,1,2,0,2,1,5,4,0.9394572025052192,0.6775067750677507,0.0
83,0,2,2,21,7,5,4,0.6096033402922756,0.07588075880758807,0.0
5,0,2,0,21,4,5,1,0.9394572025052192,0.5365853658536585,1.0
4,1,2,2,17,4,5,0,0.6972860125260962,0.10298102981029811,0.0
5,1,0,0,15,4,4,0,0.9394572025052192,0.14634146341463414,1.0
51,1,2,0,14,3,5,0,0.9039665970772444,1.0,0.0
40,0,2,0,1,1,5,4,0.5532359081419624,0.2981029810298103,0.0
93,0,2,0,17,4,5,2,0.40918580375782887,1.0,0.0
5,0,2,0,16,1,5,0,0.9394572025052192,0.10298102981029811,0.0
61,0,2,0,8,4,5,0,0.4425887265135702,0.2222222222222222,1.0
64,0,2,0,13,3,5,0,0.32150313152400845,0.10298102981029811,0.0
5,0,2,1,21,4,5,1,0.9394572025052192,1.0,1.0
65,0,2,0,6,7,5,4,0.8956158663883091,0.23848238482384823,0.0
4,0,2,2,15,5,5,1,0.6972860125260962,0.7046070460704607,0.0
49,0,2,0,3,0,5,0,0.9394572025052192,0.8184281842818428,0.0
49,0,2,0,2,4,5,4,0.9394572025052192,0.23848238482384823,0.0
30,0,2,2,9,1,5,0,0.8914405010438415,1.0,0.0
64,0,2,0,11,6,5,1,0.32150313152400845,0.08130081300813008,0.0
1,1,2,3,18,2,4,4,0.8872651356993737,1.0,0.0
88,0,2,0,21,7,5,4,0.5615866388308981,0.23306233062330622,0.0
49,1,2,0,3,1,5,0,0.9394572025052192,0.3739837398373984,0.0
5,0,2,0,21,4,5,4,0.9394572025052192,0.21138211382113822,1.0
30,0,2,2,2,4,5,1,0.8914405010438415,0.08130081300813008,0.0
41,1,2,1,3,4,5,5,0.457202505219207,0.2168021680216802,0.0
64,1,2,0,15,4,5,5,0.32150313152400845,0.12466124661246611,1.0
35,0,2,2,15,7,5,0,0.6116910229645096,0.3631436314363144,1.0
48,0,2,1,19,2,5,2,0.9185803757828812,0.41192411924119243,0.0
49,1,0,0,16,4,5,2,0.9394572025052192,0.8617886178861789,0.0
64,1,2,0,14,3,5,0,0.32150313152400845,0.1842818428184282,0.0
103,0,1,0,6,5,5,0,0.9791231732776617,0.23306233062330622,0.0
13,0,2,2,13,2,5,0,0.9519832985386223,1.0,0.0
112,0,2,0,1,4,5,0,0.9457202505219209,0.3252032520325204,1.0
94,0,2,0,19,7,5,3,0.6931106471816286,0.7588075880758808,0.0
5,0,2,2,17,3,4,0,0.9394572025052192,0.2981029810298103,1.0
49,1,2,0,14,4,1,0,0.9394572025052192,0.11924119241192412,0.0
99,1,2,0,18,4,5,1,0.8643006263048016,0.0921409214092141,0.0
11,1,2,2,1,0,5,0,0.16701461377870586,0.13550135501355012,0.0
65,0,1,0,1,2,5,4,0.8956158663883091,0.3739837398373984,0.0
94,0,2,0,2,0,5,2,0.6931106471816286,0.04878048780487805,0.0
92,1,2,0,20,4,5,5,0.36534446764091877,0.26558265582655827,0.0
64,1,2,2,18,4,2,0,0.32150313152400845,0.0921409214092141,0.0
2,1,2,2,20,4,5,0,0.8705636743215033,0.8075880758807588,1.0
13,0,2,0,16,1,5,0,0.9519832985386223,1.0,0.0
5,0,2,2,10,4,5,4,0.9394572025052192,0.2710027100271003,0.0
61,0,2,0,13,4,5,0,0.4425887265135702,1.0,1.0
48,0,2,1,21,1,5,4,0.9185803757828812,0.41192411924119243,0.0
99,0,2,2,6,4,1,0,0.8643006263048016,0.05420054200542005,0.0
5,0,2,0,21,5,3,4,0.9394572025052192,0.14634146341463414,0.0
94,1,0,0,19,4,5,1,0.6931106471816286,0.5799457994579945,0.0
94,0,2,3,21,1,5,4,0.6931106471816286,0.24932249322493225,0.0
64,0,0,0,11,4,1,0,0.32150313152400845,0.0975609756097561,1.0
5,0,2,0,19,4,5,2,0.9394572025052192,0.3631436314363144,1.0
48,0,2,2,14,1,5,1,0.9185803757828812,0.39566395663956644,0.0
5,0,2,0,21,0,2,0,0.9394572025052192,0.11382113821138211,0.0
11,0,1,0,11,0,0,0,0.16701461377870586,0.2168021680216802,0.0
64,1,2,1,20,4,5,5,0.32150313152400845,0.2818428184281843,1.0
48,1,0,2,4,4,5,2,0.9185803757828812,0.08672086720867209,1.0
95,0,2,0,15,4,5,0,0.8037578288100209,0.15718157181571815,0.0
7,0,0,0,1,4,5,4,0.676409185803758,0.1897018970189702,0.0
11,0,0,2,13,4,5,0,0.16701461377870586,0.35772357723577236,0.0
5,1,2,0,11,4,5,0,0.9394572025052192,0.5420054200542005,1.0
116,0,1,0,17,4,5,0,0.47599164926931103,0.2222222222222222,0.0
4,1,2,0,21,4,5,4,0.6972860125260962,0.15176151761517614,1.0
5,1,2,0,10,4,5,1,0.9394572025052192,0.17886178861788618,0.0
15,0,2,2,17,2,5,4,0.5699373695198331,0.027100271002710022,0.0
48,0,2,2,18,7,1,2,0.9185803757828812,0.02168021680216802,0.0
103,0,2,0,21,4,5,0,0.9791231732776617,0.16802168021680217,0.0
101,1,0,1,0,4,5,0,0.5929018789144052,0.3360433604336044,0.0
6,0,2,0,3,4,5,1,0.9478079331941547,0.34146341463414637,0.0
49,1,2,0,21,4,5,0,0.9394572025052192,0.037940379403794036,1.0
48,1,2,4,0,4,5,5,0.9185803757828812,0.04878048780487805,0.0
5,0,2,2,21,4,4,0,0.9394572025052192,0.5474254742547425,0.0
15,0,2,2,3,4,5,2,0.5699373695198331,0.13550135501355012,0.0
64,0,2,0,13,3,5,1,0.32150313152400845,0.8292682926829268,1.0
41,1,1,4,11,4,5,5,0.457202505219207,0.10298102981029811,1.0
5,0,2,0,3,4,5,4,0.9394572025052192,0.08130081300813008,0.0
5,1,0,0,13,4,5,5,0.9394572025052192,0.5853658536585366,1.0
5,0,2,0,21,4,5,0,0.9394572025052192,1.0,0.0
77,0,1,0,21,1,4,4,0.6388308977035491,0.4769647696476965,0.0
5,0,0,0,15,4,5,1,0.9394572025052192,1.0,1.0
64,0,2,2,5,2,5,1,0.32150313152400845,0.1084010840108401,1.0
5,0,2,3,9,0,0,0,0.9394572025052192,0.9376693766937669,1.0
5,0,2,2,1,3,5,0,0.9394572025052192,0.15176151761517614,0.0
5,0,2,0,1,7,5,4,0.9394572025052192,1.0,0.0
5,0,2,2,3,3,5,1,0.9394572025052192,0.1897018970189702,0.0
103,1,2,1,13,4,5,5,0.9791231732776617,0.06504065040650406,0.0
99,0,2,0,6,2,5,0,0.8643006263048016,0.43902439024390244,0.0
5,1,2,0,21,5,5,4,0.9394572025052192,0.26558265582655827,0.0
53,1,0,1,14,4,5,2,0.9415448851774533,0.1084010840108401,1.0
70,0,0,0,14,4,5,0,0.9791231732776617,0.5636856368563685,0.0
5,0,2,2,6,4,5,4,0.9394572025052192,0.2222222222222222,1.0
64,1,2,2,17,4,0,1,0.32150313152400845,0.0921409214092141,1.0
64,0,0,2,11,5,5,0,0.32150313152400845,0.03252032520325203,0.0
82,0,2,2,5,2,5,4,0.8768267223382047,0.14092140921409213,0.0
15,0,2,2,3,1,5,1,0.5699373695198331,0.981029810298103,0.0
95,0,2,2,1,4,5,0,0.8037578288100209,0.31436314363143636,0.0
15,1,2,2,18,3,5,0,0.5699373695198331,0.25474254742547425,0.0
49,0,0,0,19,4,5,1,0.9394572025052192,0.05420054200542005,0.0
13,0,2,1,11,4,5,1,0.9519832985386223,0.037940379403794036,0.0
5,1,1,0,13,4,5,5,0.9394572025052192,0.6016260162601625,0.0
21,0,2,0,17,7,0,0,0.5594989561586641,0.25474254742547425,1.0
5,1,0,1,3,4,5,2,0.9394572025052192,0.037940379403794036,1.0
30,0,2,2,21,6,5,4,0.8914405010438415,1.0,0.0
41,0,2,0,18,4,5,1,0.457202505219207,0.7262872628726287,0.0
30,0,2,3,10,4,5,3,0.8914405010438415,1.0,0.0
5,0,2,0,7,1,5,0,0.9394572025052192,0.05962059620596205,0.0
48,1,2,1,0,4,5,5,0.9185803757828812,0.17886178861788618,1.0
45,0,2,0,5,3,5,4,0.6242171189979124,0.24932249322493225,0.0
5,0,2,0,3,6,4,2,0.9394572025052192,0.16802168021680217,0.0
102,0,0,0,15,0,5,1,0.2275574112734864,0.4444444444444445,1.0
48,0,2,0,7,4,5,4,0.9185803757828812,0.0921409214092141,0.0
65,0,2,0,7,0,1,1,0.8956158663883091,0.04336043360433604,1.0
88,0,2,2,10,4,5,4,0.5615866388308981,0.06504065040650406,1.0
120,0,2,4,15,4,5,4,0.9498956158663885,0.14634146341463414,0.0
64,1,2,1,1,4,5,5,0.32150313152400845,0.13550135501355012,0.0
5,0,2,0,18,4,5,1,0.9394572025052192,0.08672086720867209,0.0
64,0,2,0,15,1,5,0,0.32150313152400845,0.39566395663956644,1.0
91,1,0,0,11,4,5,1,0.9248434237995826,0.44986449864498645,0.0
82,0,2,0,19,4,5,0,0.8768267223382047,0.08672086720867209,0.0
64,1,2,0,0,4,5,5,0.32150313152400845,0.3252032520325204,1.0
11,0,0,0,7,7,0,1,0.16701461377870586,0.15718157181571815,1.0
5,0,2,0,5,4,1,2,0.9394572025052192,0.12466124661246611,0.0
99,0,1,2,15,4,5,3,0.8643006263048016,0.11382113821138211,0.0
93,1,1,0,13,4,5,0,0.40918580375782887,0.2818428184281843,0.0
64,0,2,0,17,1,5,5,0.32150313152400845,0.2710027100271003,0.0
5,0,2,0,18,5,5,1,0.9394572025052192,1.0,0.0
13,0,2,2,6,4,5,0,0.9519832985386223,0.6775067750677507,0.0
64,0,2,0,16,3,5,0,0.32150313152400845,0.2981029810298103,1.0
48,0,2,0,21,5,5,4,0.9185803757828812,0.11382113821138211,0.0
5,0,2,0,21,0,1,2,0.9394572025052192,0.15176151761517614,0.0
99,1,2,2,2,6,5,4,0.8643006263048016,0.2710027100271003,0.0
5,0,0,0,14,1,5,1,0.9394572025052192,0.4281842818428185,0.0
5,0,2,2,21,1,5,4,0.9394572025052192,0.2005420054200542,0.0
64,0,0,0,17,4,5,1,0.32150313152400845,0.13550135501355012,1.0
70,0,2,0,21,2,5,0,0.9791231732776617,0.4769647696476965,0.0
64,0,2,0,15,0,2,0,0.32150313152400845,0.6233062330623306,1.0
70,0,2,0,19,1,1,2,0.9791231732776617,0.8617886178861789,1.0
31,0,2,2,6,4,5,1,0.7640918580375784,0.6666666666666666,0.0
64,0,0,0,15,1,5,0,0.32150313152400845,0.10298102981029811,0.0
64,0,2,0,11,4,5,0,0.32150313152400845,0.2818428184281843,0.0
5,0,2,0,21,2,5,4,0.9394572025052192,0.5907859078590786,0.0
89,0,2,2,8,4,5,1,0.826722338204593,0.13008130081300812,0.0
49,0,2,0,16,4,0,0,0.9394572025052192,0.5691056910569106,0.0
48,0,2,2,18,4,0,0,0.9185803757828812,0.5907859078590786,0.0
5,0,2,0,15,3,5,1,0.9394572025052192,0.5474254742547425,0.0
95,1,0,0,11,4,5,5,0.8037578288100209,0.13008130081300812,0.0
48,0,0,2,15,5,5,4,0.9185803757828812,0.07046070460704607,0.0
70,1,2,2,18,1,5,4,0.9791231732776617,0.6991869918699186,1.0
64,0,2,0,20,3,5,5,0.32150313152400845,0.13008130081300812,0.0
5,1,2,2,15,0,1,2,0.9394572025052192,1.0,0.0
5,0,2,0,7,4,2,1,0.9394572025052192,0.07046070460704607,0.0
5,0,2,0,14,1,5,0,0.9394572025052192,0.25474254742547425,0.0
65,0,0,4,14,1,1,0,0.8956158663883091,1.0,0.0
5,0,2,0,4,1,5,3,0.9394572025052192,0.16802168021680217,0.0
5,0,2,0,15,2,5,4,0.9394572025052192,0.2764227642276423,0.0
5,0,2,0,14,4,5,0,0.9394572025052192,0.11924119241192412,0.0
64,0,2,0,2,0,5,0,0.32150313152400845,0.7317073170731707,0.0
64,0,2,0,19,5,5,4,0.32150313152400845,0.22764227642276422,0.0
31,0,2,2,2,4,5,5,0.7640918580375784,0.7750677506775068,0.0
5,0,2,0,13,4,1,0,0.9394572025052192,0.5691056910569106,0.0
64,1,0,1,14,4,5,5,0.32150313152400845,0.08130081300813008,0.0
99,0,2,0,6,7,5,2,0.8643006263048016,1.0,1.0
89,1,1,0,20,0,5,1,0.826722338204593,0.4444444444444445,0.0
13,1,2,1,14,1,5,2,0.9519832985386223,0.21138211382113822,0.0
5,1,2,0,21,4,5,5,0.9394572025052192,0.2818428184281843,1.0
64,0,2,2,19,5,5,0,0.32150313152400845,1.0,0.0
19,1,2,0,7,4,5,4,0.6471816283924845,0.14634146341463414,1.0
13,0,2,0,21,5,4,3,0.9519832985386223,1.0,0.0
64,0,0,0,13,4,5,0,0.32150313152400845,0.3523035230352304,1.0
94,1,2,0,13,4,5,5,0.6931106471816286,0.3252032520325204,0.0
5,0,2,1,21,4,5,1,0.9394572025052192,0.1842818428184282,0.0
64,1,2,0,13,4,5,0,0.32150313152400845,0.12466124661246611,0.0
61,1,0,0,14,4,5,5,0.4425887265135702,0.12466124661246611,1.0
64,0,2,0,21,4,5,0,0.32150313152400845,0.3252032520325204,0.0
101,0,0,0,15,3,5,0,0.5929018789144052,0.03252032520325203,0.0
13,0,1,0,17,3,5,4,0.9519832985386223,0.5907859078590786,0.0
30,0,2,2,12,1,5,2,0.8914405010438415,0.13550135501355012,0.0
64,1,0,1,15,4,5,5,0.32150313152400845,0.48780487804878053,1.0
99,0,1,0,6,1,5,4,0.8643006263048016,0.34146341463414637,0.0
64,0,2,0,3,0,1,1,0.32150313152400845,0.4444444444444445,1.0
73,1,0,0,14,4,4,3,0.0,0.16802168021680217,1.0
64,1,0,1,15,4,5,5,0.32150313152400845,0.43902439024390244,1.0
30,0,2,2,2,2,5,1,0.8914405010438415,0.16260162601626016,0.0
95,1,2,2,21,1,5,4,0.8037578288100209,0.1842818428184282,0.0
33,1,0,2,14,4,5,5,0.47599164926931103,0.08672086720867209,1.0
13,0,2,2,21,3,5,0,0.9519832985386223,0.16802168021680217,0.0
122,0,2,0,5,4,5,1,0.9290187891440502,0.2764227642276423,0.0
5,0,2,0,10,4,5,4,0.9394572025052192,0.0975609756097561,0.0
48,0,2,0,21,3,5,2,0.9185803757828812,0.3902439024390244,0.0
13,0,2,0,21,5,5,3,0.9519832985386223,0.7100271002710027,0.0
30,0,2,0,16,7,5,3,0.8914405010438415,0.26558265582655827,0.0
64,1,0,4,13,7,0,1,0.32150313152400845,0.07046070460704607,1.0
5,1,0,0,17,4,5,1,0.9394572025052192,0.04878048780487805,0.0
95,0,0,2,1,1,5,1,0.8037578288100209,0.2005420054200542,0.0
42,0,2,0,21,0,5,0,0.47599164926931103,0.2710027100271003,1.0
49,0,2,0,18,1,5,0,0.9394572025052192,0.41734417344173447,0.0
5,0,2,0,18,1,5,0,0.9394572025052192,0.3848238482384824,0.0
48,0,2,0,1,0,5,2,0.9185803757828812,0.5636856368563685,0.0
13,0,2,2,21,4,5,0,0.9519832985386223,0.05962059620596205,0.0
48,0,2,0,21,4,5,0,0.9185803757828812,0.39566395663956644,0.0
95,0,2,2,13,4,5,0,0.8037578288100209,0.07588075880758807,0.0
5,0,2,0,18,1,4,0,0.9394572025052192,0.037940379403794036,0.0
5,1,0,2,19,4,5,4,0.9394572025052192,0.29268292682926833,1.0
5,0,2,0,5,7,0,1,0.9394572025052192,0.959349593495935,0.0
3,0,0,0,15,0,0,0,0.1837160751565763,0.39566395663956644,0.0
5,1,2,0,21,6,5,4,0.9394572025052192,0.016260162601626015,0.0
31,1,2,4,20,4,5,5,0.7640918580375784,0.037940379403794036,0.0
94,0,2,0,14,7,5,0,0.6931106471816286,0.16260162601626016,0.0
99,0,2,0,2,0,5,1,0.8643006263048016,0.2222222222222222,0.0
99,0,1,0,1,1,5,1,0.8643006263048016,0.30352303523035234,0.0
5,0,2,0,21,4,5,1,0.9394572025052192,0.31436314363143636,1.0
11,0,1,2,17,3,5,0,0.16701461377870586,0.2981029810298103,0.0
5,1,0,1,13,3,5,0,0.9394572025052192,0.15718157181571815,0.0
64,1,0,0,16,4,5,5,0.32150313152400845,0.05962059620596205,0.0
48,0,2,0,8,1,5,1,0.9185803757828812,0.13550135501355012,0.0
5,0,2,0,17,1,5,3,0.9394572025052192,0.20596205962059622,0.0
5,0,0,2,19,0,5,0,0.9394572025052192,0.2872628726287263,0.0
48,1,0,1,17,4,5,5,0.9185803757828812,0.17344173441734417,0.0
50,0,2,0,0,1,5,0,0.6200417536534448,0.1951219512195122,0.0
6,0,2,0,10,4,5,4,0.9478079331941547,0.07046070460704607,0.0
64,0,0,0,20,4,5,1,0.32150313152400845,0.1897018970189702,1.0
48,1,0,0,17,4,5,0,0.9185803757828812,0.17344173441734417,1.0
5,0,2,0,14,4,5,0,0.9394572025052192,0.8075880758807588,1.0
13,0,2,0,6,2,5,1,0.9519832985386223,0.22764227642276422,0.0
49,0,1,0,21,4,5,1,0.9394572025052192,0.1084010840108401,1.0
2,1,2,1,21,3,5,4,0.8705636743215033,0.17344173441734417,0.0
82,0,2,2,6,4,5,4,0.8768267223382047,0.13550135501355012,0.0
102,0,2,0,17,0,5,2,0.2275574112734864,0.13550135501355012,1.0
5,0,2,0,21,3,5,4,0.9394572025052192,0.6829268292682926,0.0
77,0,2,2,18,5,5,5,0.6388308977035491,0.5420054200542005,0.0
6,1,0,0,15,4,5,0,0.9478079331941547,0.26558265582655827,0.0
5,1,0,1,14,4,5,0,0.9394572025052192,0.13550135501355012,0.0
83,1,0,0,16,4,5,5,0.6096033402922756,0.11382113821138211,0.0
65,0,1,0,11,5,5,0,0.8956158663883091,0.2764227642276423,0.0
98,1,2,0,20,4,5,0,0.47599164926931103,0.2764227642276423,1.0
30,1,2,2,14,4,5,5,0.8914405010438415,0.2710027100271003,1.0
103,0,2,2,1,2,5,1,0.9791231732776617,0.2222222222222222,0.0
5,1,2,0,13,4,5,0,0.9394572025052192,0.7913279132791328,0.0
5,1,0,1,15,6,5,0,0.9394572025052192,0.23306233062330622,0.0
48,0,2,0,16,4,5,0,0.9185803757828812,0.13550135501355012,1.0
106,1,0,0,20,4,5,4,0.2275574112734864,0.0921409214092141,0.0
50,0,1,0,13,4,5,2,0.6200417536534448,0.39566395663956644,0.0
6,0,2,2,18,3,5,0,0.9478079331941547,0.2222222222222222,0.0
5,1,2,0,12,4,5,4,0.9394572025052192,0.31436314363143636,0.0
78,0,2,2,4,7,5,0,0.7453027139874742,0.07588075880758807,0.0
103,0,2,0,11,4,5,0,0.9791231732776617,0.16802168021680217,1.0
64,1,0,0,20,4,5,5,0.32150313152400845,0.26558265582655827,1.0
103,0,0,0,21,2,5,0,0.9791231732776617,0.1842818428184282,0.0
5,0,2,0,21,4,5,4,0.9394572025052192,0.05962059620596205,1.0
64,0,2,0,2,1,5,1,0.32150313152400845,0.5691056910569106,1.0
64,0,2,0,6,3,5,4,0.32150313152400845,0.1084010840108401,0.0
5,0,2,0,21,4,5,1,0.9394572025052192,0.10298102981029811,0.0
30,0,2,0,18,0,0,0,0.8914405010438415,0.037940379403794036,0.0
91,0,2,1,18,1,2,0,0.9248434237995826,0.10298102981029811,0.0
95,0,2,0,1,4,5,3,0.8037578288100209,0.4552845528455285,0.0
13,1,0,0,5,4,5,3,0.9519832985386223,0.48780487804878053,0.0
95,0,2,2,2,1,5,0,0.8037578288100209,0.2981029810298103,0.0
30,0,2,0,18,5,1,1,0.8914405010438415,0.26558265582655827,0.0
96,0,1,0,13,4,5,1,0.8058455114822547,0.981029810298103,1.0
24,0,2,0,15,4,5,0,0.11899791231732793,0.22764227642276422,1.0
5,0,2,0,16,3,5,3,0.9394572025052192,0.08672086720867209,0.0
5,0,0,0,13,4,1,0,0.9394572025052192,0.6341463414634146,0.0
5,0,2,0,2,4,5,0,0.9394572025052192,0.41192411924119243,0.0
48,0,2,1,21,3,5,3,0.9185803757828812,0.07046070460704607,0.0
5,0,2,2,15,0,5,3,0.9394572025052192,0.6883468834688347,0.0
116,0,2,0,17,4,5,0,0.47599164926931103,0.8021680216802167,0.0
78,0,2,0,21,2,5,1,0.7453027139874742,0.2764227642276423,1.0
64,0,2,0,1,3,5,1,0.32150313152400845,0.016260162601626015,1.0
5,0,0,2,16,4,5,1,0.9394572025052192,0.14634146341463414,0.0
13,1,2,2,11,0,5,0,0.9519832985386223,0.2222222222222222,0.0
121,1,2,0,21,7,5,0,1.0,0.29268292682926833,0.0
70,1,2,1,11,6,5,0,0.9791231732776617,0.04878048780487805,0.0
30,1,2,2,16,5,4,3,0.8914405010438415,0.3848238482384824,0.0
48,1,0,0,15,4,5,5,0.9185803757828812,0.16802168021680217,0.0
6,0,2,2,21,4,5,0,0.9478079331941547,0.1842818428184282,0.0
5,0,2,2,7,3,5,4,0.9394572025052192,0.1897018970189702,0.0
11,0,2,0,17,4,5,1,0.16701461377870586,0.0921409214092141,1.0
13,0,2,2,2,4,5,0,0.9519832985386223,0.07588075880758807,0.0
15,0,2,0,8,4,5,1,0.5699373695198331,0.10298102981029811,0.0
64,0,2,0,16,1,5,0,0.32150313152400845,0.07046070460704607,1.0
3,1,2,0,18,4,5,5,0.1837160751565763,0.24932249322493225,1.0
5,0,2,0,21,4,5,4,0.9394572025052192,0.24932249322493225,0.0
30,0,2,0,17,6,5,4,0.8914405010438415,0.07588075880758807,0.0
13,0,2,2,21,1,2,4,0.9519832985386223,0.11382113821138211,0.0
5,0,2,0,4,6,5,4,0.9394572025052192,0.05420054200542005,0.0
5,0,2,0,2,4,5,2,0.9394572025052192,0.08672086720867209,0.0
117,0,2,0,17,4,5,0,0.4613778705636744,0.5149051490514904,0.0
74,0,0,1,15,4,5,1,0.8830897703549061,0.1897018970189702,1.0
64,0,2,0,16,2,5,1,0.32150313152400845,0.5149051490514904,1.0
64,1,0,0,16,4,5,5,0.32150313152400845,0.3252032520325204,1.0
4,0,2,0,21,1,5,4,0.6972860125260962,0.037940379403794036,0.0
48,1,2,0,11,0,5,0,0.9185803757828812,0.7533875338753387,0.0
5,1,0,0,16,3,4,0,0.9394572025052192,0.2222222222222222,0.0
30,0,2,2,1,2,5,1,0.8914405010438415,0.4932249322493225,0.0
43,0,0,0,7,2,5,1,0.47599164926931103,0.08130081300813008,0.0
30,0,2,2,10,4,5,0,0.8914405010438415,0.33062330623306235,0.0
30,0,2,2,17,6,5,1,0.8914405010438415,0.5094850948509485,0.0
5,0,2,0,1,6,3,0,0.9394572025052192,0.9268292682926829,0.0
13,0,2,2,5,2,5,0,0.9519832985386223,0.2005420054200542,0.0
94,0,2,1,13,7,5,1,0.6931106471816286,0.34146341463414637,0.0
5,1,2,4,17,4,5,0,0.9394572025052192,0.16802168021680217,0.0
5,0,2,0,13,4,5,1,0.9394572025052192,0.016260162601626015,1.0
103,0,2,2,9,6,5,0,0.9791231732776617,0.31978319783197834,0.0
103,0,2,0,1,4,5,3,0.9791231732776617,0.03252032520325203,0.0
13,0,0,1,15,4,5,0,0.9519832985386223,0.5040650406504065,0.0
13,0,2,4,13,4,5,5,0.9519832985386223,0.46070460704607047,0.0
83,0,1,2,19,3,5,0,0.6096033402922756,0.35772357723577236,1.0
5,1,0,0,14,4,5,0,0.9394572025052192,0.1084010840108401,0.0
5,0,2,0,14,3,5,0,0.9394572025052192,0.10298102981029811,0.0
95,1,1,0,1,4,5,1,0.8037578288100209,0.05420054200542005,0.0
21,0,0,0,16,1,5,0,0.5594989561586641,0.20596205962059622,0.0
5,0,2,0,10,5,1,3,0.9394572025052192,0.03252032520325203,1.0
4,0,2,0,1,4,5,3,0.6972860125260962,0.4444444444444445,0.0
5,0,2,0,21,7,5,4,0.9394572025052192,0.24932249322493225,0.0
48,0,2,2,21,2,5,0,0.9185803757828812,0.3252032520325204,0.0
5,0,2,0,12,1,5,2,0.9394572025052192,0.20596205962059622,0.0
103,0,2,1,21,4,5,4,0.9791231732776617,0.30352303523035234,0.0
49,0,2,0,21,4,5,0,0.9394572025052192,1.0,0.0
5,0,2,0,11,4,0,0,0.9394572025052192,0.6666666666666666,0.0
43,0,0,0,2,0,5,0,0.47599164926931103,0.26558265582655827,1.0
5,0,2,0,21,1,5,4,0.9394572025052192,0.13008130081300812,0.0
13,1,2,1,15,4,5,0,0.9519832985386223,0.11382113821138211,1.0
64,1,2,2,11,5,4,0,0.32150313152400845,0.4010840108401084,1.0
64,0,0,2,18,1,5,1,0.32150313152400845,0.2168021680216802,1.0
5,1,0,2,15,4,5,2,0.9394572025052192,0.13550135501355012,1.0
13,0,2,0,15,0,5,3,0.9519832985386223,0.05420054200542005,0.0
13,0,2,3,21,1,5,1,0.9519832985386223,0.7533875338753387,0.0
4,1,0,0,13,6,5,1,0.6972860125260962,0.5799457994579945,0.0
11,0,2,0,11,0,5,0,0.16701461377870586,0.25474254742547425,1.0
47,0,2,0,4,7,5,4,0.778705636743215,0.11382113821138211,0.0
64,1,0,0,11,4,5,5,0.32150313152400845,0.44986449864498645,1.0
49,0,2,0,6,1,5,2,0.9394572025052192,0.010840108401084009,0.0
64,1,0,1,1,4,5,0,0.32150313152400845,0.5853658536585366,1.0
5,1,2,0,20,4,5,1,0.9394572025052192,0.037940379403794036,1.0
48,0,2,0,17,4,5,3,0.9185803757828812,0.13550135501355012,0.0
83,0,2,0,5,4,5,4,0.6096033402922756,0.08130081300813008,1.0
49,0,2,0,1,4,5,2,0.9394572025052192,0.07588075880758807,0.0
5,1,0,2,14,4,5,3,0.9394572025052192,0.23306233062330622,1.0
94,0,2,0,21,2,5,0,0.6931106471816286,0.027100271002710022,0.0
106,1,1,0,14,4,5,0,0.2275574112734864,0.14634146341463414,1.0
95,1,0,2,2,4,5,4,0.8037578288100209,0.41734417344173447,0.0
95,1,1,0,16,4,5,0,0.8037578288100209,0.8943089430894309,0.0
64,1,2,0,0,4,5,5,0.32150313152400845,0.2981029810298103,1.0
64,1,0,0,15,4,5,5,0.32150313152400845,0.08130081300813008,0.0
31,0,2,0,19,4,5,4,0.7640918580375784,0.027100271002710022,0.0
55,1,0,0,13,4,5,2,0.8517745302713988,0.6016260162601625,1.0
120,0,2,0,5,3,5,0,0.9498956158663885,0.08672086720867209,0.0
13,0,2,0,21,4,5,2,0.9519832985386223,0.3089430894308943,0.0
48,0,2,3,21,1,1,3,0.9185803757828812,0.23306233062330622,0.0
48,1,2,0,21,4,5,2,0.9185803757828812,0.2764227642276423,0.0
64,0,2,0,14,7,5,0,0.32150313152400845,0.6016260162601625,0.0
5,0,2,2,21,1,5,1,0.9394572025052192,0.3631436314363144,0.0
5,0,1,0,11,2,5,0,0.9394572025052192,0.4010840108401084,1.0
55,0,1,2,21,7,5,5,0.8517745302713988,0.25474254742547425,0.0
5,0,2,0,14,3,5,1,0.9394572025052192,0.11924119241192412,0.0
64,0,2,0,11,4,5,0,0.32150313152400845,0.005420054200542005,1.0
5,0,2,2,21,1,4,0,0.9394572025052192,0.8617886178861789,0.0
6,0,2,2,8,5,5,0,0.9478079331941547,0.2168021680216802,0.0
74,0,2,0,16,1,5,5,0.8830897703549061,0.4715447154471545,0.0
116,0,2,0,5,1,4,2,0.47599164926931103,1.0,0.0
65,0,1,0,21,1,5,1,0.8956158663883091,0.4444444444444445,1.0
5,0,2,2,21,5,5,2,0.9394572025052192,0.5257452574525745,0.0
49,0,2,2,21,4,5,4,0.9394572025052192,0.11924119241192412,1.0
64,0,2,0,19,5,5,4,0.32150313152400845,0.1897018970189702,1.0
5,1,2,0,13,4,5,0,0.9394572025052192,0.3089430894308943,1.0
48,1,2,1,20,3,5,2,0.9185803757828812,0.20596205962059622,0.0
5,0,2,2,6,4,5,3,0.9394572025052192,0.26558265582655827,0.0
64,0,2,0,14,3,5,0,0.32150313152400845,0.5474254742547425,1.0
24,0,2,0,14,3,5,0,0.11899791231732793,0.20596205962059622,1.0
61,1,0,0,13,4,5,0,0.4425887265135702,0.4010840108401084,1.0
94,0,2,2,3,3,5,0,0.6931106471816286,0.33062330623306235,0.0
101,0,0,2,14,4,5,3,0.5929018789144052,0.43902439024390244,0.0
30,0,2,2,3,7,0,0,0.8914405010438415,0.5040650406504065,0.0
64,1,1,0,15,0,1,2,0.32150313152400845,0.1951219512195122,0.0
49,0,2,0,21,3,5,4,0.9394572025052192,0.027100271002710022,0.0
49,1,2,3,21,6,4,4,0.9394572025052192,0.0975609756097561,0.0
5,1,2,0,21,4,5,0,0.9394572025052192,0.7317073170731707,0.0
30,1,0,0,0,4,5,5,0.8914405010438415,0.2818428184281843,0.0
5,1,0,1,14,4,5,5,0.9394572025052192,1.0,0.0
5,0,1,0,13,3,5,1,0.9394572025052192,0.05420054200542005,0.0
13,0,1,2,17,7,4,0,0.9519832985386223,0.14092140921409213,0.0
51,0,2,0,16,4,1,5,0.9039665970772444,0.3794037940379404,0.0
5,1,2,0,1,4,5,1,0.9394572025052192,0.35772357723577236,1.0
30,0,2,2,5,4,5,0,0.8914405010438415,0.24390243902439024,0.0
5,0,2,2,14,4,2,0,0.9394572025052192,0.8292682926829268,0.0
13,0,2,2,21,6,5,0,0.9519832985386223,0.005420054200542005,0.0
13,1,2,0,14,2,5,5,0.9519832985386223,0.5582655826558265,0.0
5,0,2,0,14,4,5,0,0.9394572025052192,0.43902439024390244,0.0
56,1,0,0,11,4,5,5,0.6388308977035491,0.04336043360433604,1.0
63,1,2,4,11,4,5,5,0.6805845511482254,0.5040650406504065,0.0
30,0,2,2,18,4,5,4,0.8914405010438415,0.1951219512195122,0.0
4,1,2,0,0,4,5,0,0.6972860125260962,1.0,0.0
11,0,2,0,17,4,5,0,0.16701461377870586,0.43360433604336046,0.0
5,0,2,2,14,4,5,0,0.9394572025052192,0.5853658536585366,0.0
5,0,2,0,21,3,5,0,0.9394572025052192,0.8943089430894309,0.0
5,0,2,0,10,3,5,0,0.9394572025052192,0.23306233062330622,0.0
5,0,2,1,21,0,3,0,0.9394572025052192,0.7425474254742547,0.0
47,0,2,0,16,0,5,1,0.778705636743215,1.0,0.0
30,0,2,2,1,2,5,1,0.8914405010438415,0.2764227642276423,0.0
74,0,2,0,5,1,0,0,0.8830897703549061,0.07588075880758807,1.0
5,0,2,0,16,3,5,0,0.9394572025052192,0.9485094850948509,0.0
4,0,2,0,6,4,5,0,0.6972860125260962,0.34146341463414637,0.0
6,0,2,0,5,4,5,0,0.9478079331941547,0.5799457994579945,0.0
55,0,0,0,15,4,5,3,0.8517745302713988,0.3685636856368564,0.0
105,0,2,0,5,0,5,4,0.7515657620041754,0.0975609756097561,0.0
49,0,2,0,21,1,5,5,0.9394572025052192,1.0,0.0
5,0,1,0,15,2,5,2,0.9394572025052192,0.5636856368563685,0.0
99,0,2,4,21,0,5,0,0.8643006263048016,0.04336043360433604,0.0
5,0,2,0,21,0,5,3,0.9394572025052192,0.14092140921409213,0.0
116,0,0,0,18,4,5,0,0.47599164926931103,0.2981029810298103,0.0
93,0,2,0,16,4,1,0,0.40918580375782887,0.15176151761517614,0.0
49,0,2,2,17,4,5,0,0.9394572025052192,0.11382113821138211,1.0
5,1,0,0,5,4,5,0,0.9394572025052192,0.26558265582655827,1.0
5,0,0,0,21,7,5,0,0.9394572025052192,0.1897018970189702,0.0
48,0,1,0,1,3,2,4,0.9185803757828812,0.08672086720867209,0.0
64,0,2,0,16,3,5,1,0.32150313152400845,0.1084010840108401,0.0
45,0,2,2,1,6,5,1,0.6242171189979124,0.14634146341463414,0.0
5,0,2,0,15,3,5,0,0.9394572025052192,0.44986449864498645,0.0
112,1,0,0,13,4,5,0,0.9457202505219209,0.1951219512195122,0.0
61,0,2,0,9,6,5,4,0.4425887265135702,0.04336043360433604,0.0
100,0,2,0,2,4,5,1,0.6784968684759918,0.14634146341463414,1.0
7,1,2,0,11,4,5,5,0.676409185803758,0.08672086720867209,1.0
89,1,1,0,11,4,5,1,0.826722338204593,0.15718157181571815,1.0
5,1,1,0,11,4,5,1,0.9394572025052192,0.3739837398373984,0.0
2,0,0,0,21,4,5,0,0.8705636743215033,0.11924119241192412,0.0
4,0,2,2,10,1,5,0,0.6972860125260962,0.04336043360433604,0.0
5,0,0,0,15,6,5,0,0.9394572025052192,0.3523035230352304,0.0
5,0,2,0,2,2,5,0,0.9394572025052192,0.13550135501355012,0.0
5,0,2,0,3,4,5,0,0.9394572025052192,0.8888888888888888,0.0
64,0,2,0,17,3,5,0,0.32150313152400845,0.3089430894308943,0.0
5,0,2,0,6,4,5,4,0.9394572025052192,0.4769647696476965,1.0
15,0,2,0,2,4,5,0,0.5699373695198331,0.4281842818428185,1.0
122,0,2,1,21,2,5,1,0.9290187891440502,0.13550135501355012,0.0
122,0,2,0,21,0,5,4,0.9290187891440502,0.11924119241192412,0.0
5,1,2,0,14,4,5,0,0.9394572025052192,0.016260162601626015,0.0
5,0,2,0,21,3,5,4,0.9394572025052192,0.07588075880758807,1.0
103,0,2,0,6,4,5,4,0.9791231732776617,0.24390243902439024,0.0
64,1,2,2,20,7,5,4,0.32150313152400845,0.8617886178861789,1.0
5,0,2,0,18,4,5,3,0.9394572025052192,0.2981029810298103,1.0
49,0,2,0,2,4,5,0,0.9394572025052192,0.5365853658536585,0.0
5,0,2,2,21,7,0,3,0.9394572025052192,0.04878048780487805,0.0
7,0,2,0,19,5,5,1,0.676409185803758,0.05420054200542005,0.0
31,1,2,2,16,5,1,0,0.7640918580375784,0.11382113821138211,0.0
38,0,2,0,1,4,5,4,0.7724425887265136,0.005420054200542005,0.0
5,1,2,0,21,4,5,4,0.9394572025052192,0.8888888888888888,1.0
64,0,2,0,15,2,5,0,0.32150313152400845,0.6612466124661246,0.0
13,0,2,0,21,4,5,4,0.9519832985386223,0.2222222222222222,0.0
11,1,2,0,15,4,5,5,0.16701461377870586,0.2005420054200542,1.0
82,1,2,0,11,4,5,5,0.8768267223382047,0.17344173441734417,0.0
120,1,0,4,15,4,5,5,0.9498956158663885,0.24390243902439024,0.0
116,0,2,2,19,4,5,0,0.47599164926931103,0.3739837398373984,0.0
13,0,2,2,21,5,5,4,0.9519832985386223,1.0,0.0
5,0,2,0,21,5,5,0,0.9394572025052192,0.1951219512195122,0.0
121,0,2,0,8,1,5,4,1.0,0.12466124661246611,0.0
13,1,2,3,14,6,4,0,0.9519832985386223,0.2872628726287263,0.0
5,1,2,1,13,4,5,5,0.9394572025052192,0.4823848238482385,0.0
5,0,2,0,21,3,5,4,0.9394572025052192,0.11924119241192412,0.0
64,1,0,1,15,4,5,5,0.32150313152400845,0.24932249322493225,1.0
91,0,2,2,21,4,5,1,0.9248434237995826,0.2005420054200542,0.0
47,0,2,2,4,7,5,5,0.778705636743215,0.31978319783197834,0.0
95,0,2,0,5,5,5,4,0.8037578288100209,0.06504065040650406,0.0
5,0,2,2,21,1,1,1,0.9394572025052192,0.39566395663956644,0.0
120,0,2,0,6,2,5,3,0.9498956158663885,0.5799457994579945,0.0
64,1,0,1,20,4,5,5,0.32150313152400845,0.2981029810298103,1.0
39,1,2,0,14,4,5,5,0.1774530271398751,0.31978319783197834,1.0
3,0,2,2,4,4,5,4,0.1837160751565763,0.7642276422764227,0.0
64,1,2,0,11,5,4,0,0.32150313152400845,0.20596205962059622,0.0
5,0,2,2,21,1,5,4,0.9394572025052192,0.6829268292682926,0.0
21,1,1,0,19,4,5,3,0.5594989561586641,0.29268292682926833,1.0
5,1,2,0,11,4,5,1,0.9394572025052192,0.5040650406504065,1.0
13,0,2,2,1,3,5,1,0.9519832985386223,0.26558265582655827,0.0
64,0,2,0,17,2,5,0,0.32150313152400845,0.016260162601626015,1.0
5,0,2,0,18,4,5,1,0.9394572025052192,0.0975609756097561,0.0
13,0,2,2,21,1,1,0,0.9519832985386223,0.005420054200542005,0.0
49,1,2,1,13,4,5,5,0.9394572025052192,0.23306233062330622,0.0
48,0,2,0,3,3,5,2,0.9185803757828812,0.0921409214092141,0.0
4,0,2,0,15,2,5,0,0.6972860125260962,0.16260162601626016,0.0
5,1,2,0,21,3,5,1,0.9394572025052192,0.02168021680216802,0.0
5,0,2,2,21,3,5,0,0.9394572025052192,0.34146341463414637,0.0
64,0,2,0,18,2,5,1,0.32150313152400845,1.0,1.0
112,0,1,0,21,4,5,0,0.9457202505219209,0.05962059620596205,0.0
5,1,2,0,13,4,4,5,0.9394572025052192,0.5745257452574526,0.0
6,1,0,0,14,4,5,0,0.9478079331941547,0.14634146341463414,0.0
95,1,1,0,11,6,5,0,0.8037578288100209,0.24390243902439024,0.0
93,0,2,0,19,1,2,0,0.40918580375782887,0.0,0.0
48,0,2,0,21,4,5,3,0.9185803757828812,0.5257452574525745,0.0
117,1,2,0,13,4,5,1,0.4613778705636744,0.24390243902439024,0.0
5,1,2,0,1,4,5,3,0.9394572025052192,0.7533875338753387,1.0
5,0,2,2,8,3,2,2,0.9394572025052192,1.0,0.0
64,0,2,0,1,3,5,4,0.32150313152400845,0.027100271002710022,1.0
13,0,2,2,21,2,2,4,0.9519832985386223,0.6341463414634146,0.0
5,0,2,0,3,3,5,3,0.9394572025052192,0.6124661246612466,1.0
91,0,2,0,17,0,5,4,0.9248434237995826,0.1084010840108401,0.0
13,0,2,0,18,4,5,1,0.9519832985386223,0.0921409214092141,0.0
30,0,2,2,1,0,5,3,0.8914405010438415,0.9701897018970189,0.0
64,0,2,2,19,1,5,3,0.32150313152400845,0.016260162601626015,1.0
42,0,2,1,7,1,4,4,0.47599164926931103,0.39566395663956644,0.0
85,1,2,4,15,4,5,5,0.8893528183716073,0.04336043360433604,0.0
5,0,2,2,7,1,5,1,0.9394572025052192,0.2818428184281843,0.0
48,0,2,0,7,2,5,4,0.9185803757828812,0.12466124661246611,0.0
64,0,2,0,17,3,5,5,0.32150313152400845,0.11924119241192412,1.0
64,0,2,2,17,3,2,0,0.32150313152400845,0.31436314363143636,0.0
99,0,2,2,8,4,1,0,0.8643006263048016,0.027100271002710022,0.0
112,0,2,0,2,0,5,0,0.9457202505219209,0.1084010840108401,0.0
15,0,2,2,1,2,5,2,0.5699373695198331,0.2764227642276423,1.0
5,0,2,0,21,2,5,4,0.9394572025052192,0.3252032520325204,1.0
99,0,1,0,19,0,5,2,0.8643006263048016,0.34688346883468835,0.0
91,0,1,0,18,4,5,0,0.9248434237995826,0.14634146341463414,0.0
13,0,2,2,6,4,5,1,0.9519832985386223,0.4661246612466125,0.0
2,1,0,1,14,4,5,5,0.8705636743215033,0.04878048780487805,0.0
5,1,0,0,14,5,5,0,0.9394572025052192,0.43902439024390244,0.0
64,0,2,0,2,3,5,0,0.32150313152400845,0.30352303523035234,1.0
64,0,0,2,14,1,5,0,0.32150313152400845,0.05962059620596205,1.0
49,1,2,1,11,3,5,0,0.9394572025052192,0.8238482384823848,0.0
82,1,2,0,15,2,5,5,0.8768267223382047,0.15176151761517614,0.0
5,0,1,0,13,1,2,0,0.9394572025052192,0.5853658536585366,1.0
116,0,2,0,2,4,5,0,0.47599164926931103,0.027100271002710022,1.0
5,0,2,0,1,7,1,0,0.9394572025052192,0.40650406504065045,0.0
5,0,2,0,21,0,5,4,0.9394572025052192,0.5257452574525745,0.0
13,0,2,2,21,4,5,2,0.9519832985386223,0.04336043360433604,0.0
30,1,2,2,2,2,5,1,0.8914405010438415,0.037940379403794036,0.0
5,0,2,0,3,5,1,0,0.9394572025052192,0.6504065040650406,0.0
121,1,0,0,14,4,5,0,1.0,0.8617886178861789,1.0
5,0,2,2,5,4,1,0,0.9394572025052192,0.2872628726287263,0.0
5,0,2,0,2,6,5,1,0.9394572025052192,0.05420054200542005,0.0
95,0,2,2,3,2,5,4,0.8037578288100209,0.26558265582655827,0.0
3,0,2,0,13,4,5,0,0.1837160751565763,0.13550135501355012,1.0
5,1,0,0,13,3,5,0,0.9394572025052192,0.13008130081300812,0.0
37,0,2,2,21,4,5,4,0.5636743215031317,0.1842818428184282,0.0
5,1,2,0,21,4,5,4,0.9394572025052192,0.14634146341463414,1.0
69,0,2,0,16,4,1,0,0.7891440501043843,0.11382113821138211,0.0
5,0,2,3,21,4,5,2,0.9394572025052192,0.22764227642276422,0.0
48,0,2,0,21,5,5,4,0.9185803757828812,0.05962059620596205,0.0
61,1,2,0,13,4,5,0,0.4425887265135702,0.05420054200542005,0.0
64,0,2,2,11,4,5,5,0.32150313152400845,0.15176151761517614,1.0
15,0,0,2,11,4,5,0,0.5699373695198331,0.016260162601626015,0.0
21,0,2,0,16,1,1,0,0.5594989561586641,0.13008130081300812,0.0
91,0,2,0,10,1,5,4,0.9248434237995826,0.14634146341463414,0.0
1,0,1,0,11,0,5,0,0.8872651356993737,0.005420054200542005,0.0
2,0,2,0,1,4,5,1,0.8705636743215033,0.3685636856368564,0.0
55,1,2,1,7,1,1,4,0.8517745302713988,0.16802168021680217,0.0
91,0,2,2,2,4,5,0,0.9248434237995826,0.35772357723577236,0.0
30,1,2,2,1,4,5,0,0.8914405010438415,0.31978319783197834,1.0
64,0,2,0,8,5,5,5,0.32150313152400845,0.016260162601626015,1.0
5,0,2,0,21,3,5,3,0.9394572025052192,0.21138211382113822,0.0
5,0,2,0,19,3,4,4,0.9394572025052192,0.05420054200542005,1.0
5,0,2,0,21,2,5,0,0.9394572025052192,0.14634146341463414,0.0
22,1,0,1,0,4,5,0,0.018789144050104567,0.07046070460704607,1.0
91,0,2,0,1,3,5,4,0.9248434237995826,0.16802168021680217,0.0
5,0,2,0,1,3,5,0,0.9394572025052192,0.23848238482384823,0.0
64,0,2,0,16,1,5,1,0.32150313152400845,0.0921409214092141,1.0
55,0,2,1,2,6,5,2,0.8517745302713988,0.959349593495935,0.0
5,0,2,0,4,2,2,0,0.9394572025052192,0.07588075880758807,0.0
48,0,2,0,10,4,5,1,0.9185803757828812,0.05420054200542005,0.0
64,0,2,0,20,4,5,0,0.32150313152400845,0.23848238482384823,1.0
83,0,2,2,19,2,2,0,0.6096033402922756,0.17886178861788618,0.0
11,0,2,2,17,7,0,0,0.16701461377870586,0.15176151761517614,0.0
13,1,2,2,13,4,5,1,0.9519832985386223,0.7208672086720866,0.0
64,0,2,2,18,1,5,5,0.32150313152400845,0.8726287262872628,1.0
31,1,2,0,16,7,5,5,0.7640918580375784,0.3089430894308943,0.0
5,0,2,0,17,0,1,0,0.9394572025052192,0.7262872628726287,0.0
48,0,2,0,21,7,5,4,0.9185803757828812,0.3523035230352304,0.0
64,0,0,2,13,4,1,1,0.32150313152400845,0.31978319783197834,0.0
13,1,0,2,1,4,4,0,0.9519832985386223,1.0,0.0
5,0,2,0,21,4,5,4,0.9394572025052192,0.6991869918699186,1.0
48,0,0,0,18,1,1,1,0.9185803757828812,1.0,0.0
48,0,2,0,21,0,5,1,0.9185803757828812,0.07046070460704607,0.0
64,0,2,0,18,4,1,2,0.32150313152400845,0.43360433604336046,1.0
98,1,2,1,11,4,5,5,0.47599164926931103,0.04336043360433604,0.0
91,0,2,0,21,1,5,0,0.9248434237995826,0.04336043360433604,0.0
30,1,2,0,13,4,5,0,0.8914405010438415,0.4932249322493225,0.0
63,0,2,2,17,4,5,0,0.6805845511482254,0.5853658536585366,0.0
5,0,2,0,10,2,5,3,0.9394572025052192,0.26558265582655827,0.0
99,0,2,0,6,4,5,3,0.8643006263048016,0.1897018970189702,0.0
64,0,2,0,17,6,5,5,0.32150313152400845,0.3523035230352304,0.0
5,0,2,2,21,6,5,4,0.9394572025052192,0.46070460704607047,0.0
13,0,2,0,21,3,5,2,0.9519832985386223,0.016260162601626015,0.0
5,0,2,2,6,2,5,4,0.9394572025052192,0.5691056910569106,0.0
48,0,2,2,5,2,5,4,0.9185803757828812,0.3848238482384824,0.0
48,1,0,0,18,1,1,0,0.9185803757828812,0.39566395663956644,0.0
13,0,2,0,8,4,5,4,0.9519832985386223,0.6124661246612466,1.0
6,0,2,2,21,1,5,3,0.9478079331941547,0.1842818428184282,0.0
5,0,2,0,6,7,5,3,0.9394572025052192,0.23848238482384823,0.0
55,0,2,1,15,4,5,0,0.8517745302713988,0.1897018970189702,0.0
5,0,2,0,17,7,5,4,0.9394572025052192,0.6720867208672087,0.0
6,0,0,4,2,4,5,0,0.9478079331941547,0.037940379403794036,0.0
49,0,2,2,21,3,4,2,0.9394572025052192,0.29268292682926833,0.0
13,0,2,0,21,4,5,4,0.9519832985386223,0.05962059620596205,0.0
94,0,2,2,17,3,5,0,0.6931106471816286,1.0,0.0
70,1,0,0,19,4,5,5,0.9791231732776617,0.8943089430894309,0.0
101,0,2,2,6,2,4,4,0.5929018789144052,0.03252032520325203,1.0
5,0,2,0,6,6,3,4,0.9394572025052192,0.2818428184281843,0.0
6,0,2,0,19,3,5,0,0.9478079331941547,0.7479674796747967,0.0
1,0,1,1,16,2,5,3,0.8872651356993737,0.11382113821138211,0.0
33,1,2,0,14,7,5,0,0.47599164926931103,0.25474254742547425,0.0
13,0,2,2,1,4,5,2,0.9519832985386223,0.14634146341463414,0.0
103,0,2,2,21,4,5,0,0.9791231732776617,0.11382113821138211,0.0
5,0,2,0,7,4,5,4,0.9394572025052192,0.20596205962059622,1.0
5,0,0,0,0,4,5,0,0.9394572025052192,0.48780487804878053,1.0
64,1,0,1,13,4,5,5,0.32150313152400845,0.16802168021680217,0.0
5,1,2,0,12,4,5,4,0.9394572025052192,0.2981029810298103,1.0
30,0,2,2,1,0,5,4,0.8914405010438415,0.005420054200542005,0.0
55,0,1,1,11,1,2,0,0.8517745302713988,0.11382113821138211,0.0
42,1,0,0,17,1,5,1,0.47599164926931103,0.23306233062330622,0.0
64,0,2,0,8,4,5,0,0.32150313152400845,0.41734417344173447,1.0
2,1,1,0,13,4,5,0,0.8705636743215033,0.8509485094850948,0.0
95,0,2,2,5,4,5,0,0.8037578288100209,0.23306233062330622,0.0
64,0,0,2,17,3,4,0,0.32150313152400845,0.43902439024390244,1.0
83,0,2,0,16,0,0,0,0.6096033402922756,0.11924119241192412,0.0
5,0,2,3,21,3,5,0,0.9394572025052192,0.42276422764227645,1.0
11,0,2,0,17,1,5,1,0.16701461377870586,0.6287262872628726,1.0
5,0,2,0,5,4,5,4,0.9394572025052192,0.5311653116531165,0.0
63,0,2,0,18,4,5,0,0.6805845511482254,0.13008130081300812,0.0
3,0,2,0,21,4,5,0,0.1837160751565763,1.0,1.0
73,1,2,1,15,4,5,5,0.0,0.46070460704607047,1.0
49,0,2,1,4,2,5,3,0.9394572025052192,1.0,0.0
32,1,0,0,13,4,5,5,0.03549060542797511,0.29268292682926833,1.0
5,0,2,0,18,3,5,1,0.9394572025052192,0.23306233062330622,0.0
75,1,0,1,14,0,0,5,0.676409185803758,0.46070460704607047,0.0
55,0,2,2,21,6,5,4,0.8517745302713988,0.23306233062330622,0.0
11,1,0,0,0,4,5,0,0.16701461377870586,0.5420054200542005,1.0
5,0,2,0,21,2,5,4,0.9394572025052192,1.0,0.0
13,1,0,1,13,6,5,0,0.9519832985386223,0.3360433604336044,1.0
48,1,0,0,11,4,5,5,0.9185803757828812,0.04878048780487805,0.0
42,1,2,0,21,5,5,4,0.47599164926931103,0.16802168021680217,0.0
23,1,2,2,16,4,5,0,0.5741127348643007,0.4281842818428185,1.0
121,0,2,0,16,3,5,0,1.0,0.05420054200542005,0.0
5,1,0,0,13,7,4,0,0.9394572025052192,0.11924119241192412,0.0
5,0,2,0,9,6,5,4,0.9394572025052192,0.2981029810298103,0.0
30,0,2,2,16,4,5,1,0.8914405010438415,0.11924119241192412,0.0
21,0,0,0,15,1,5,5,0.5594989561586641,0.21138211382113822,0.0
13,0,2,2,3,0,0,0,0.9519832985386223,0.11924119241192412,0.0
64,0,2,0,16,3,5,1,0.32150313152400845,0.005420054200542005,1.0
64,0,0,0,19,3,5,0,0.32150313152400845,0.3089430894308943,1.0
49,0,2,0,2,1,5,1,0.9394572025052192,0.48780487804878053,0.0
94,0,0,1,14,2,5,0,0.6931106471816286,0.14092140921409213,0.0
48,0,2,2,21,4,5,4,0.9185803757828812,0.43902439024390244,0.0
64,1,1,3,18,0,5,3,0.32150313152400845,0.17886178861788618,0.0
64,0,0,2,15,0,5,0,0.32150313152400845,0.04878048780487805,1.0
5,0,2,0,5,0,3,4,0.9394572025052192,1.0,0.0
55,0,2,2,8,3,5,2,0.8517745302713988,0.05962059620596205,0.0
69,0,2,0,19,4,5,0,0.7891440501043843,0.2005420054200542,0.0
30,0,2,2,19,7,4,2,0.8914405010438415,0.14634146341463414,0.0
51,0,2,0,12,1,5,1,0.9039665970772444,0.1897018970189702,0.0
5,1,2,3,6,1,2,0,0.9394572025052192,0.04336043360433604,1.0
49,0,2,0,16,4,5,0,0.9394572025052192,0.1897018970189702,0.0
5,1,0,1,11,5,5,0,0.9394572025052192,0.14634146341463414,1.0
13,0,0,2,5,2,5,0,0.9519832985386223,0.05962059620596205,0.0
5,0,2,0,21,4,5,4,0.9394572025052192,0.5962059620596206,0.0
49,0,2,0,18,1,5,4,0.9394572025052192,0.04878048780487805,0.0
5,1,2,3,21,4,5,4,0.9394572025052192,0.07046070460704607,0.0
42,0,1,0,3,3,5,4,0.47599164926931103,0.14092140921409213,0.0
64,0,2,0,6,4,5,1,0.32150313152400845,0.3631436314363144,0.0
64,0,1,0,13,0,5,0,0.32150313152400845,1.0,0.0
30,0,2,0,1,1,5,4,0.8914405010438415,0.13008130081300812,0.0
103,1,2,1,16,4,5,4,0.9791231732776617,0.8726287262872628,0.0
105,0,2,0,7,4,5,0,0.7515657620041754,0.14634146341463414,0.0
2,0,0,1,5,7,5,1,0.8705636743215033,0.23848238482384823,0.0
11,0,2,0,5,1,5,1,0.16701461377870586,0.5745257452574526,0.0
70,1,0,0,11,4,5,0,0.9791231732776617,0.5040650406504065,0.0
95,0,2,0,7,7,5,0,0.8037578288100209,0.4823848238482385,0.0
11,0,2,0,16,7,5,1,0.16701461377870586,0.7425474254742547,0.0
5,0,2,0,21,1,5,4,0.9394572025052192,0.39566395663956644,0.0
5,0,2,0,2,1,5,2,0.9394572025052192,0.6124661246612466,0.0
69,0,2,0,13,7,5,0,0.7891440501043843,0.14634146341463414,0.0
64,1,0,0,13,4,5,5,0.32150313152400845,0.4823848238482385,1.0
49,0,2,0,14,0,5,0,0.9394572025052192,0.5691056910569106,0.0
5,0,2,2,16,3,4,0,0.9394572025052192,0.04336043360433604,0.0
5,0,2,2,5,4,0,1,0.9394572025052192,0.13550135501355012,0.0
112,1,0,0,13,4,5,5,0.9457202505219209,0.5474254742547425,0.0
5,0,2,0,21,4,5,4,0.9394572025052192,0.2710027100271003,0.0
5,0,2,0,17,1,2,0,0.9394572025052192,0.2222222222222222,0.0
101,0,2,0,16,0,5,0,0.5929018789144052,0.03252032520325203,0.0
64,0,2,2,1,4,5,0,0.32150313152400845,0.0975609756097561,1.0
5,0,2,0,11,3,5,0,0.9394572025052192,0.6720867208672087,0.0
64,0,0,2,14,4,5,0,0.32150313152400845,0.8130081300813008,1.0
103,0,2,4,4,7,1,3,0.9791231732776617,0.16802168021680217,1.0
48,0,2,0,16,4,5,4,0.9185803757828812,0.05962059620596205,1.0
13,0,1,0,15,7,5,1,0.9519832985386223,0.14092140921409213,0.0
5,1,0,2,1,4,5,0,0.9394572025052192,0.7425474254742547,1.0
114,0,2,0,16,4,5,0,0.9498956158663885,1.0,1.0
48,0,2,0,17,4,5,2,0.9185803757828812,0.03252032520325203,0.0
5,0,2,0,21,1,5,4,0.9394572025052192,0.16802168021680217,0.0
21,0,0,0,15,0,0,1,0.5594989561586641,0.8943089430894309,0.0
64,1,0,0,15,4,5,5,0.32150313152400845,0.027100271002710022,1.0
5,1,2,4,11,0,0,0,0.9394572025052192,0.06504065040650406,0.0
5,0,2,0,2,4,5,0,0.9394572025052192,0.35772357723577236,0.0
89,1,0,0,14,4,5,5,0.826722338204593,0.4661246612466125,0.0
6,1,2,0,20,4,5,5,0.9478079331941547,0.1084010840108401,0.0
11,0,2,0,15,4,5,0,0.16701461377870586,0.03252032520325203,1.0
64,0,2,0,7,3,5,4,0.32150313152400845,0.03252032520325203,0.0
5,0,2,0,5,3,5,4,0.9394572025052192,0.0921409214092141,0.0
64,1,2,0,4,4,5,5,0.32150313152400845,0.3360433604336044,1.0
95,0,2,2,13,3,5,0,0.8037578288100209,0.07046070460704607,0.0
4,0,2,0,8,4,5,4,0.6972860125260962,0.07588075880758807,0.0
116,1,2,0,11,4,5,0,0.47599164926931103,0.7750677506775068,1.0
64,0,1,0,16,4,5,0,0.32150313152400845,1.0,1.0
30,0,2,2,15,4,1,0,0.8914405010438415,1.0,0.0
49,0,2,0,16,1,5,0,0.9394572025052192,0.5365853658536585,0.0
64,1,2,2,11,4,0,0,0.32150313152400845,0.04878048780487805,1.0
30,1,0,2,15,4,5,5,0.8914405010438415,0.46070460704607047,0.0
0,0,0,2,16,0,5,0,0.7870563674321502,0.010840108401084009,0.0
64,0,0,1,16,4,5,0,0.32150313152400845,0.4932249322493225,1.0
5,0,2,2,8,2,5,4,0.9394572025052192,0.12466124661246611,1.0
103,0,0,2,16,4,5,0,0.9791231732776617,0.23306233062330622,0.0
48,0,2,2,1,1,5,0,0.9185803757828812,0.22764227642276422,0.0
95,0,2,0,19,0,1,1,0.8037578288100209,0.2818428184281843,0.0
5,0,2,0,21,1,5,4,0.9394572025052192,0.0921409214092141,0.0
64,1,0,2,13,4,5,0,0.32150313152400845,0.17886178861788618,1.0
102,1,2,2,15,4,2,0,0.2275574112734864,0.4769647696476965,1.0
49,0,2,0,3,1,5,0,0.9394572025052192,0.15718157181571815,0.0
70,0,2,3,21,2,4,4,0.9791231732776617,0.8672086720867208,0.0
64,0,2,0,0,4,5,0,0.32150313152400845,0.14092140921409213,1.0
15,0,0,1,0,4,4,0,0.5699373695198331,0.010840108401084009,0.0
5,0,2,0,7,3,4,4,0.9394572025052192,0.08672086720867209,0.0
30,1,0,0,17,4,5,0,0.8914405010438415,0.6883468834688347,0.0
65,1,2,0,20,4,5,5,0.8956158663883091,0.5149051490514904,1.0
5,0,2,2,21,4,5,0,0.9394572025052192,0.9159891598915989,1.0
65,0,2,2,7,1,0,0,0.8956158663883091,0.10298102981029811,0.0
5,1,2,0,4,0,5,4,0.9394572025052192,0.20596205962059622,1.0
5,0,2,0,14,7,0,0,0.9394572025052192,1.0,0.0
48,1,2,0,13,1,5,2,0.9185803757828812,0.10298102981029811,0.0
64,0,2,0,19,0,0,5,0.32150313152400845,0.3631436314363144,1.0
5,0,2,0,17,3,5,4,0.9394572025052192,0.5203252032520325,0.0
49,1,0,0,21,1,5,0,0.9394572025052192,0.016260162601626015,0.0
5,0,2,2,21,1,1,0,0.9394572025052192,1.0,0.0
13,1,1,2,18,6,2,1,0.9519832985386223,0.6504065040650406,0.0
101,0,2,1,16,4,5,1,0.5929018789144052,0.16802168021680217,0.0
4,0,2,2,5,4,5,4,0.6972860125260962,0.15718157181571815,0.0
64,0,2,0,17,1,5,0,0.32150313152400845,0.08672086720867209,1.0
64,0,2,2,1,4,5,0,0.32150313152400845,0.2222222222222222,1.0
13,0,2,0,1,4,5,5,0.9519832985386223,0.5582655826558265,0.0
48,0,2,2,1,1,5,0,0.9185803757828812,0.2710027100271003,0.0
11,1,2,2,14,4,5,3,0.16701461377870586,0.20596205962059622,1.0
46,0,1,0,15,3,5,5,0.6179540709812108,0.21138211382113822,0.0
94,0,0,0,18,1,2,0,0.6931106471816286,0.016260162601626015,0.0
5,0,2,0,16,3,5,1,0.9394572025052192,1.0,0.0
121,0,2,0,14,4,1,3,1.0,0.2222222222222222,0.0
13,1,0,0,11,4,5,0,0.9519832985386223,0.8238482384823848,0.0
15,0,2,0,19,4,5,1,0.5699373695198331,0.5257452574525745,0.0
64,1,0,2,13,4,5,5,0.32150313152400845,0.5040650406504065,1.0
5,0,2,0,16,3,5,0,0.9394572025052192,0.1084010840108401,0.0
5,0,2,0,15,3,5,0,0.9394572025052192,0.8401084010840109,0.0
41,1,0,0,11,4,5,5,0.457202505219207,0.23306233062330622,1.0
6,1,0,0,11,4,5,0,0.9478079331941547,0.20596205962059622,1.0
85,1,0,0,16,4,5,0,0.8893528183716073,0.3360433604336044,1.0
64,1,0,1,11,4,5,5,0.32150313152400845,1.0,0.0
64,0,0,0,11,3,5,0,0.32150313152400845,0.22764227642276422,1.0
101,1,0,1,11,4,5,1,0.5929018789144052,0.2168021680216802,0.0
82,0,2,1,19,1,5,0,0.8768267223382047,0.3685636856368564,0.0
37,0,2,2,21,4,5,0,0.5636743215031317,0.3848238482384824,1.0
77,1,0,0,17,4,5,5,0.6388308977035491,0.0,0.0
3,1,2,0,14,4,5,0,0.1837160751565763,0.2818428184281843,1.0
64,0,2,2,10,3,5,4,0.32150313152400845,0.9376693766937669,1.0
5,1,2,1,21,6,5,4,0.9394572025052192,0.13550135501355012,0.0
5,1,2,0,20,4,5,0,0.9394572025052192,0.22764227642276422,0.0
104,0,2,2,21,0,5,0,0.47599164926931103,0.04878048780487805,0.0
70,0,2,2,21,0,5,0,0.9791231732776617,0.30352303523035234,0.0
103,0,2,2,21,4,5,1,0.9791231732776617,0.8780487804878049,0.0
83,0,2,0,16,3,5,0,0.6096033402922756,0.23848238482384823,0.0
50,1,0,0,13,4,5,0,0.6200417536534448,0.5040650406504065,1.0
103,0,2,0,13,0,0,0,0.9791231732776617,0.7425474254742547,0.0
49,1,2,2,20,4,5,0,0.9394572025052192,0.04336043360433604,0.0
112,1,2,4,0,4,5,5,0.9457202505219209,0.5528455284552846,0.0
49,0,2,0,10,6,5,4,0.9394572025052192,0.1951219512195122,0.0
6,0,2,0,1,2,5,0,0.9478079331941547,0.4281842818428185,0.0
30,0,1,2,7,2,5,0,0.8914405010438415,0.0975609756097561,0.0
5,0,2,2,8,3,5,1,0.9394572025052192,0.07588075880758807,0.0
13,0,2,2,6,1,5,1,0.9519832985386223,0.4010840108401084,0.0
36,1,0,2,9,4,5,1,0.536534446764092,0.2981029810298103,1.0
116,0,2,0,1,4,5,4,0.47599164926931103,0.027100271002710022,1.0
114,1,0,0,11,4,5,0,0.9498956158663885,0.3631436314363144,0.0
101,0,2,2,8,4,5,1,0.5929018789144052,0.04878048780487805,1.0
14,1,0,0,11,4,5,0,0.665970772442589,0.11924119241192412,1.0
49,0,2,0,6,4,5,1,0.9394572025052192,0.1951219512195122,0.0
116,0,0,0,5,4,5,0,0.47599164926931103,0.23848238482384823,0.0
13,1,0,0,16,4,5,5,0.9519832985386223,0.3794037940379404,0.0
5,0,0,2,21,4,5,0,0.9394572025052192,0.7479674796747967,0.0
64,0,2,0,13,0,1,0,0.32150313152400845,0.30352303523035234,0.0
13,0,2,3,21,1,2,4,0.9519832985386223,0.06504065040650406,1.0
3,1,2,0,0,4,5,0,0.1837160751565763,1.0,0.0
5,0,2,0,16,4,5,1,0.9394572025052192,0.24932249322493225,1.0
5,0,2,0,3,4,5,0,0.9394572025052192,0.5203252032520325,0.0
94,0,2,0,2,2,5,1,0.6931106471816286,0.3739837398373984,0.0
64,0,2,0,16,1,4,1,0.32150313152400845,0.7750677506775068,1.0
65,0,2,2,14,7,0,1,0.8956158663883091,0.2818428184281843,0.0
64,0,2,0,1,3,5,0,0.32150313152400845,0.31436314363143636,1.0
13,0,2,1,10,1,5,4,0.9519832985386223,0.17344173441734417,0.0
64,0,1,0,17,4,5,1,0.32150313152400845,0.1084010840108401,0.0
64,0,2,0,17,4,5,1,0.32150313152400845,0.0921409214092141,1.0
86,0,2,0,11,4,5,1,0.5636743215031317,0.41734417344173447,1.0
30,0,2,2,21,2,5,4,0.8914405010438415,0.08672086720867209,0.0
29,1,2,0,21,4,5,5,0.47599164926931103,0.5691056910569106,0.0
48,0,2,1,7,4,5,1,0.9185803757828812,0.3685636856368564,0.0
64,0,2,0,17,4,5,0,0.32150313152400845,0.13550135501355012,1.0
64,0,0,2,16,1,5,5,0.32150313152400845,0.6124661246612466,1.0
65,0,2,0,6,2,5,4,0.8956158663883091,0.10298102981029811,0.0
48,0,2,0,3,1,5,3,0.9185803757828812,0.04878048780487805,0.0
0,0,2,0,4,0,1,0,0.7870563674321502,0.11924119241192412,0.0
5,0,2,0,13,3,5,0,0.9394572025052192,1.0,0.0
6,1,0,0,20,4,5,0,0.9478079331941547,0.13008130081300812,0.0
15,0,1,0,15,4,5,0,0.5699373695198331,0.3848238482384824,0.0
13,0,2,0,18,5,5,5,0.9519832985386223,0.2818428184281843,0.0
49,1,1,0,19,4,5,1,0.9394572025052192,0.29268292682926833,1.0
5,1,0,0,20,4,5,0,0.9394572025052192,0.16260162601626016,1.0
68,1,0,0,1,4,5,0,0.47599164926931103,0.3685636856368564,0.0
49,0,2,0,21,4,5,4,0.9394572025052192,0.34146341463414637,1.0
1,0,2,0,6,7,5,1,0.8872651356993737,0.22764227642276422,0.0
5,0,2,2,16,7,5,1,0.9394572025052192,0.07588075880758807,0.0
64,0,2,0,14,4,5,0,0.32150313152400845,1.0,0.0
91,0,2,0,21,7,4,4,0.9248434237995826,0.010840108401084009,0.0
13,0,2,3,0,4,5,0,0.9519832985386223,0.04878048780487805,0.0
33,1,0,1,11,4,5,5,0.47599164926931103,0.06504065040650406,0.0
64,1,2,0,20,1,2,0,0.32150313152400845,0.3089430894308943,1.0
48,1,2,0,14,4,5,5,0.9185803757828812,0.7154471544715447,0.0
5,0,2,2,21,4,1,4,0.9394572025052192,0.5203252032520325,0.0
13,1,0,1,19,1,5,0,0.9519832985386223,0.02168021680216802,0.0
56,0,2,2,2,4,5,0,0.6388308977035491,0.8238482384823848,0.0
49,0,2,1,17,0,5,1,0.9394572025052192,1.0,0.0
51,1,2,0,11,4,5,0,0.9039665970772444,0.13008130081300812,1.0
13,0,2,0,1,7,5,0,0.9519832985386223,0.13550135501355012,0.0
48,0,2,2,5,7,1,0,0.9185803757828812,0.2222222222222222,0.0
112,0,2,2,15,2,5,2,0.9457202505219209,0.3523035230352304,0.0
5,1,2,0,13,2,2,0,0.9394572025052192,0.17886178861788618,0.0
99,0,2,0,15,7,5,0,0.8643006263048016,0.14634146341463414,0.0
64,0,2,0,3,3,5,4,0.32150313152400845,0.07046070460704607,1.0
64,0,0,1,17,4,5,0,0.32150313152400845,0.33062330623306235,1.0
99,1,2,0,21,5,2,1,0.8643006263048016,0.7100271002710027,0.0
117,0,2,0,21,1,5,0,0.4613778705636744,0.2981029810298103,0.0
5,0,2,0,6,3,5,0,0.9394572025052192,0.5962059620596206,1.0
49,0,2,0,21,4,5,2,0.9394572025052192,0.7913279132791328,0.0
48,0,0,0,17,4,5,5,0.9185803757828812,0.08130081300813008,0.0
64,0,2,0,16,3,5,0,0.32150313152400845,0.5311653116531165,1.0
116,1,0,0,11,4,5,5,0.47599164926931103,0.0921409214092141,1.0
64,0,2,0,16,0,5,5,0.32150313152400845,0.11382113821138211,1.0
65,0,2,0,18,1,1,1,0.8956158663883091,0.6124661246612466,0.0
48,1,2,1,21,4,5,4,0.9185803757828812,0.13550135501355012,1.0
101,0,2,0,21,4,5,4,0.5929018789144052,0.43902439024390244,0.0
36,0,2,0,6,4,5,0,0.536534446764092,0.25474254742547425,0.0
47,0,2,0,16,5,5,4,0.778705636743215,0.6612466124661246,0.0
64,0,2,0,19,4,5,0,0.32150313152400845,0.16260162601626016,0.0
5,0,2,2,6,1,5,1,0.9394572025052192,0.5691056910569106,0.0
5,0,2,0,21,7,1,4,0.9394572025052192,0.6070460704607046,0.0
50,1,0,1,11,4,5,0,0.6200417536534448,0.12466124661246611,0.0
64,1,2,0,18,4,5,0,0.32150313152400845,0.5962059620596206,1.0
48,0,2,0,1,2,4,5,0.9185803757828812,0.26558265582655827,0.0
122,0,2,0,21,4,5,4,0.9290187891440502,0.1951219512195122,0.0
14,1,2,0,15,4,5,1,0.665970772442589,1.0,0.0
5,0,2,0,18,4,5,1,0.9394572025052192,0.1951219512195122,1.0
1,0,2,0,3,2,5,4,0.8872651356993737,0.07046070460704607,0.0
11,1,0,0,11,4,5,0,0.16701461377870586,0.17344173441734417,1.0
5,0,2,2,21,4,5,1,0.9394572025052192,0.3523035230352304,0.0
64,0,2,2,0,4,5,0,0.32150313152400845,0.17886178861788618,0.0
101,0,2,0,17,4,5,0,0.5929018789144052,0.14092140921409213,1.0
64,0,2,0,13,3,5,1,0.32150313152400845,0.23848238482384823,1.0
11,0,2,0,16,4,5,0,0.16701461377870586,0.31978319783197834,1.0
1,0,2,2,21,1,5,0,0.8872651356993737,0.016260162601626015,0.0
6,0,2,2,7,3,2,0,0.9478079331941547,0.1951219512195122,0.0
121,0,2,0,1,0,5,4,1.0,0.0975609756097561,0.0
74,0,0,0,1,1,4,0,0.8830897703549061,0.8346883468834688,0.0
64,0,2,0,14,3,5,0,0.32150313152400845,1.0,1.0
11,0,2,0,14,0,5,1,0.16701461377870586,0.11924119241192412,1.0
5,0,2,0,18,7,5,1,0.9394572025052192,0.8346883468834688,0.0
99,0,2,2,21,4,5,4,0.8643006263048016,0.5582655826558265,0.0
5,0,2,0,17,6,5,0,0.9394572025052192,0.2168021680216802,1.0
13,0,2,2,21,6,5,0,0.9519832985386223,0.3252032520325204,0.0
5,1,2,0,19,3,5,4,0.9394572025052192,1.0,0.0
103,0,2,0,21,1,5,3,0.9791231732776617,0.05962059620596205,0.0
91,0,2,0,5,1,5,1,0.9248434237995826,0.010840108401084009,0.0
5,0,0,0,17,0,5,4,0.9394572025052192,0.26558265582655827,0.0
6,0,2,0,16,7,5,1,0.9478079331941547,0.3685636856368564,0.0
5,0,2,0,7,6,5,4,0.9394572025052192,0.04878048780487805,0.0
26,0,2,2,14,7,1,1,0.7453027139874742,0.13550135501355012,0.0
5,0,2,2,21,4,5,1,0.9394572025052192,1.0,0.0
13,0,2,2,21,4,5,4,0.9519832985386223,0.016260162601626015,0.0
2,1,0,2,17,4,5,0,0.8705636743215033,0.11924119241192412,1.0
64,1,2,0,9,4,5,0,0.32150313152400845,0.20596205962059622,0.0
5,0,2,0,7,4,1,1,0.9394572025052192,0.21138211382113822,0.0
64,1,0,1,15,4,5,5,0.32150313152400845,0.10298102981029811,1.0
120,0,2,2,7,1,5,4,0.9498956158663885,0.35772357723577236,0.0
48,1,2,0,11,4,5,1,0.9185803757828812,0.1084010840108401,1.0
5,0,2,0,21,2,5,1,0.9394572025052192,0.6991869918699186,0.0
64,0,2,0,7,7,0,3,0.32150313152400845,0.5528455284552846,1.0
48,1,2,0,5,4,5,5,0.9185803757828812,0.4281842818428185,1.0
101,0,1,0,18,4,5,2,0.5929018789144052,0.30352303523035234,1.0
95,0,0,0,1,4,5,4,0.8037578288100209,0.08130081300813008,0.0
93,0,2,0,16,4,5,0,0.40918580375782887,0.2222222222222222,0.0
94,0,2,1,18,2,5,0,0.6931106471816286,0.06504065040650406,0.0
5,0,2,2,5,1,5,1,0.9394572025052192,0.08672086720867209,0.0
1,0,1,0,3,0,5,0,0.8872651356993737,0.05962059620596205,0.0
81,0,2,0,19,4,5,1,0.5323590814196242,0.4715447154471545,1.0
48,0,2,2,19,4,5,0,0.9185803757828812,0.17344173441734417,0.0
95,1,2,2,5,7,5,0,0.8037578288100209,0.17886178861788618,0.0
17,0,2,0,14,4,5,0,0.5260960334029228,0.5257452574525745,0.0
49,0,2,0,14,4,5,2,0.9394572025052192,0.2764227642276423,0.0
78,1,2,0,1,4,5,3,0.7453027139874742,0.016260162601626015,0.0
5,1,0,0,0,4,5,0,0.9394572025052192,0.2222222222222222,1.0
120,0,2,0,21,0,5,5,0.9498956158663885,0.6449864498644986,0.0
64,1,0,0,20,4,5,5,0.32150313152400845,1.0,1.0
5,0,2,0,10,2,5,0,0.9394572025052192,0.3848238482384824,0.0
17,0,2,0,5,1,5,3,0.5260960334029228,0.016260162601626015,0.0
13,1,0,2,20,4,5,0,0.9519832985386223,0.11924119241192412,0.0
104,0,2,0,10,4,5,0,0.47599164926931103,0.23306233062330622,0.0
74,1,2,1,15,4,5,5,0.8830897703549061,0.22764227642276422,0.0
70,1,2,1,13,3,5,2,0.9791231732776617,0.31436314363143636,0.0
41,0,2,0,4,1,1,0,0.457202505219207,0.3739837398373984,0.0
42,1,2,0,21,5,5,4,0.47599164926931103,0.8401084010840109,0.0
64,0,1,0,16,7,5,5,0.32150313152400845,1.0,0.0
48,1,2,0,21,4,5,2,0.9185803757828812,0.14092140921409213,1.0
13,0,2,2,2,2,4,0,0.9519832985386223,0.11382113821138211,1.0
26,1,0,2,16,4,5,0,0.7453027139874742,0.31978319783197834,1.0
5,0,2,2,21,1,1,0,0.9394572025052192,0.15718157181571815,0.0
64,1,0,1,0,4,5,5,0.32150313152400845,0.1951219512195122,0.0
102,1,0,1,11,4,5,5,0.2275574112734864,0.8509485094850948,0.0
30,1,0,0,14,4,5,0,0.8914405010438415,0.04336043360433604,0.0
13,0,0,0,16,0,1,0,0.9519832985386223,0.2872628726287263,0.0
5,0,2,0,10,4,1,0,0.9394572025052192,0.6991869918699186,0.0
91,0,2,0,18,6,5,0,0.9248434237995826,0.7588075880758808,0.0
91,1,0,0,15,4,5,3,0.9248434237995826,0.16802168021680217,0.0
24,0,0,1,15,4,5,5,0.11899791231732793,0.010840108401084009,0.0
5,0,2,2,4,4,5,4,0.9394572025052192,0.1897018970189702,0.0
64,0,2,0,13,1,5,0,0.32150313152400845,0.08130081300813008,0.0
112,1,0,0,14,3,5,0,0.9457202505219209,1.0,0.0
11,0,2,0,13,4,5,0,0.16701461377870586,0.8401084010840109,1.0
46,1,0,0,17,4,5,0,0.6179540709812108,0.2872628726287263,0.0
13,0,0,1,13,4,5,1,0.9519832985386223,0.42276422764227645,0.0
85,0,2,0,21,4,5,0,0.8893528183716073,0.08130081300813008,0.0
6,0,2,0,17,7,0,5,0.9478079331941547,0.037940379403794036,0.0
48,0,2,0,19,4,5,0,0.9185803757828812,0.23848238482384823,0.0
43,0,2,2,21,0,1,4,0.47599164926931103,0.016260162601626015,0.0
5,0,2,0,14,3,5,1,0.9394572025052192,0.0921409214092141,0.0
5,0,2,2,21,3,5,1,0.9394572025052192,0.33062330623306235,0.0
65,0,2,1,15,4,5,1,0.8956158663883091,0.17886178861788618,0.0
5,0,2,0,18,4,2,1,0.9394572025052192,0.10298102981029811,0.0
64,1,2,0,11,4,5,0,0.32150313152400845,0.05962059620596205,1.0
89,0,0,2,1,5,5,0,0.826722338204593,0.8780487804878049,0.0
64,1,0,0,14,4,5,5,0.32150313152400845,0.25474254742547425,1.0
82,0,0,0,11,7,0,0,0.8768267223382047,0.1084010840108401,0.0
13,0,2,2,8,5,5,2,0.9519832985386223,0.31436314363143636,0.0
49,1,2,0,6,4,5,0,0.9394572025052192,0.8617886178861789,0.0
64,1,0,0,19,4,5,5,0.32150313152400845,0.3360433604336044,1.0
64,1,1,1,0,4,5,5,0.32150313152400845,1.0,0.0
47,1,0,1,0,4,5,5,0.778705636743215,0.39566395663956644,0.0
6,0,2,0,15,0,5,5,0.9478079331941547,0.2601626016260163,0.0
5,1,2,0,13,4,5,2,0.9394572025052192,0.13008130081300812,1.0
5,0,2,1,5,1,5,0,0.9394572025052192,0.2601626016260163,0.0
13,1,0,0,18,4,5,0,0.9519832985386223,0.4932249322493225,1.0
5,0,2,0,8,3,4,3,0.9394572025052192,0.39566395663956644,0.0
95,1,0,1,20,4,5,0,0.8037578288100209,0.5907859078590786,0.0
5,0,1,0,16,4,5,5,0.9394572025052192,0.3089430894308943,1.0
11,1,0,2,0,7,5,0,0.16701461377870586,0.2222222222222222,0.0
64,0,0,0,9,4,5,1,0.32150313152400845,0.23306233062330622,1.0
5,1,2,1,15,4,5,5,0.9394572025052192,0.5636856368563685,0.0
30,0,2,2,5,0,5,0,0.8914405010438415,0.5474254742547425,0.0
55,0,2,2,8,1,5,1,0.8517745302713988,1.0,0.0
2,0,2,0,21,1,5,1,0.8705636743215033,0.7479674796747967,0.0
64,0,2,0,15,4,5,1,0.32150313152400845,1.0,0.0
7,0,2,0,15,1,5,1,0.676409185803758,0.23306233062330622,0.0
13,0,2,1,1,4,5,0,0.9519832985386223,0.5853658536585366,0.0
88,0,2,0,21,7,5,4,0.5615866388308981,0.05962059620596205,0.0
32,0,1,0,15,0,5,0,0.03549060542797511,0.4932249322493225,0.0
103,1,2,2,3,7,0,3,0.9791231732776617,0.14634146341463414,0.0
48,0,2,0,15,4,5,4,0.9185803757828812,0.25474254742547425,0.0
5,0,2,0,8,0,1,1,0.9394572025052192,0.1897018970189702,0.0
5,0,0,0,5,3,5,0,0.9394572025052192,0.1951219512195122,1.0
29,1,2,0,15,4,5,5,0.47599164926931103,0.04336043360433604,0.0
103,0,2,3,21,2,5,1,0.9791231732776617,0.14092140921409213,0.0
64,0,2,0,1,3,5,1,0.32150313152400845,0.06504065040650406,0.0
4,0,2,0,17,4,5,5,0.6972860125260962,0.04878048780487805,0.0
13,1,0,1,14,4,5,0,0.9519832985386223,0.016260162601626015,0.0
48,0,2,2,21,3,5,4,0.9185803757828812,0.7642276422764227,0.0
103,0,2,0,17,1,2,0,0.9791231732776617,0.2222222222222222,0.0
5,1,2,0,14,3,4,0,0.9394572025052192,0.02168021680216802,0.0
48,0,2,3,19,3,5,0,0.9185803757828812,0.3252032520325204,0.0
5,0,2,0,19,3,5,3,0.9394572025052192,0.14634146341463414,0.0
5,1,0,1,14,4,5,0,0.9394572025052192,0.14634146341463414,1.0
1,1,2,1,17,4,5,3,0.8872651356993737,0.16802168021680217,0.0
64,0,2,0,1,4,5,0,0.32150313152400845,0.24390243902439024,1.0
120,0,2,1,21,4,2,4,0.9498956158663885,0.4715447154471545,0.0
13,0,2,0,2,2,5,1,0.9519832985386223,0.04336043360433604,0.0
5,0,2,0,3,3,5,2,0.9394572025052192,1.0,0.0
99,1,2,3,21,4,4,2,0.8643006263048016,0.14634146341463414,0.0
64,1,0,0,6,3,5,1,0.32150313152400845,0.8401084010840109,1.0
48,0,2,0,2,2,5,1,0.9185803757828812,0.39566395663956644,0.0
48,0,2,0,7,4,5,5,0.9185803757828812,0.06504065040650406,0.0
5,1,2,1,19,4,5,5,0.9394572025052192,0.3631436314363144,0.0
91,1,0,1,11,5,4,1,0.9248434237995826,0.13550135501355012,1.0
5,1,0,0,13,3,2,0,0.9394572025052192,0.5040650406504065,0.0
64,0,2,0,15,1,5,3,0.32150313152400845,0.07046070460704607,1.0
13,0,0,0,19,7,5,0,0.9519832985386223,0.1084010840108401,0.0
5,1,2,1,20,4,5,5,0.9394572025052192,0.31978319783197834,0.0
5,0,2,0,10,7,5,4,0.9394572025052192,0.4661246612466125,0.0
64,0,0,0,14,4,5,0,0.32150313152400845,0.06504065040650406,0.0
64,0,0,2,4,4,5,0,0.32150313152400845,0.12466124661246611,1.0
13,0,2,0,3,4,5,4,0.9519832985386223,0.1842818428184282,0.0
64,1,2,0,16,2,5,5,0.32150313152400845,0.16260162601626016,0.0
64,1,0,0,14,4,4,5,0.32150313152400845,0.23306233062330622,1.0
114,0,2,0,5,4,5,0,0.9498956158663885,0.05420054200542005,1.0
91,0,2,3,21,7,0,4,0.9248434237995826,0.08672086720867209,0.0
5,0,2,0,13,4,5,0,0.9394572025052192,0.4823848238482385,0.0
55,1,2,2,21,2,4,2,0.8517745302713988,0.2710027100271003,0.0
2,1,1,0,21,4,5,1,0.8705636743215033,0.05962059620596205,1.0
13,0,2,2,18,1,5,0,0.9519832985386223,0.2168021680216802,0.0
4,0,0,2,1,0,5,0,0.6972860125260962,0.22764227642276422,0.0
5,0,0,0,15,4,5,0,0.9394572025052192,0.40650406504065045,1.0
64,0,2,0,21,4,5,0,0.32150313152400845,0.981029810298103,1.0
48,0,2,2,6,4,5,0,0.9185803757828812,0.6666666666666666,0.0
5,1,2,2,14,4,5,0,0.9394572025052192,0.027100271002710022,1.0
13,1,0,2,21,4,5,1,0.9519832985386223,0.26558265582655827,0.0
5,0,2,2,4,5,4,4,0.9394572025052192,0.981029810298103,0.0
13,0,2,1,15,4,5,5,0.9519832985386223,0.04878048780487805,0.0
5,1,2,0,20,3,5,0,0.9394572025052192,0.8130081300813008,1.0
104,0,2,0,17,3,5,5,0.47599164926931103,0.7479674796747967,0.0
13,1,2,2,21,1,5,0,0.9519832985386223,0.26558265582655827,0.0
5,0,2,0,7,2,4,1,0.9394572025052192,0.7859078590785907,1.0
13,0,2,0,1,6,2,3,0.9519832985386223,0.016260162601626015,0.0
103,1,2,1,13,4,5,5,0.9791231732776617,0.04336043360433604,0.0
64,1,2,0,15,3,5,5,0.32150313152400845,0.14634146341463414,1.0
64,0,2,0,5,1,5,4,0.32150313152400845,0.21138211382113822,0.0
101,0,2,0,15,2,5,3,0.5929018789144052,0.43360433604336046,0.0
64,0,2,0,15,2,5,0,0.32150313152400845,0.14634146341463414,1.0
95,0,2,2,4,4,5,3,0.8037578288100209,0.037940379403794036,0.0
64,1,0,1,15,4,5,5,0.32150313152400845,0.0921409214092141,0.0
30,1,2,3,21,3,2,4,0.8914405010438415,0.05420054200542005,0.0
5,1,0,0,14,4,4,0,0.9394572025052192,0.07588075880758807,0.0
5,0,2,0,21,1,1,2,0.9394572025052192,0.05962059620596205,0.0
101,1,2,0,4,4,5,0,0.5929018789144052,0.0921409214092141,1.0
13,1,2,0,17,4,5,5,0.9519832985386223,0.5691056910569106,0.0
85,0,2,0,3,2,2,4,0.8893528183716073,0.1897018970189702,0.0
64,0,0,0,0,4,5,0,0.32150313152400845,0.20596205962059622,1.0
4,0,2,2,4,5,5,5,0.6972860125260962,0.2981029810298103,0.0
48,0,0,2,17,2,2,2,0.9185803757828812,0.6124661246612466,0.0
5,0,2,0,14,0,5,2,0.9394572025052192,0.4010840108401084,0.0
64,0,2,0,13,1,5,0,0.32150313152400845,0.5745257452574526,1.0
116,1,2,0,19,4,5,3,0.47599164926931103,0.16260162601626016,0.0
64,0,2,2,14,0,5,0,0.32150313152400845,0.5636856368563685,1.0
5,0,2,0,21,5,1,4,0.9394572025052192,0.16260162601626016,0.0
5,0,2,0,21,2,5,0,0.9394572025052192,0.9701897018970189,0.0
5,0,2,0,19,1,5,4,0.9394572025052192,0.14092140921409213,0.0
95,1,2,1,14,4,5,5,0.8037578288100209,0.11382113821138211,0.0
5,1,0,0,17,4,5,4,0.9394572025052192,0.16802168021680217,1.0
2,0,2,1,16,4,5,1,0.8705636743215033,0.5582655826558265,0.0
48,0,2,1,8,4,5,0,0.9185803757828812,0.22764227642276422,0.0
5,1,0,0,14,4,5,0,0.9394572025052192,0.17886178861788618,1.0
5,0,0,0,15,2,2,0,0.9394572025052192,0.2872628726287263,0.0
64,1,0,0,20,1,5,0,0.32150313152400845,0.11382113821138211,0.0
93,0,2,0,21,7,5,4,0.40918580375782887,0.5040650406504065,0.0
48,1,0,0,11,4,5,1,0.9185803757828812,0.5799457994579945,1.0
49,0,0,0,16,4,5,0,0.9394572025052192,1.0,0.0
64,0,2,0,20,0,5,0,0.32150313152400845,0.037940379403794036,1.0
13,0,2,1,8,0,5,1,0.9519832985386223,0.7425474254742547,0.0
5,0,2,2,21,3,5,4,0.9394572025052192,0.0975609756097561,0.0
41,0,0,0,5,4,5,4,0.457202505219207,0.2710027100271003,1.0
15,0,2,2,21,4,5,4,0.5699373695198331,0.4444444444444445,0.0
5,0,2,0,1,3,5,4,0.9394572025052192,0.6666666666666666,0.0
121,1,2,2,14,5,5,5,1.0,0.2818428184281843,0.0
42,0,2,3,21,4,5,0,0.47599164926931103,0.04336043360433604,1.0
64,0,0,0,11,7,4,0,0.32150313152400845,0.7425474254742547,0.0
119,0,2,1,13,4,5,0,0.47599164926931103,0.11382113821138211,1.0
5,0,2,0,0,0,5,0,0.9394572025052192,0.0921409214092141,0.0
5,0,2,2,17,4,5,1,0.9394572025052192,0.9051490514905148,0.0
5,1,2,0,1,2,5,3,0.9394572025052192,0.23848238482384823,0.0
4,0,2,2,2,4,5,0,0.6972860125260962,0.8292682926829268,0.0
64,1,2,0,20,4,5,5,0.32150313152400845,0.44986449864498645,1.0
64,1,0,2,13,4,5,5,0.32150313152400845,0.3739837398373984,1.0
65,0,2,0,19,4,5,0,0.8956158663883091,0.2222222222222222,0.0
65,0,2,0,21,0,5,0,0.8956158663883091,0.23306233062330622,0.0
5,1,2,2,17,4,5,1,0.9394572025052192,0.2818428184281843,0.0
5,0,2,1,14,0,5,0,0.9394572025052192,0.5582655826558265,0.0
95,1,0,1,13,2,5,0,0.8037578288100209,0.2764227642276423,0.0
48,0,1,0,19,3,5,1,0.9185803757828812,0.2710027100271003,0.0
64,0,2,0,13,0,4,0,0.32150313152400845,0.03252032520325203,1.0
11,0,0,2,0,4,5,0,0.16701461377870586,0.016260162601626015,1.0
5,0,0,0,15,6,4,0,0.9394572025052192,0.5962059620596206,0.0
5,1,0,0,13,4,5,0,0.9394572025052192,0.2168021680216802,0.0
2,0,2,1,21,4,5,0,0.8705636743215033,0.5474254742547425,1.0
26,1,2,0,21,4,5,0,0.7453027139874742,0.7479674796747967,0.0
30,1,2,2,17,1,5,0,0.8914405010438415,0.07588075880758807,0.0
13,0,2,2,8,7,5,0,0.9519832985386223,0.6070460704607046,0.0
64,1,2,4,20,4,5,5,0.32150313152400845,0.11924119241192412,1.0
64,1,2,0,0,4,5,5,0.32150313152400845,0.05962059620596205,1.0
70,0,2,0,9,4,5,0,0.9791231732776617,0.24932249322493225,1.0
94,0,2,0,3,4,5,0,0.6931106471816286,0.6829268292682926,0.0
48,0,2,2,7,7,0,0,0.9185803757828812,0.8780487804878049,0.0
49,0,2,0,16,0,1,0,0.9394572025052192,0.2222222222222222,0.0
30,0,2,2,2,3,5,4,0.8914405010438415,0.5365853658536585,0.0
49,0,2,0,1,1,4,2,0.9394572025052192,0.11924119241192412,0.0
98,0,2,0,19,3,5,0,0.47599164926931103,0.5853658536585366,0.0
65,0,2,2,16,3,5,0,0.8956158663883091,0.1951219512195122,0.0
13,0,0,1,9,4,5,0,0.9519832985386223,0.22764227642276422,0.0
70,0,2,0,21,5,5,4,0.9791231732776617,0.12466124661246611,0.0
13,1,2,0,19,4,5,5,0.9519832985386223,0.15718157181571815,1.0
7,0,2,2,9,4,5,0,0.676409185803758,0.1084010840108401,0.0
101,0,2,0,2,4,5,1,0.5929018789144052,0.8292682926829268,1.0
95,0,2,2,17,4,5,0,0.8037578288100209,0.6016260162601625,0.0
26,0,1,1,19,1,5,0,0.7453027139874742,0.16260162601626016,0.0
64,0,2,0,18,3,5,4,0.32150313152400845,0.40650406504065045,1.0
2,1,2,1,14,4,5,5,0.8705636743215033,0.1951219512195122,0.0
64,0,2,0,14,4,0,0,0.32150313152400845,0.05962059620596205,1.0
64,0,2,0,18,2,5,0,0.32150313152400845,0.25474254742547425,1.0
64,1,2,0,11,4,5,1,0.32150313152400845,0.13008130081300812,1.0
37,1,0,0,15,4,5,5,0.5636743215031317,0.08672086720867209,1.0
49,0,2,0,6,1,5,4,0.9394572025052192,0.21138211382113822,0.0
101,0,2,0,1,1,5,0,0.5929018789144052,0.05420054200542005,0.0
64,0,2,0,0,3,5,5,0.32150313152400845,0.5691056910569106,0.0
64,1,0,1,11,4,5,5,0.32150313152400845,0.6775067750677507,0.0
5,0,2,3,15,4,5,1,0.9394572025052192,0.43902439024390244,0.0
15,1,2,2,9,4,5,0,0.5699373695198331,0.08672086720867209,1.0
77,1,0,0,20,4,5,0,0.6388308977035491,0.6829268292682926,1.0
48,0,1,0,7,7,5,0,0.9185803757828812,0.23848238482384823,0.0
5,0,2,0,21,3,5,1,0.9394572025052192,0.31978319783197834,0.0
46,1,0,0,18,4,5,5,0.6179540709812108,0.2981029810298103,0.0
5,0,2,0,1,1,5,1,0.9394572025052192,0.6395663956639566,1.0
5,0,2,2,21,4,5,4,0.9394572025052192,0.5149051490514904,0.0
55,0,2,0,21,4,5,3,0.8517745302713988,0.31978319783197834,1.0
5,1,2,0,20,4,5,0,0.9394572025052192,0.23306233062330622,1.0
91,0,2,1,21,2,5,2,0.9248434237995826,0.24390243902439024,0.0
49,0,0,0,6,4,5,0,0.9394572025052192,0.0921409214092141,1.0
50,1,2,0,11,4,5,0,0.6200417536534448,0.13550135501355012,0.0
13,0,2,2,5,4,1,0,0.9519832985386223,0.2764227642276423,0.0
5,0,2,0,19,3,5,0,0.9394572025052192,0.010840108401084009,0.0
116,1,0,0,2,4,5,5,0.47599164926931103,0.11382113821138211,1.0
31,1,2,1,13,4,5,5,0.7640918580375784,0.04336043360433604,0.0
13,0,0,2,19,0,5,3,0.9519832985386223,0.5962059620596206,1.0
64,1,2,0,20,4,5,0,0.32150313152400845,0.5962059620596206,1.0
11,1,0,0,14,4,5,0,0.16701461377870586,0.22764227642276422,0.0
109,1,0,1,11,4,5,0,0.7870563674321502,0.03252032520325203,0.0
4,0,2,2,2,4,5,0,0.6972860125260962,0.05420054200542005,0.0
64,0,2,0,20,7,2,0,0.32150313152400845,0.04878048780487805,0.0
101,0,1,0,17,0,5,1,0.5929018789144052,0.7317073170731707,1.0
103,0,2,2,6,2,5,2,0.9791231732776617,0.44986449864498645,0.0
35,0,2,2,21,2,5,3,0.6116910229645096,0.1897018970189702,0.0
5,1,2,2,3,3,5,0,0.9394572025052192,0.26558265582655827,0.0
6,0,2,3,19,1,5,0,0.9478079331941547,0.05420054200542005,1.0
48,0,2,1,21,4,5,0,0.9185803757828812,0.3739837398373984,1.0
48,0,2,2,11,7,5,0,0.9185803757828812,0.07588075880758807,0.0
31,0,2,3,9,4,5,4,0.7640918580375784,0.11924119241192412,0.0
85,0,2,0,9,4,5,1,0.8893528183716073,1.0,0.0
20,0,0,2,0,0,5,0,0.6492693110647181,0.5853658536585366,0.0
5,1,2,0,16,4,5,0,0.9394572025052192,0.4932249322493225,1.0
48,0,2,2,21,3,5,0,0.9185803757828812,0.2818428184281843,0.0
5,0,2,0,21,2,5,0,0.9394572025052192,0.11382113821138211,0.0
89,0,0,0,19,7,5,2,0.826722338204593,0.23306233062330622,0.0
48,0,2,0,16,3,5,0,0.9185803757828812,0.07046070460704607,0.0
64,0,2,0,15,3,5,0,0.32150313152400845,0.4932249322493225,0.0
48,0,2,0,6,2,5,4,0.9185803757828812,0.31978319783197834,0.0
64,0,0,2,4,1,5,4,0.32150313152400845,0.037940379403794036,1.0
5,1,0,2,2,4,5,0,0.9394572025052192,0.3089430894308943,0.0
5,0,2,0,21,6,5,2,0.9394572025052192,0.13550135501355012,0.0
13,0,2,0,1,7,5,0,0.9519832985386223,0.20596205962059622,0.0
45,0,2,0,19,1,2,4,0.6242171189979124,0.1842818428184282,1.0
64,1,0,1,0,4,5,5,0.32150313152400845,0.13550135501355012,1.0
48,0,2,0,9,4,5,0,0.9185803757828812,0.14634146341463414,0.0
51,0,2,0,21,1,5,1,0.9039665970772444,0.2222222222222222,0.0
5,0,2,0,14,7,0,0,0.9394572025052192,0.0921409214092141,0.0
49,0,2,0,15,4,5,0,0.9394572025052192,0.2222222222222222,0.0
5,1,2,0,13,3,4,0,0.9394572025052192,0.3902439024390244,0.0
64,0,0,0,11,1,5,0,0.32150313152400845,1.0,1.0
6,1,2,4,15,4,5,5,0.9478079331941547,0.016260162601626015,0.0
5,0,2,0,9,4,5,0,0.9394572025052192,0.8238482384823848,1.0
95,1,2,1,14,4,5,5,0.8037578288100209,0.3360433604336044,0.0
36,0,2,2,13,2,5,0,0.536534446764092,0.24390243902439024,1.0
82,0,2,2,21,4,5,1,0.8768267223382047,0.037940379403794036,0.0
120,0,2,4,17,7,5,0,0.9498956158663885,0.17886178861788618,0.0
4,0,2,2,19,6,5,3,0.6972860125260962,0.6287262872628726,0.0
100,0,2,0,16,2,2,0,0.6784968684759918,0.6070460704607046,0.0
5,1,1,1,20,3,5,0,0.9394572025052192,0.2981029810298103,0.0
5,1,2,0,21,0,5,3,0.9394572025052192,0.6666666666666666,0.0
91,0,2,2,4,4,5,1,0.9248434237995826,0.3848238482384824,1.0
103,1,0,0,4,4,5,0,0.9791231732776617,0.7804878048780487,0.0
5,0,2,0,21,3,5,0,0.9394572025052192,0.3685636856368564,0.0
22,0,0,0,11,1,3,0,0.018789144050104567,0.22764227642276422,0.0
95,0,2,0,8,4,5,3,0.8037578288100209,0.0975609756097561,0.0
5,1,2,0,21,4,5,1,0.9394572025052192,0.08672086720867209,0.0
13,0,2,0,4,4,5,2,0.9519832985386223,0.25474254742547425,0.0
5,1,2,0,21,4,4,4,0.9394572025052192,0.5149051490514904,0.0
95,0,2,3,21,3,5,1,0.8037578288100209,0.8238482384823848,0.0
99,0,2,0,21,4,5,4,0.8643006263048016,0.6775067750677507,0.0
2,0,2,2,21,4,5,4,0.8705636743215033,0.6016260162601625,0.0
31,1,0,0,13,4,5,0,0.7640918580375784,0.05962059620596205,1.0
5,0,2,2,21,5,5,0,0.9394572025052192,0.41734417344173447,1.0
5,1,2,0,0,4,4,5,0.9394572025052192,0.25474254742547425,0.0
49,0,2,0,18,4,5,1,0.9394572025052192,0.10298102981029811,1.0
86,0,2,0,5,1,5,3,0.5636743215031317,0.44986449864498645,0.0
5,1,0,2,21,4,5,0,0.9394572025052192,0.1842818428184282,0.0
103,0,2,2,21,7,5,0,0.9791231732776617,0.3902439024390244,0.0
78,0,1,2,21,2,4,4,0.7453027139874742,0.24390243902439024,0.0
89,0,2,2,21,1,5,4,0.826722338204593,0.2168021680216802,0.0
5,0,2,0,9,5,5,4,0.9394572025052192,0.07046070460704607,0.0
13,0,2,0,3,4,1,0,0.9519832985386223,1.0,0.0
5,0,2,2,7,2,4,0,0.9394572025052192,1.0,0.0
68,0,2,1,3,1,5,0,0.47599164926931103,0.005420054200542005,0.0
49,0,2,0,14,1,4,1,0.9394572025052192,0.8617886178861789,0.0
65,0,2,1,6,1,5,4,0.8956158663883091,0.5040650406504065,0.0
103,0,0,1,13,0,5,1,0.9791231732776617,0.037940379403794036,0.0
48,1,0,1,14,4,5,0,0.9185803757828812,0.07046070460704607,0.0
5,0,2,0,14,4,5,1,0.9394572025052192,0.23306233062330622,0.0
48,1,0,0,11,4,5,5,0.9185803757828812,0.41734417344173447,1.0
95,1,0,1,18,1,5,0,0.8037578288100209,0.17886178861788618,0.0
64,0,2,2,13,1,5,2,0.32150313152400845,0.21138211382113822,1.0
74,0,1,0,19,0,5,1,0.8830897703549061,0.2005420054200542,0.0
5,0,2,0,3,3,5,3,0.9394572025052192,0.7425474254742547,0.0
55,0,0,0,1,4,5,3,0.8517745302713988,0.2818428184281843,1.0
13,1,0,2,21,4,5,1,0.9519832985386223,0.1897018970189702,0.0
5,0,2,0,2,3,5,1,0.9394572025052192,0.2710027100271003,0.0
13,1,2,1,0,4,5,5,0.9519832985386223,0.4552845528455285,0.0
64,0,2,2,16,0,5,0,0.32150313152400845,0.1084010840108401,1.0
118,0,2,1,3,1,5,1,0.8246346555323592,0.016260162601626015,0.0
106,0,2,0,15,4,5,1,0.2275574112734864,0.04878048780487805,0.0
5,0,2,0,19,0,1,0,0.9394572025052192,0.20596205962059622,0.0
64,0,0,0,1,6,5,0,0.32150313152400845,1.0,1.0
55,0,2,2,21,4,5,4,0.8517745302713988,0.7967479674796748,0.0
64,0,2,0,16,3,5,2,0.32150313152400845,0.7208672086720866,0.0
30,0,2,2,7,4,5,4,0.8914405010438415,0.24390243902439024,0.0
5,0,2,2,21,2,5,0,0.9394572025052192,0.42276422764227645,0.0
48,0,2,0,14,1,5,0,0.9185803757828812,0.7262872628726287,0.0
49,1,2,4,20,4,5,5,0.9394572025052192,0.05962059620596205,0.0
64,1,0,0,17,4,5,5,0.32150313152400845,0.17344173441734417,1.0
64,1,0,0,9,4,5,5,0.32150313152400845,0.3848238482384824,1.0
4,0,0,1,15,1,5,0,0.6972860125260962,0.42276422764227645,0.0
49,0,2,0,1,4,5,0,0.9394572025052192,0.26558265582655827,1.0
64,0,2,2,16,0,5,0,0.32150313152400845,0.0921409214092141,1.0
48,0,2,0,21,1,5,3,0.9185803757828812,0.5094850948509485,0.0
69,0,2,0,13,4,5,5,0.7891440501043843,0.16802168021680217,0.0
49,0,2,0,21,1,5,3,0.9394572025052192,0.08672086720867209,0.0
5,0,2,0,11,3,3,0,0.9394572025052192,0.4281842818428185,0.0
6,0,2,0,7,0,1,0,0.9478079331941547,0.08672086720867209,0.0
102,0,2,2,1,4,5,5,0.2275574112734864,0.14092140921409213,0.0
13,0,2,0,7,1,1,0,0.9519832985386223,0.46070460704607047,0.0
83,0,2,2,1,1,5,4,0.6096033402922756,0.5203252032520325,0.0
5,0,2,2,21,4,5,4,0.9394572025052192,0.3739837398373984,0.0
5,0,2,0,5,1,4,1,0.9394572025052192,0.31978319783197834,0.0
49,0,2,0,16,0,5,0,0.9394572025052192,0.17886178861788618,0.0
49,0,2,0,13,0,0,0,0.9394572025052192,0.15718157181571815,0.0
55,0,2,0,7,1,5,1,0.8517745302713988,0.027100271002710022,0.0
112,0,2,0,21,4,5,2,0.9457202505219209,0.2818428184281843,1.0
5,0,2,2,5,7,0,2,0.9394572025052192,0.4552845528455285,0.0
2,0,2,0,21,2,4,4,0.8705636743215033,0.11382113821138211,0.0
13,0,2,0,11,7,0,1,0.9519832985386223,0.25474254742547425,0.0
24,1,0,1,20,1,2,1,0.11899791231732793,0.30352303523035234,1.0
49,1,2,0,20,1,4,0,0.9394572025052192,0.2005420054200542,0.0
48,1,2,0,20,0,5,0,0.9185803757828812,0.31436314363143636,0.0
64,1,0,0,13,4,5,5,0.32150313152400845,0.2222222222222222,1.0
48,0,2,0,21,4,5,0,0.9185803757828812,0.24390243902439024,0.0
6,0,2,0,15,4,5,0,0.9478079331941547,0.17886178861788618,1.0
35,0,0,0,17,4,5,4,0.6116910229645096,0.6287262872628726,0.0
5,0,2,0,21,3,5,4,0.9394572025052192,0.1084010840108401,0.0
6,0,2,2,11,4,5,0,0.9478079331941547,0.31978319783197834,0.0
37,1,2,0,14,4,5,0,0.5636743215031317,0.1084010840108401,1.0
6,1,0,1,13,4,5,2,0.9478079331941547,0.5311653116531165,0.0
65,0,2,0,21,3,5,4,0.8956158663883091,0.26558265582655827,0.0
6,0,2,0,16,2,5,1,0.9478079331941547,0.5365853658536585,0.0
13,1,0,2,17,4,5,1,0.9519832985386223,0.40650406504065045,1.0
83,0,2,0,1,2,5,3,0.6096033402922756,0.4444444444444445,0.0
101,0,0,1,19,4,5,4,0.5929018789144052,0.2168021680216802,0.0
49,1,0,2,1,4,5,0,0.9394572025052192,0.03252032520325203,0.0
2,1,0,2,18,4,4,2,0.8705636743215033,0.2005420054200542,1.0
94,0,2,0,7,4,5,2,0.6931106471816286,0.23306233062330622,0.0
6,0,2,0,7,4,5,0,0.9478079331941547,0.7154471544715447,0.0
64,0,2,0,17,4,5,0,0.32150313152400845,0.7100271002710027,1.0
5,0,2,0,9,2,5,4,0.9394572025052192,0.037940379403794036,0.0
5,0,2,2,6,2,5,2,0.9394572025052192,0.20596205962059622,0.0
7,0,2,2,9,4,5,0,0.676409185803758,0.26558265582655827,0.0
64,1,0,0,0,4,5,5,0.32150313152400845,0.4661246612466125,0.0
5,0,2,0,11,4,1,1,0.9394572025052192,0.2818428184281843,0.0
93,0,2,0,21,4,5,4,0.40918580375782887,0.02168021680216802,0.0
30,0,2,2,15,4,5,4,0.8914405010438415,0.037940379403794036,0.0
48,0,2,0,11,4,1,0,0.9185803757828812,0.44986449864498645,0.0
64,1,2,0,14,7,0,0,0.32150313152400845,0.11924119241192412,1.0
85,1,0,0,17,4,5,5,0.8893528183716073,0.41734417344173447,1.0
64,0,2,0,5,1,5,4,0.32150313152400845,0.14634146341463414,0.0
64,0,2,0,14,4,5,0,0.32150313152400845,0.21138211382113822,1.0
64,0,0,0,11,4,5,0,0.32150313152400845,0.5311653116531165,0.0
2,0,2,0,12,6,5,0,0.8705636743215033,0.13550135501355012,0.0
48,0,2,2,15,3,5,0,0.9185803757828812,0.4932249322493225,0.0
95,1,2,0,9,2,5,4,0.8037578288100209,0.25474254742547425,0.0
4,0,2,0,17,4,5,0,0.6972860125260962,0.24932249322493225,0.0
5,0,2,2,9,4,1,4,0.9394572025052192,0.31436314363143636,0.0
48,1,2,1,14,4,5,0,0.9185803757828812,0.12466124661246611,0.0
50,1,2,0,19,1,4,2,0.6200417536534448,0.16260162601626016,0.0
49,1,2,2,21,3,4,1,0.9394572025052192,0.05420054200542005,1.0
48,0,2,0,14,4,5,0,0.9185803757828812,0.4823848238482385,1.0
36,0,2,0,1,1,5,1,0.536534446764092,1.0,1.0
55,0,2,2,21,4,5,3,0.8517745302713988,0.5365853658536585,0.0
99,0,2,2,3,4,5,4,0.8643006263048016,0.0975609756097561,1.0
5,1,2,0,0,4,5,5,0.9394572025052192,0.13008130081300812,0.0
5,1,0,0,15,4,4,0,0.9394572025052192,0.6016260162601625,1.0
14,1,0,0,16,4,5,2,0.665970772442589,0.11382113821138211,1.0
78,0,0,0,16,2,5,0,0.7453027139874742,0.23848238482384823,0.0
5,0,2,0,13,1,5,0,0.9394572025052192,0.5257452574525745,0.0
122,0,2,0,14,7,5,1,0.9290187891440502,0.24390243902439024,1.0
5,0,2,0,21,6,5,1,0.9394572025052192,0.13008130081300812,0.0
116,0,2,0,11,7,5,0,0.47599164926931103,0.7208672086720866,1.0
5,1,0,0,15,4,5,1,0.9394572025052192,0.6070460704607046,1.0
5,0,2,0,9,4,1,0,0.9394572025052192,0.7913279132791328,1.0
48,0,2,0,20,4,5,0,0.9185803757828812,0.2222222222222222,0.0
5,1,0,0,14,3,4,0,0.9394572025052192,0.17344173441734417,0.0
48,0,2,2,9,3,5,1,0.9185803757828812,0.08672086720867209,0.0
5,1,2,4,14,4,5,5,0.9394572025052192,1.0,0.0
29,1,0,1,13,3,4,0,0.47599164926931103,0.1842818428184282,0.0
13,0,2,2,16,2,5,0,0.9519832985386223,0.4715447154471545,0.0
5,1,2,3,2,2,5,1,0.9394572025052192,0.2710027100271003,0.0
64,1,0,0,15,4,5,0,0.32150313152400845,0.6558265582655827,1.0
15,0,2,2,17,0,1,0,0.5699373695198331,0.3252032520325204,1.0
82,0,2,1,3,5,5,4,0.8768267223382047,1.0,0.0
64,1,2,0,2,4,5,5,0.32150313152400845,0.3523035230352304,0.0
5,0,2,2,21,2,5,4,0.9394572025052192,0.22764227642276422,0.0
64,0,2,2,14,5,5,2,0.32150313152400845,0.016260162601626015,0.0
5,1,0,0,13,0,4,0,0.9394572025052192,0.2710027100271003,1.0
36,1,0,4,17,4,5,0,0.536534446764092,0.11382113821138211,1.0
74,0,0,0,21,0,5,0,0.8830897703549061,0.25474254742547425,0.0
121,0,2,1,21,5,5,4,1.0,0.17344173441734417,0.0
4,0,0,1,16,4,5,0,0.6972860125260962,0.5311653116531165,0.0
64,1,0,1,13,4,5,0,0.32150313152400845,0.5094850948509485,0.0
101,0,2,0,16,4,5,0,0.5929018789144052,0.6504065040650406,0.0
7,0,2,0,15,1,2,0,0.676409185803758,0.027100271002710022,0.0
5,0,2,2,21,1,5,0,0.9394572025052192,0.5745257452574526,0.0
49,0,1,0,16,4,5,0,0.9394572025052192,0.22764227642276422,1.0
13,0,2,0,2,4,5,5,0.9519832985386223,0.26558265582655827,0.0
64,1,0,0,13,4,5,5,0.32150313152400845,0.1084010840108401,1.0
5,0,2,0,0,1,3,0,0.9394572025052192,0.2818428184281843,0.0
48,0,2,0,21,4,5,4,0.9185803757828812,0.1951219512195122,0.0
5,0,2,0,21,2,5,1,0.9394572025052192,0.13008130081300812,0.0
95,0,2,2,4,4,3,0,0.8037578288100209,0.21138211382113822,0.0
4,1,0,1,14,4,5,5,0.6972860125260962,0.7750677506775068,0.0
5,0,2,0,8,1,5,0,0.9394572025052192,0.11924119241192412,0.0
122,1,0,0,0,4,5,0,0.9290187891440502,0.21138211382113822,0.0
48,0,2,0,12,4,5,1,0.9185803757828812,0.3848238482384824,0.0
48,1,2,0,6,3,5,4,0.9185803757828812,0.7913279132791328,0.0
112,0,2,2,18,0,0,1,0.9457202505219209,1.0,0.0
5,0,2,0,17,4,5,0,0.9394572025052192,0.08672086720867209,0.0
113,0,2,0,1,1,5,4,0.47599164926931103,0.07588075880758807,0.0
64,1,2,2,14,4,5,3,0.32150313152400845,0.10298102981029811,0.0
45,0,2,2,19,4,5,0,0.6242171189979124,0.26558265582655827,0.0
103,1,2,4,13,4,5,5,0.9791231732776617,0.11924119241192412,0.0
5,0,2,0,19,4,1,0,0.9394572025052192,0.10298102981029811,0.0
70,1,2,3,21,5,2,4,0.9791231732776617,0.5691056910569106,0.0
66,0,2,2,11,2,5,0,0.47599164926931103,0.04878048780487805,0.0
5,0,2,0,15,1,1,0,0.9394572025052192,0.2818428184281843,0.0
48,0,2,0,8,4,5,1,0.9185803757828812,0.33062330623306235,0.0
48,0,1,2,21,4,1,0,0.9185803757828812,1.0,0.0
97,0,2,0,16,4,5,0,0.3695198329853864,0.6070460704607046,0.0
8,0,2,0,15,4,5,2,0.47599164926931103,0.2710027100271003,0.0
48,0,2,0,14,0,5,1,0.9185803757828812,0.03252032520325203,0.0
49,0,2,0,11,4,5,0,0.9394572025052192,0.5745257452574526,0.0
6,0,2,0,21,6,5,3,0.9478079331941547,0.34146341463414637,0.0
49,0,2,0,16,1,5,3,0.9394572025052192,0.30352303523035234,0.0
48,0,2,2,8,2,4,4,0.9185803757828812,0.0921409214092141,0.0
99,0,2,0,17,4,5,4,0.8643006263048016,0.5582655826558265,0.0
5,0,2,0,4,3,5,0,0.9394572025052192,0.027100271002710022,0.0
30,0,2,2,9,1,1,4,0.8914405010438415,0.48780487804878053,0.0
2,1,2,0,21,4,5,0,0.8705636743215033,0.40650406504065045,0.0
5,0,2,0,21,4,5,0,0.9394572025052192,0.9485094850948509,0.0
75,0,0,0,5,4,5,0,0.676409185803758,0.5365853658536585,0.0
95,0,0,0,18,4,5,1,0.8037578288100209,0.3523035230352304,0.0
5,0,2,0,21,3,5,4,0.9394572025052192,0.41734417344173447,0.0
5,1,0,0,15,4,3,0,0.9394572025052192,0.02168021680216802,0.0
103,0,2,0,7,3,5,2,0.9791231732776617,0.14634146341463414,0.0
68,0,2,2,4,4,5,0,0.47599164926931103,0.26558265582655827,0.0
5,1,0,1,14,4,4,2,0.9394572025052192,0.14092140921409213,1.0
6,1,0,1,16,4,5,5,0.9478079331941547,0.07588075880758807,0.0
5,1,2,0,2,1,5,0,0.9394572025052192,0.24390243902439024,0.0
64,1,2,0,15,0,5,5,0.32150313152400845,0.3685636856368564,0.0
116,0,2,2,21,1,5,3,0.47599164926931103,0.04336043360433604,0.0
64,1,2,0,15,4,5,4,0.32150313152400845,0.22764227642276422,1.0
64,0,0,0,11,4,2,0,0.32150313152400845,0.04878048780487805,1.0
7,0,2,0,15,0,5,2,0.676409185803758,0.027100271002710022,0.0
5,0,2,0,16,3,5,4,0.9394572025052192,0.4281842818428185,1.0
61,0,2,0,13,7,0,0,0.4425887265135702,0.16802168021680217,0.0
5,0,1,0,16,4,2,0,0.9394572025052192,0.20596205962059622,0.0
95,0,2,2,5,3,5,0,0.8037578288100209,0.07588075880758807,0.0
49,1,0,0,11,4,5,0,0.9394572025052192,0.4715447154471545,0.0
5,1,2,3,21,2,4,1,0.9394572025052192,0.4444444444444445,0.0
95,0,0,2,6,1,5,5,0.8037578288100209,0.0975609756097561,0.0
13,0,0,0,16,0,0,3,0.9519832985386223,0.2818428184281843,0.0
48,1,2,4,15,4,5,5,0.9185803757828812,0.17886178861788618,0.0
13,1,2,1,20,4,5,0,0.9519832985386223,0.30352303523035234,1.0
29,1,2,0,21,4,5,5,0.47599164926931103,0.17344173441734417,0.0
13,1,0,1,14,4,5,0,0.9519832985386223,0.20596205962059622,0.0
15,0,0,0,11,6,5,0,0.5699373695198331,0.037940379403794036,0.0
48,1,0,1,0,4,5,0,0.9185803757828812,1.0,0.0
6,0,2,2,19,1,5,3,0.9478079331941547,0.03252032520325203,0.0
49,0,2,0,10,7,5,1,0.9394572025052192,0.4715447154471545,0.0
13,0,2,2,16,4,5,0,0.9519832985386223,0.2168021680216802,1.0
64,0,2,2,15,4,5,0,0.32150313152400845,0.8726287262872628,1.0
48,0,2,0,21,2,5,3,0.9185803757828812,0.3523035230352304,0.0
41,1,0,4,14,4,5,0,0.457202505219207,0.2222222222222222,1.0
5,0,2,2,21,5,5,1,0.9394572025052192,0.7859078590785907,0.0
96,0,0,0,18,4,5,0,0.8058455114822547,1.0,0.0
5,0,2,2,21,4,5,1,0.9394572025052192,0.11382113821138211,1.0
95,0,2,0,21,4,5,0,0.8037578288100209,0.5799457994579945,0.0
49,0,2,0,21,4,5,0,0.9394572025052192,0.7208672086720866,1.0
13,1,0,1,13,4,5,0,0.9519832985386223,0.03252032520325203,1.0
5,1,2,0,13,4,5,1,0.9394572025052192,0.20596205962059622,0.0
49,0,2,0,0,4,5,0,0.9394572025052192,0.13550135501355012,1.0
88,1,2,2,20,4,5,0,0.5615866388308981,0.22764227642276422,0.0
5,0,2,0,18,4,5,1,0.9394572025052192,0.9051490514905148,0.0
35,0,2,0,16,4,5,5,0.6116910229645096,0.40650406504065045,1.0
64,1,0,0,15,4,5,5,0.32150313152400845,0.17886178861788618,0.0
50,1,0,0,13,4,5,5,0.6200417536534448,1.0,0.0
49,0,2,0,19,4,1,0,0.9394572025052192,0.10298102981029811,0.0
74,0,2,2,21,4,5,0,0.8830897703549061,0.08672086720867209,0.0
5,0,2,3,21,2,4,1,0.9394572025052192,0.12466124661246611,0.0
5,0,2,2,1,3,5,3,0.9394572025052192,0.6937669376693767,0.0
2,0,2,0,17,4,5,3,0.8705636743215033,0.10298102981029811,0.0
49,0,2,0,15,1,5,0,0.9394572025052192,0.07046070460704607,0.0
30,0,2,2,20,3,5,4,0.8914405010438415,0.07046070460704607,0.0
4,1,2,1,21,4,5,4,0.6972860125260962,0.6720867208672087,0.0
50,0,2,0,7,4,5,0,0.6200417536534448,0.22764227642276422,0.0
5,0,2,0,21,7,5,4,0.9394572025052192,0.1897018970189702,0.0
5,0,2,0,21,1,5,0,0.9394572025052192,0.30352303523035234,0.0
5,1,2,0,14,4,5,1,0.9394572025052192,0.4932249322493225,1.0
23,1,0,0,13,4,5,5,0.5741127348643007,0.48780487804878053,0.0
7,0,2,0,14,4,5,1,0.676409185803758,0.02168021680216802,0.0
5,0,2,2,21,1,5,0,0.9394572025052192,0.14634146341463414,0.0
11,0,0,0,14,0,5,0,0.16701461377870586,0.03252032520325203,1.0
113,1,0,1,0,1,5,5,0.47599164926931103,0.07588075880758807,0.0
103,1,2,4,18,4,5,5,0.9791231732776617,0.2981029810298103,0.0
13,0,2,2,21,2,5,4,0.9519832985386223,0.41734417344173447,0.0
5,0,2,0,21,4,5,4,0.9394572025052192,0.3848238482384824,0.0
48,0,2,0,16,1,5,4,0.9185803757828812,0.16260162601626016,0.0
91,0,2,2,21,1,5,4,0.9248434237995826,0.5311653116531165,0.0
64,0,2,2,18,3,5,0,0.32150313152400845,0.016260162601626015,1.0
64,0,2,0,16,1,1,0,0.32150313152400845,0.05420054200542005,1.0
64,0,2,0,18,0,0,0,0.32150313152400845,0.016260162601626015,0.0
122,0,2,0,1,4,5,3,0.9290187891440502,0.6883468834688347,0.0
13,1,2,0,17,4,5,5,0.9519832985386223,0.17886178861788618,0.0
5,0,2,0,21,4,5,4,0.9394572025052192,0.7154471544715447,0.0
5,1,0,2,15,0,4,0,0.9394572025052192,0.33062330623306235,0.0
48,1,2,0,13,4,5,5,0.9185803757828812,0.44986449864498645,0.0
2,0,2,1,14,4,5,0,0.8705636743215033,0.05420054200542005,0.0
64,0,2,0,14,1,2,0,0.32150313152400845,0.13550135501355012,0.0
64,0,0,2,0,0,5,0,0.32150313152400845,0.12466124661246611,1.0
83,1,2,0,18,4,5,5,0.6096033402922756,1.0,0.0
30,1,0,0,14,4,5,5,0.8914405010438415,0.3252032520325204,0.0
51,0,2,0,10,4,5,2,0.9039665970772444,0.8617886178861789,0.0
64,0,1,0,2,0,5,4,0.32150313152400845,0.5853658536585366,1.0
64,1,0,1,11,4,5,5,0.32150313152400845,0.16802168021680217,0.0
65,0,2,0,7,5,1,3,0.8956158663883091,0.26558265582655827,0.0
5,0,2,0,21,6,5,4,0.9394572025052192,0.41734417344173447,0.0
64,0,2,0,15,2,5,0,0.32150313152400845,0.06504065040650406,0.0
64,1,0,0,13,4,5,5,0.32150313152400845,0.2818428184281843,1.0
64,0,2,0,13,4,5,0,0.32150313152400845,0.30352303523035234,1.0
122,0,2,0,21,1,2,1,0.9290187891440502,0.11924119241192412,0.0
5,0,2,1,21,7,5,0,0.9394572025052192,0.4715447154471545,0.0
65,0,2,0,11,4,5,0,0.8956158663883091,0.1951219512195122,0.0
50,0,0,2,9,4,5,0,0.6200417536534448,0.1842818428184282,0.0
103,0,2,0,18,4,5,2,0.9791231732776617,0.6883468834688347,0.0
49,0,2,0,21,4,5,4,0.9394572025052192,0.1897018970189702,0.0
2,0,2,2,18,1,5,2,0.8705636743215033,0.3739837398373984,0.0
15,0,2,2,21,1,5,4,0.5699373695198331,0.15718157181571815,0.0
5,0,2,0,21,4,5,4,0.9394572025052192,0.05420054200542005,0.0
5,0,2,0,15,3,5,1,0.9394572025052192,0.30352303523035234,0.0
85,0,2,0,5,4,5,0,0.8893528183716073,0.010840108401084009,0.0
5,0,2,0,16,2,4,2,0.9394572025052192,0.21138211382113822,0.0
5,0,2,2,21,6,3,4,0.9394572025052192,0.24390243902439024,0.0
5,0,2,0,13,4,5,1,0.9394572025052192,0.6016260162601625,1.0
89,1,2,1,11,5,5,5,0.826722338204593,0.7967479674796748,0.0
64,1,2,2,11,4,5,0,0.32150313152400845,0.11382113821138211,0.0
13,0,1,0,18,4,5,0,0.9519832985386223,0.1897018970189702,1.0
101,0,2,0,21,6,5,4,0.5929018789144052,0.17886178861788618,0.0
13,1,0,1,19,4,5,5,0.9519832985386223,0.3360433604336044,0.0
2,1,0,0,13,4,5,0,0.8705636743215033,0.1842818428184282,1.0
5,0,2,0,4,1,5,3,0.9394572025052192,0.4444444444444445,0.0
64,0,2,0,14,1,5,0,0.32150313152400845,0.2710027100271003,1.0
82,0,2,0,6,5,5,5,0.8768267223382047,0.39566395663956644,0.0
64,1,0,1,14,4,5,0,0.32150313152400845,0.5636856368563685,1.0
74,0,2,2,8,1,5,4,0.8830897703549061,0.03252032520325203,0.0
5,0,2,2,21,4,1,0,0.9394572025052192,0.25474254742547425,1.0
121,1,2,2,19,4,5,0,1.0,0.4715447154471545,0.0
11,0,0,0,0,0,0,0,0.16701461377870586,0.13008130081300812,0.0
13,0,0,1,17,4,5,0,0.9519832985386223,0.08672086720867209,0.0
74,0,2,2,7,1,5,0,0.8830897703549061,0.1951219512195122,0.0
73,1,0,0,11,5,4,1,0.0,0.8292682926829268,1.0
70,0,2,0,5,0,5,4,0.9791231732776617,0.35772357723577236,0.0
5,1,2,2,19,4,5,0,0.9394572025052192,0.5691056910569106,1.0
99,0,2,2,1,1,5,4,0.8643006263048016,0.7588075880758808,0.0
64,0,2,2,18,4,5,0,0.32150313152400845,0.22764227642276422,1.0
4,0,2,0,5,7,1,0,0.6972860125260962,0.027100271002710022,0.0
55,0,1,1,15,7,5,0,0.8517745302713988,0.26558265582655827,0.0
105,0,2,0,1,4,5,1,0.7515657620041754,0.3739837398373984,0.0
2,0,2,1,7,5,5,4,0.8705636743215033,0.959349593495935,0.0
36,0,2,2,3,2,5,4,0.536534446764092,0.08672086720867209,0.0
87,0,2,1,13,0,5,0,0.8058455114822547,0.7208672086720866,0.0
101,1,1,1,13,4,5,0,0.5929018789144052,0.31978319783197834,1.0
64,1,0,0,16,3,5,4,0.32150313152400845,0.2981029810298103,1.0
64,0,0,0,18,1,5,0,0.32150313152400845,0.16260162601626016,0.0
5,0,2,0,19,7,5,1,0.9394572025052192,0.05962059620596205,0.0
64,1,2,0,11,4,5,0,0.32150313152400845,0.5040650406504065,1.0
85,0,2,1,16,7,1,1,0.8893528183716073,0.037940379403794036,0.0
64,1,0,1,11,4,5,5,0.32150313152400845,0.2710027100271003,1.0
5,0,2,0,7,2,5,0,0.9394572025052192,0.2872628726287263,0.0
70,0,2,2,21,3,5,4,0.9791231732776617,0.11382113821138211,0.0
13,0,2,2,4,1,5,2,0.9519832985386223,0.14634146341463414,0.0
5,1,2,0,21,4,5,0,0.9394572025052192,0.29268292682926833,0.0
55,0,2,1,8,4,5,0,0.8517745302713988,0.17886178861788618,0.0
5,0,2,0,21,3,5,4,0.9394572025052192,0.17344173441734417,0.0
64,1,0,0,15,4,5,5,0.32150313152400845,0.17886178861788618,1.0
102,1,0,1,13,7,0,1,0.2275574112734864,0.04336043360433604,1.0
50,0,2,2,8,4,5,2,0.6200417536534448,0.04878048780487805,1.0
49,1,0,0,1,0,5,2,0.9394572025052192,0.2764227642276423,0.0
42,1,0,0,11,4,5,5,0.47599164926931103,0.08130081300813008,0.0
5,0,2,2,1,5,5,3,0.9394572025052192,0.25474254742547425,0.0
30,1,2,2,21,4,5,3,0.8914405010438415,0.8780487804878049,0.0
2,0,2,0,10,4,5,0,0.8705636743215033,0.6883468834688347,0.0
74,0,2,2,21,4,5,0,0.8830897703549061,0.21138211382113822,0.0
5,0,0,0,1,2,5,1,0.9394572025052192,0.4823848238482385,1.0
101,0,2,1,21,3,4,1,0.5929018789144052,0.6233062330623306,0.0
5,0,2,0,19,4,5,0,0.9394572025052192,0.2222222222222222,1.0
5,0,2,0,18,1,5,0,0.9394572025052192,0.23306233062330622,0.0
39,1,2,0,20,0,5,0,0.1774530271398751,0.0921409214092141,1.0
64,0,0,0,18,4,5,5,0.32150313152400845,0.12466124661246611,0.0
5,0,2,0,15,3,5,0,0.9394572025052192,0.04336043360433604,0.0
5,0,2,0,7,1,5,0,0.9394572025052192,0.1951219512195122,0.0
61,1,1,0,21,6,5,4,0.4425887265135702,0.1842818428184282,0.0
89,0,2,2,21,6,5,0,0.826722338204593,0.2222222222222222,0.0
74,0,2,2,9,7,5,0,0.8830897703549061,0.1084010840108401,0.0
13,0,2,0,2,3,4,0,0.9519832985386223,0.6124661246612466,0.0
5,1,0,1,13,4,5,0,0.9394572025052192,0.2872628726287263,1.0
48,0,2,2,18,2,4,3,0.9185803757828812,0.39566395663956644,0.0
49,1,0,0,13,4,5,0,0.9394572025052192,0.17886178861788618,1.0
5,0,2,0,6,4,5,0,0.9394572025052192,0.26558265582655827,1.0
5,1,2,0,6,1,5,4,0.9394572025052192,0.16802168021680217,0.0
64,0,2,0,2,4,5,4,0.32150313152400845,0.037940379403794036,1.0
11,1,0,0,11,4,5,0,0.16701461377870586,0.10298102981029811,0.0
49,0,2,0,6,4,5,1,0.9394572025052192,0.6883468834688347,0.0
5,0,2,2,1,4,5,0,0.9394572025052192,0.6016260162601625,1.0
122,0,2,0,6,4,5,3,0.9290187891440502,0.26558265582655827,0.0
64,0,2,0,14,4,5,0,0.32150313152400845,0.7533875338753387,0.0
11,0,0,2,14,4,2,0,0.16701461377870586,0.5907859078590786,1.0
11,0,1,0,20,4,4,0,0.16701461377870586,0.10298102981029811,1.0
48,0,0,0,8,3,5,3,0.9185803757828812,0.3252032520325204,0.0
48,1,2,3,21,4,4,1,0.9185803757828812,1.0,0.0
93,0,2,0,5,4,5,1,0.40918580375782887,0.26558265582655827,1.0
62,0,2,2,21,4,5,4,0.6638830897703549,0.8346883468834688,0.0
57,0,2,2,5,1,2,0,0.6137787056367434,0.2710027100271003,0.0
5,1,2,2,21,4,5,4,0.9394572025052192,0.037940379403794036,0.0
5,0,2,0,4,1,5,4,0.9394572025052192,0.14634146341463414,0.0
5,0,2,2,14,3,5,0,0.9394572025052192,0.30352303523035234,0.0
0,0,2,0,18,7,5,3,0.7870563674321502,0.04336043360433604,0.0
5,0,2,0,2,4,5,2,0.9394572025052192,0.25474254742547425,0.0
2,0,2,1,10,0,5,4,0.8705636743215033,0.010840108401084009,0.0
116,0,1,2,17,4,5,0,0.47599164926931103,0.34688346883468835,1.0
83,0,1,0,3,5,5,1,0.6096033402922756,0.3739837398373984,0.0
77,0,2,2,6,2,5,1,0.6388308977035491,0.13008130081300812,0.0
49,0,2,0,19,4,5,0,0.9394572025052192,0.04336043360433604,0.0
5,0,2,0,18,5,4,1,0.9394572025052192,0.2872628726287263,1.0
5,1,0,1,11,4,5,0,0.9394572025052192,0.13008130081300812,1.0
5,0,2,2,9,4,5,0,0.9394572025052192,0.23848238482384823,1.0
48,0,2,0,5,7,1,0,0.9185803757828812,0.23848238482384823,0.0
5,0,2,1,16,3,5,0,0.9394572025052192,0.13550135501355012,0.0
64,0,2,2,17,6,5,4,0.32150313152400845,0.03252032520325203,1.0
5,0,2,0,21,3,5,4,0.9394572025052192,0.46070460704607047,0.0
70,1,2,1,11,1,3,1,0.9791231732776617,0.08130081300813008,0.0
48,0,2,0,17,4,5,0,0.9185803757828812,0.23848238482384823,0.0
5,1,2,4,20,4,5,5,0.9394572025052192,0.3902439024390244,0.0
120,0,2,0,2,4,5,0,0.9498956158663885,0.30352303523035234,0.0
112,0,2,2,4,2,5,0,0.9457202505219209,0.24390243902439024,0.0
6,0,2,2,13,7,5,0,0.9478079331941547,0.14634146341463414,0.0
121,1,2,2,19,2,5,0,1.0,0.05420054200542005,0.0
64,0,2,0,20,0,5,0,0.32150313152400845,0.08672086720867209,1.0
36,0,2,0,18,4,5,2,0.536534446764092,0.9051490514905148,1.0
5,0,2,2,11,3,2,0,0.9394572025052192,0.14634146341463414,0.0
66,0,2,2,5,4,5,5,0.47599164926931103,0.027100271002710022,0.0
5,0,2,0,1,4,4,2,0.9394572025052192,0.1084010840108401,0.0
6,0,2,0,3,4,5,5,0.9478079331941547,0.25474254742547425,0.0
52,0,1,0,0,0,0,5,0.373695198329854,0.0975609756097561,0.0
30,1,0,1,17,4,5,5,0.8914405010438415,0.31978319783197834,0.0
5,0,2,0,17,6,5,0,0.9394572025052192,0.1842818428184282,1.0
5,1,0,0,13,4,5,5,0.9394572025052192,0.41734417344173447,1.0
68,0,2,0,21,4,5,0,0.47599164926931103,0.26558265582655827,0.0
49,0,2,0,21,0,5,4,0.9394572025052192,0.2764227642276423,0.0
119,0,2,0,21,4,5,4,0.47599164926931103,0.005420054200542005,0.0
102,1,0,0,16,4,5,0,0.2275574112734864,0.7804878048780487,0.0
13,0,2,3,21,3,5,1,0.9519832985386223,0.5149051490514904,0.0
64,0,2,0,19,1,5,0,0.32150313152400845,0.13008130081300812,1.0
83,1,2,0,13,0,5,1,0.6096033402922756,0.5907859078590786,1.0
5,1,0,0,0,0,4,0,0.9394572025052192,0.08130081300813008,1.0
117,0,2,0,7,4,5,2,0.4613778705636744,0.07588075880758807,0.0
11,0,2,0,7,4,5,2,0.16701461377870586,0.0921409214092141,1.0
11,0,2,0,16,4,5,0,0.16701461377870586,0.25474254742547425,0.0
13,0,1,0,6,7,0,0,0.9519832985386223,0.2710027100271003,0.0
24,0,2,0,13,2,4,0,0.11899791231732793,0.33062330623306235,1.0
30,0,2,2,3,4,1,0,0.8914405010438415,1.0,0.0
42,1,2,0,21,0,5,4,0.47599164926931103,0.2222222222222222,0.0
64,0,2,0,13,4,1,1,0.32150313152400845,0.3089430894308943,1.0
66,1,2,0,7,2,4,4,0.47599164926931103,0.8617886178861789,0.0
37,0,2,2,19,6,5,0,0.5636743215031317,0.22764227642276422,1.0
116,1,2,0,20,7,5,0,0.47599164926931103,0.29268292682926833,1.0
5,0,2,0,16,4,5,5,0.9394572025052192,0.13008130081300812,0.0
5,0,2,0,21,3,5,4,0.9394572025052192,0.15718157181571815,0.0
5,0,2,0,18,4,5,0,0.9394572025052192,0.5691056910569106,1.0
11,0,2,0,17,7,5,0,0.16701461377870586,0.05962059620596205,1.0
5,1,2,0,21,4,5,0,0.9394572025052192,0.5474254742547425,0.0
5,0,2,0,21,4,5,4,0.9394572025052192,0.33062330623306235,0.0
5,0,2,0,21,2,5,1,0.9394572025052192,0.17886178861788618,0.0
89,0,2,0,6,1,5,0,0.826722338204593,0.12466124661246611,0.0
5,0,2,0,19,1,5,2,0.9394572025052192,0.5799457994579945,0.0
48,1,2,0,21,4,5,0,0.9185803757828812,0.23848238482384823,0.0
5,1,1,0,16,0,5,1,0.9394572025052192,0.25474254742547425,0.0
48,0,2,0,11,4,5,1,0.9185803757828812,0.4661246612466125,0.0
5,0,2,0,21,2,5,3,0.9394572025052192,0.3685636856368564,0.0
7,0,0,0,16,0,5,5,0.676409185803758,0.33062330623306235,0.0
13,1,2,2,7,7,5,0,0.9519832985386223,0.16260162601626016,0.0
64,0,2,0,1,4,5,0,0.32150313152400845,0.14634146341463414,0.0
64,0,0,0,0,4,5,0,0.32150313152400845,0.14092140921409213,1.0
6,0,2,0,15,7,0,0,0.9478079331941547,0.5636856368563685,0.0
112,0,1,2,11,3,5,0,0.9457202505219209,0.2764227642276423,0.0
15,1,2,4,11,4,5,5,0.5699373695198331,0.20596205962059622,0.0
49,1,2,4,16,4,5,5,0.9394572025052192,0.016260162601626015,0.0
103,0,2,0,21,1,5,0,0.9791231732776617,0.0975609756097561,0.0
48,1,2,3,1,4,5,0,0.9185803757828812,0.8780487804878049,0.0
93,0,2,0,18,0,5,0,0.40918580375782887,0.5149051490514904,0.0
91,1,0,1,11,4,5,5,0.9248434237995826,0.16802168021680217,0.0
51,1,2,2,21,2,5,4,0.9039665970772444,0.027100271002710022,0.0
2,1,2,0,13,4,5,5,0.8705636743215033,1.0,0.0
5,1,2,0,11,6,5,0,0.9394572025052192,0.2818428184281843,0.0
80,1,2,0,13,4,5,0,0.09603340292275586,0.24390243902439024,1.0
49,0,2,0,1,4,5,0,0.9394572025052192,0.2168021680216802,0.0
48,0,2,1,21,2,5,4,0.9185803757828812,1.0,1.0
93,0,2,0,1,7,5,1,0.40918580375782887,0.027100271002710022,0.0
48,1,0,0,14,4,5,0,0.9185803757828812,0.16802168021680217,0.0
49,0,2,0,16,4,5,4,0.9394572025052192,0.9051490514905148,0.0
93,1,2,3,21,4,5,4,0.40918580375782887,0.6016260162601625,0.0
39,1,0,1,13,4,5,5,0.1774530271398751,0.24390243902439024,1.0
5,1,2,1,13,4,5,5,0.9394572025052192,0.5149051490514904,0.0
11,0,2,0,13,1,2,0,0.16701461377870586,0.33062330623306235,0.0
6,0,2,3,21,4,5,0,0.9478079331941547,0.33062330623306235,0.0
5,0,2,2,21,6,4,1,0.9394572025052192,0.41734417344173447,0.0
64,0,2,0,14,4,5,0,0.32150313152400845,0.07046070460704607,1.0
49,0,2,0,6,4,5,2,0.9394572025052192,0.07046070460704607,1.0
5,0,2,0,13,4,3,0,0.9394572025052192,0.6016260162601625,0.0
116,1,0,0,15,4,5,0,0.47599164926931103,0.14092140921409213,1.0
14,1,2,1,11,4,5,5,0.665970772442589,0.5257452574525745,0.0
64,0,0,0,0,2,5,0,0.32150313152400845,0.7046070460704607,0.0
13,0,2,2,7,4,5,3,0.9519832985386223,0.0975609756097561,0.0
97,0,2,2,16,1,5,0,0.3695198329853864,0.2872628726287263,0.0
5,0,2,0,5,1,4,1,0.9394572025052192,0.34146341463414637,0.0
4,0,2,2,1,4,5,0,0.6972860125260962,0.44986449864498645,0.0
64,0,2,0,18,7,5,0,0.32150313152400845,0.20596205962059622,1.0
4,0,2,0,1,4,5,1,0.6972860125260962,0.42276422764227645,0.0
30,0,2,2,17,3,5,1,0.8914405010438415,0.12466124661246611,1.0
6,1,2,2,15,4,5,1,0.9478079331941547,0.6233062330623306,0.0
49,0,2,2,21,6,5,3,0.9394572025052192,0.13550135501355012,0.0
13,0,2,2,21,0,5,4,0.9519832985386223,0.31978319783197834,0.0
11,0,2,0,2,4,5,0,0.16701461377870586,0.21138211382113822,1.0
64,0,0,0,11,4,1,0,0.32150313152400845,0.9485094850948509,0.0
64,1,0,0,11,4,5,5,0.32150313152400845,0.3252032520325204,0.0
5,0,2,2,9,4,5,0,0.9394572025052192,0.7317073170731707,0.0
85,0,2,0,5,1,5,4,0.8893528183716073,0.6233062330623306,1.0
5,0,2,0,21,1,4,4,0.9394572025052192,0.44986449864498645,0.0
85,1,2,0,6,6,5,0,0.8893528183716073,0.08672086720867209,0.0
64,1,0,0,11,4,5,0,0.32150313152400845,0.03252032520325203,0.0
13,0,1,0,9,2,5,5,0.9519832985386223,0.6883468834688347,0.0
4,0,2,1,15,4,5,0,0.6972860125260962,0.43902439024390244,0.0
101,0,2,0,17,2,5,0,0.5929018789144052,0.11382113821138211,0.0
64,0,0,0,14,4,5,0,0.32150313152400845,0.5040650406504065,0.0
109,1,1,0,19,5,5,4,0.7870563674321502,0.15176151761517614,0.0
48,0,2,0,21,4,5,0,0.9185803757828812,1.0,0.0
64,0,2,0,15,4,5,0,0.32150313152400845,0.3360433604336044,1.0
70,1,2,0,14,4,5,0,0.9791231732776617,0.5203252032520325,0.0
85,0,2,2,1,4,5,0,0.8893528183716073,0.16260162601626016,0.0
5,0,2,3,21,3,5,3,0.9394572025052192,0.5040650406504065,0.0
49,1,2,0,21,4,5,4,0.9394572025052192,0.11924119241192412,1.0
99,0,2,0,17,0,2,0,0.8643006263048016,0.20596205962059622,0.0
5,0,2,0,21,1,2,4,0.9394572025052192,0.4823848238482385,0.0
5,0,2,0,4,3,5,2,0.9394572025052192,0.24390243902439024,1.0
14,0,0,2,19,0,5,3,0.665970772442589,0.027100271002710022,1.0
5,0,2,0,21,1,5,0,0.9394572025052192,0.4823848238482385,0.0
48,0,2,2,1,3,5,0,0.9185803757828812,0.0921409214092141,0.0
13,1,0,1,15,4,5,0,0.9519832985386223,0.2981029810298103,0.0
48,0,2,2,9,4,5,0,0.9185803757828812,1.0,0.0
118,0,0,0,2,4,5,1,0.8246346555323592,0.10298102981029811,1.0
5,1,2,0,14,4,5,0,0.9394572025052192,0.17886178861788618,0.0
64,0,2,2,16,7,5,3,0.32150313152400845,0.17886178861788618,1.0
5,0,2,0,16,1,4,1,0.9394572025052192,0.7262872628726287,0.0
5,0,2,0,7,3,5,3,0.9394572025052192,0.40650406504065045,1.0
103,0,2,2,0,7,1,0,0.9791231732776617,0.2818428184281843,1.0
5,0,2,0,15,1,5,0,0.9394572025052192,0.5474254742547425,0.0
5,0,2,2,0,1,5,0,0.9394572025052192,0.11382113821138211,0.0
114,1,0,0,11,1,2,0,0.9498956158663885,0.016260162601626015,0.0
64,0,2,0,16,4,5,4,0.32150313152400845,0.4932249322493225,0.0
4,0,2,0,21,4,5,5,0.6972860125260962,0.1951219512195122,0.0
26,1,2,0,11,7,5,0,0.7453027139874742,0.33062330623306235,0.0
48,0,2,0,21,4,5,2,0.9185803757828812,0.34146341463414637,0.0
30,0,0,0,14,4,1,1,0.8914405010438415,0.26558265582655827,0.0
95,0,1,2,16,4,5,5,0.8037578288100209,0.05962059620596205,0.0
95,0,0,2,1,3,5,0,0.8037578288100209,0.43902439024390244,0.0
5,0,2,0,16,1,1,0,0.9394572025052192,0.9051490514905148,0.0
64,0,2,0,11,4,5,1,0.32150313152400845,0.04878048780487805,1.0
5,0,2,0,8,0,1,0,0.9394572025052192,0.2710027100271003,0.0
30,0,2,0,15,1,5,1,0.8914405010438415,0.5149051490514904,0.0
70,1,0,0,16,5,4,0,0.9791231732776617,0.04878048780487805,0.0
5,1,2,0,13,4,5,5,0.9394572025052192,0.05962059620596205,0.0
69,1,2,0,6,7,5,0,0.7891440501043843,0.31978319783197834,0.0
64,0,2,0,20,5,5,0,0.32150313152400845,0.20596205962059622,1.0
49,0,2,1,3,1,4,3,0.9394572025052192,0.4715447154471545,0.0
64,0,2,0,14,2,5,0,0.32150313152400845,0.037940379403794036,1.0
5,0,2,2,19,1,5,0,0.9394572025052192,0.016260162601626015,0.0
82,1,0,0,14,4,5,0,0.8768267223382047,0.5745257452574526,1.0
24,0,0,1,0,4,5,5,0.11899791231732793,0.13008130081300812,1.0
66,0,0,0,17,4,1,2,0.47599164926931103,0.2710027100271003,0.0
2,0,2,0,3,0,5,0,0.8705636743215033,0.5365853658536585,0.0
83,1,2,0,11,1,1,1,0.6096033402922756,1.0,0.0
5,0,2,0,6,1,1,1,0.9394572025052192,0.5745257452574526,0.0
5,0,2,0,5,4,5,4,0.9394572025052192,1.0,0.0
5,0,2,0,18,1,1,0,0.9394572025052192,0.41192411924119243,0.0
64,0,2,2,20,7,0,5,0.32150313152400845,0.6341463414634146,1.0
1,0,2,2,13,0,1,0,0.8872651356993737,0.07046070460704607,0.0
13,0,2,0,4,4,5,3,0.9519832985386223,0.2222222222222222,0.0
93,1,2,3,15,7,2,0,0.40918580375782887,0.0921409214092141,0.0
64,1,0,1,11,4,5,0,0.32150313152400845,0.5040650406504065,0.0
24,0,2,0,16,4,5,5,0.11899791231732793,0.08672086720867209,1.0
95,0,2,2,3,4,5,3,0.8037578288100209,0.2222222222222222,0.0
30,0,2,2,17,0,5,1,0.8914405010438415,0.34146341463414637,0.0
112,1,2,1,0,4,5,0,0.9457202505219209,0.17344173441734417,0.0
5,0,2,2,21,4,1,0,0.9394572025052192,0.1897018970189702,0.0
5,0,1,0,18,1,5,0,0.9394572025052192,0.21138211382113822,1.0
46,1,0,0,15,4,5,5,0.6179540709812108,0.5365853658536585,0.0
5,0,2,2,21,4,5,4,0.9394572025052192,0.07046070460704607,0.0
99,0,2,0,21,2,5,4,0.8643006263048016,0.3739837398373984,0.0
48,0,2,2,21,5,5,3,0.9185803757828812,0.10298102981029811,0.0
5,0,2,0,6,3,5,1,0.9394572025052192,0.5474254742547425,0.0
5,0,2,2,8,3,5,2,0.9394572025052192,0.13550135501355012,0.0
24,0,2,0,5,7,5,1,0.11899791231732793,0.6124661246612466,1.0
49,0,2,0,21,3,5,5,0.9394572025052192,0.07588075880758807,0.0
48,1,0,0,14,4,5,0,0.9185803757828812,0.21138211382113822,1.0
95,1,0,0,11,4,5,5,0.8037578288100209,0.027100271002710022,0.0
64,1,2,0,7,4,5,5,0.32150313152400845,0.21138211382113822,1.0
5,0,2,0,13,1,2,4,0.9394572025052192,0.3631436314363144,1.0
121,1,2,0,1,4,5,0,1.0,1.0,1.0
91,0,2,2,21,4,5,0,0.9248434237995826,0.6233062330623306,0.0
48,0,2,0,11,3,5,0,0.9185803757828812,0.3089430894308943,0.0
64,0,0,2,0,4,5,0,0.32150313152400845,0.26558265582655827,1.0
64,1,0,1,0,4,5,5,0.32150313152400845,0.6016260162601625,1.0
13,0,2,0,6,1,5,4,0.9519832985386223,0.5094850948509485,0.0
114,0,2,0,0,4,5,0,0.9498956158663885,0.6233062330623306,1.0
5,1,2,0,16,2,4,0,0.9394572025052192,0.02168021680216802,0.0
101,1,0,0,16,2,5,2,0.5929018789144052,0.037940379403794036,0.0
91,0,2,2,21,4,5,0,0.9248434237995826,0.5257452574525745,0.0
64,0,2,2,2,4,5,4,0.32150313152400845,0.41192411924119243,1.0
103,0,2,0,19,1,5,2,0.9791231732776617,0.17886178861788618,0.0
64,1,0,1,11,4,5,5,0.32150313152400845,0.17886178861788618,1.0
30,0,2,2,16,3,5,5,0.8914405010438415,0.6775067750677507,0.0
13,0,2,1,13,1,5,0,0.9519832985386223,0.4281842818428185,0.0
48,0,2,0,2,4,5,0,0.9185803757828812,0.43902439024390244,0.0
48,1,2,3,19,2,4,4,0.9185803757828812,0.4823848238482385,0.0
33,0,2,0,11,1,5,0,0.47599164926931103,0.04878048780487805,0.0
21,0,2,2,10,4,5,4,0.5594989561586641,0.0921409214092141,0.0
5,0,2,1,0,4,5,0,0.9394572025052192,0.5094850948509485,0.0
23,1,0,0,16,4,5,5,0.5741127348643007,0.26558265582655827,0.0
64,0,2,2,5,0,5,4,0.32150313152400845,0.5203252032520325,0.0
61,1,2,0,3,4,5,5,0.4425887265135702,0.31436314363143636,1.0
5,0,2,0,1,0,5,3,0.9394572025052192,0.14634146341463414,0.0
85,0,2,0,14,0,5,1,0.8893528183716073,0.5853658536585366,0.0
2,0,2,3,16,0,5,3,0.8705636743215033,0.3631436314363144,0.0
13,0,0,2,7,2,4,1,0.9519832985386223,0.07046070460704607,0.0
5,0,2,0,1,1,2,0,0.9394572025052192,0.1084010840108401,0.0
13,0,2,2,21,4,5,4,0.9519832985386223,0.23306233062330622,0.0
21,0,0,0,13,4,5,5,0.5594989561586641,0.21138211382113822,0.0
4,0,0,0,5,4,4,1,0.6972860125260962,0.24390243902439024,0.0
6,0,2,0,6,4,4,2,0.9478079331941547,0.027100271002710022,0.0
11,0,2,0,13,4,5,0,0.16701461377870586,0.8672086720867208,0.0
64,0,2,0,2,4,5,0,0.32150313152400845,0.05962059620596205,0.0
5,1,0,2,10,4,4,4,0.9394572025052192,0.1084010840108401,1.0
94,0,0,0,18,5,5,0,0.6931106471816286,0.26558265582655827,1.0
13,1,0,0,14,4,5,0,0.9519832985386223,0.31978319783197834,1.0
5,0,2,0,15,6,5,0,0.9394572025052192,0.23848238482384823,0.0
35,1,0,1,13,4,5,5,0.6116910229645096,0.2981029810298103,0.0
31,1,0,1,1,4,5,5,0.7640918580375784,0.14092140921409213,0.0
39,0,0,0,14,4,5,0,0.1774530271398751,0.22764227642276422,1.0
2,0,2,1,16,1,5,0,0.8705636743215033,0.3252032520325204,0.0
5,0,2,0,14,4,5,0,0.9394572025052192,0.11924119241192412,1.0
48,1,2,1,13,4,5,5,0.9185803757828812,1.0,0.0
5,0,2,0,1,4,1,4,0.9394572025052192,0.10298102981029811,0.0
64,1,0,1,11,4,5,5,0.32150313152400845,0.14634146341463414,1.0
116,0,2,0,19,4,5,0,0.47599164926931103,0.6991869918699186,0.0
65,0,2,0,9,4,5,0,0.8956158663883091,0.10298102981029811,0.0
13,0,2,1,18,3,5,1,0.9519832985386223,0.4552845528455285,0.0
5,0,2,0,14,6,5,0,0.9394572025052192,0.8617886178861789,0.0
83,1,2,0,3,3,4,4,0.6096033402922756,0.2710027100271003,0.0
49,0,2,0,10,2,2,4,0.9394572025052192,0.3739837398373984,0.0
49,0,0,0,18,4,5,0,0.9394572025052192,0.17886178861788618,1.0
91,0,2,2,21,3,5,4,0.9248434237995826,0.2168021680216802,0.0
64,0,0,2,15,4,5,1,0.32150313152400845,0.11924119241192412,0.0
50,0,2,0,2,5,5,4,0.6200417536534448,0.13550135501355012,0.0
48,0,2,0,2,1,5,1,0.9185803757828812,0.16260162601626016,0.0
13,1,2,2,5,5,5,0,0.9519832985386223,0.11924119241192412,0.0
48,1,2,0,14,4,4,0,0.9185803757828812,0.1897018970189702,0.0
48,1,2,0,19,0,5,3,0.9185803757828812,0.1084010840108401,0.0
5,0,2,2,15,4,5,0,0.9394572025052192,0.0921409214092141,1.0
13,0,2,0,14,4,5,0,0.9519832985386223,0.23848238482384823,0.0
5,1,2,0,14,4,5,5,0.9394572025052192,1.0,0.0
64,0,2,0,18,6,5,1,0.32150313152400845,0.17886178861788618,0.0
94,0,2,0,19,4,5,5,0.6931106471816286,0.5799457994579945,0.0
5,0,2,0,21,4,5,4,0.9394572025052192,1.0,1.0
4,1,2,4,16,0,5,0,0.6972860125260962,0.5040650406504065,1.0
120,0,2,2,21,3,5,0,0.9498956158663885,0.41192411924119243,0.0
22,1,2,0,21,4,5,1,0.018789144050104567,0.13550135501355012,1.0
70,0,2,2,21,0,5,4,0.9791231732776617,0.17344173441734417,0.0
103,0,2,0,1,4,5,0,0.9791231732776617,0.9485094850948509,0.0
64,1,2,0,13,4,5,0,0.32150313152400845,0.24390243902439024,1.0
5,1,2,0,17,1,5,0,0.9394572025052192,0.16802168021680217,0.0
5,1,2,0,21,4,2,0,0.9394572025052192,0.35772357723577236,0.0
13,0,2,2,12,4,5,0,0.9519832985386223,0.3739837398373984,0.0
51,0,2,0,21,2,5,1,0.9039665970772444,0.46070460704607047,0.0
64,0,0,2,15,1,5,0,0.32150313152400845,0.14634146341463414,1.0
65,0,2,0,7,0,1,3,0.8956158663883091,0.7750677506775068,0.0
30,1,2,2,13,1,4,4,0.8914405010438415,0.5149051490514904,0.0
48,0,2,0,10,1,5,3,0.9185803757828812,0.12466124661246611,0.0
5,1,0,0,14,3,5,0,0.9394572025052192,0.11382113821138211,0.0
75,0,2,0,4,0,5,0,0.676409185803758,0.15176151761517614,0.0
114,0,2,0,1,1,5,4,0.9498956158663885,0.15176151761517614,1.0
48,0,1,1,1,4,5,0,0.9185803757828812,1.0,0.0
5,0,2,0,15,6,5,1,0.9394572025052192,0.2710027100271003,0.0
64,0,2,0,16,0,5,0,0.32150313152400845,0.20596205962059622,0.0
5,0,1,0,15,7,0,0,0.9394572025052192,0.08672086720867209,1.0
64,0,2,0,16,3,5,3,0.32150313152400845,0.2601626016260163,1.0
119,1,0,1,20,4,5,5,0.47599164926931103,0.0921409214092141,0.0
48,0,2,0,21,4,5,0,0.9185803757828812,0.12466124661246611,0.0
64,0,0,2,12,4,5,0,0.32150313152400845,0.08130081300813008,1.0
13,1,1,0,15,3,5,0,0.9519832985386223,0.04878048780487805,0.0
30,0,2,2,7,7,5,4,0.8914405010438415,0.07588075880758807,0.0
2,0,2,0,8,5,5,0,0.8705636743215033,0.23848238482384823,1.0
5,0,2,2,5,4,5,0,0.9394572025052192,0.4010840108401084,0.0
24,0,2,0,16,4,5,1,0.11899791231732793,0.2818428184281843,0.0
5,0,2,0,16,4,5,4,0.9394572025052192,0.4715447154471545,0.0
95,0,2,1,9,4,5,4,0.8037578288100209,0.3523035230352304,0.0
13,0,2,2,9,4,5,4,0.9519832985386223,0.13550135501355012,0.0
89,0,2,0,19,7,5,0,0.826722338204593,0.3523035230352304,0.0
89,0,1,2,2,2,5,0,0.826722338204593,1.0,0.0
85,0,2,2,21,4,5,4,0.8893528183716073,0.5907859078590786,0.0
95,0,2,0,1,4,5,3,0.8037578288100209,0.06504065040650406,0.0
44,1,2,0,0,4,5,0,0.1795407098121089,1.0,1.0
5,0,2,0,7,4,5,0,0.9394572025052192,0.6829268292682926,1.0
91,1,0,0,16,3,5,3,0.9248434237995826,0.04336043360433604,0.0
5,0,2,0,19,1,5,0,0.9394572025052192,0.7262872628726287,0.0
5,0,2,0,21,1,5,0,0.9394572025052192,0.13550135501355012,0.0
55,0,2,2,2,1,5,2,0.8517745302713988,0.6016260162601625,0.0
99,0,2,2,21,6,5,0,0.8643006263048016,0.13550135501355012,0.0
64,0,2,0,15,4,5,0,0.32150313152400845,0.4715447154471545,1.0
5,0,2,0,21,6,5,4,0.9394572025052192,0.15176151761517614,0.0
13,0,2,2,21,1,5,0,0.9519832985386223,0.12466124661246611,0.0
5,0,2,2,1,4,5,4,0.9394572025052192,0.04878048780487805,0.0
5,0,0,2,18,2,5,1,0.9394572025052192,0.2005420054200542,0.0
15,0,2,2,16,3,5,0,0.5699373695198331,0.5853658536585366,0.0
64,1,0,0,11,4,5,5,0.32150313152400845,0.1951219512195122,0.0
48,0,2,2,16,6,5,0,0.9185803757828812,0.5040650406504065,0.0
64,0,0,2,2,4,5,1,0.32150313152400845,0.7859078590785907,0.0
5,1,2,4,13,4,5,5,0.9394572025052192,1.0,0.0
116,0,0,2,21,3,4,0,0.47599164926931103,0.14634146341463414,0.0
5,0,2,0,15,1,5,0,0.9394572025052192,0.24390243902439024,0.0
5,0,2,0,21,3,5,4,0.9394572025052192,0.3848238482384824,0.0
13,0,2,2,21,5,5,4,0.9519832985386223,0.016260162601626015,0.0
48,0,2,2,21,6,5,1,0.9185803757828812,0.1897018970189702,0.0
5,0,2,0,13,3,3,0,0.9394572025052192,0.7208672086720866,0.0
49,0,1,0,21,4,4,4,0.9394572025052192,0.5799457994579945,0.0
5,0,2,0,13,3,5,1,0.9394572025052192,0.23848238482384823,0.0
13,0,2,0,16,4,5,1,0.9519832985386223,0.05962059620596205,0.0
6,0,1,0,17,7,0,0,0.9478079331941547,0.10298102981029811,0.0
5,0,2,0,1,2,5,0,0.9394572025052192,0.16802168021680217,0.0
99,0,2,2,6,4,4,0,0.8643006263048016,0.24390243902439024,0.0
5,0,2,0,21,5,5,0,0.9394572025052192,0.05420054200542005,0.0
95,0,2,2,3,4,5,5,0.8037578288100209,0.26558265582655827,0.0
14,0,2,0,10,4,4,1,0.665970772442589,0.4281842818428185,0.0
2,0,2,4,14,0,5,0,0.8705636743215033,0.07046070460704607,0.0
101,0,2,0,2,4,5,0,0.5929018789144052,0.037940379403794036,0.0
74,0,2,0,3,4,5,3,0.8830897703549061,0.05420054200542005,0.0
63,0,1,0,14,4,5,0,0.6805845511482254,0.05420054200542005,0.0
48,0,2,0,16,0,1,0,0.9185803757828812,0.3631436314363144,0.0
48,0,2,1,5,2,5,4,0.9185803757828812,1.0,0.0
5,0,2,0,21,3,5,1,0.9394572025052192,0.2872628726287263,0.0
95,0,2,2,10,0,5,4,0.8037578288100209,0.3523035230352304,0.0
30,0,2,2,18,1,5,3,0.8914405010438415,0.17344173441734417,0.0
5,1,2,0,7,4,5,4,0.9394572025052192,0.2872628726287263,1.0
13,0,2,0,14,1,5,1,0.9519832985386223,0.010840108401084009,0.0
77,0,2,1,10,4,5,0,0.6388308977035491,0.3848238482384824,0.0
5,0,2,2,6,2,5,3,0.9394572025052192,0.05420054200542005,0.0
30,0,2,2,21,4,5,4,0.8914405010438415,0.7154471544715447,0.0
64,0,2,2,15,4,5,1,0.32150313152400845,0.16260162601626016,0.0
78,0,0,1,15,7,5,5,0.7453027139874742,0.04878048780487805,0.0
6,0,2,2,18,4,5,5,0.9478079331941547,0.21138211382113822,0.0
122,0,2,3,21,6,4,4,0.9290187891440502,0.016260162601626015,0.0
75,1,2,0,19,6,5,0,0.676409185803758,0.8617886178861789,0.0
93,1,2,0,21,4,5,4,0.40918580375782887,0.11924119241192412,1.0
5,1,0,0,19,5,5,0,0.9394572025052192,0.02168021680216802,1.0
93,0,2,0,5,7,5,0,0.40918580375782887,0.5257452574525745,1.0
70,0,2,2,8,2,5,0,0.9791231732776617,0.11382113821138211,0.0
85,0,2,2,8,4,5,5,0.8893528183716073,0.23306233062330622,0.0
120,1,2,4,19,4,5,5,0.9498956158663885,0.25474254742547425,0.0
64,0,2,2,14,4,5,0,0.32150313152400845,0.02168021680216802,0.0
42,1,2,0,19,4,5,3,0.47599164926931103,0.34146341463414637,1.0
64,0,0,0,16,7,5,4,0.32150313152400845,0.5149051490514904,0.0
64,1,0,1,18,4,5,5,0.32150313152400845,0.5962059620596206,0.0
95,0,2,0,18,4,1,4,0.8037578288100209,0.11924119241192412,0.0
49,0,0,0,17,4,5,0,0.9394572025052192,0.4661246612466125,1.0
112,1,2,2,6,2,5,4,0.9457202505219209,0.23306233062330622,0.0
14,0,2,0,10,3,5,4,0.665970772442589,0.0921409214092141,1.0
64,0,2,0,17,1,5,1,0.32150313152400845,0.8726287262872628,1.0
64,0,2,0,14,4,5,1,0.32150313152400845,0.07588075880758807,1.0
49,0,2,0,21,2,5,4,0.9394572025052192,0.0975609756097561,0.0
48,1,2,0,21,1,5,1,0.9185803757828812,0.5365853658536585,0.0
2,0,2,2,10,2,5,0,0.8705636743215033,0.5582655826558265,1.0
5,0,2,2,21,3,5,0,0.9394572025052192,0.2005420054200542,0.0
64,0,2,0,16,0,5,5,0.32150313152400845,0.13550135501355012,0.0
91,0,2,0,21,7,1,0,0.9248434237995826,0.1084010840108401,0.0
112,0,2,0,21,3,5,1,0.9457202505219209,0.23848238482384823,0.0
9,0,2,0,16,1,2,0,0.10020876826722347,0.0975609756097561,0.0
5,1,1,0,16,4,5,0,0.9394572025052192,0.5257452574525745,0.0
41,0,2,0,14,4,5,3,0.457202505219207,0.5203252032520325,0.0
13,0,2,2,9,4,5,4,0.9519832985386223,0.41734417344173447,0.0
13,0,0,2,2,4,5,0,0.9519832985386223,0.12466124661246611,0.0
122,0,2,2,21,7,5,0,0.9290187891440502,0.5582655826558265,0.0
103,0,2,0,2,4,5,0,0.9791231732776617,0.5257452574525745,0.0
5,0,2,0,18,4,2,0,0.9394572025052192,0.08672086720867209,0.0
5,0,2,0,14,4,0,0,0.9394572025052192,0.7804878048780487,0.0
13,1,0,1,1,0,0,0,0.9519832985386223,0.08130081300813008,0.0
13,0,2,1,3,4,5,4,0.9519832985386223,0.5040650406504065,0.0
5,0,2,0,8,4,5,0,0.9394572025052192,0.2981029810298103,1.0
13,1,2,2,14,7,5,1,0.9519832985386223,0.1084010840108401,0.0
2,1,2,3,21,1,4,4,0.8705636743215033,0.3739837398373984,0.0
93,0,1,0,18,5,5,0,0.40918580375782887,0.4552845528455285,0.0
15,1,2,0,13,4,5,5,0.5699373695198331,0.08130081300813008,1.0
99,0,2,2,21,7,4,4,0.8643006263048016,0.5149051490514904,0.0
82,0,1,0,17,4,0,0,0.8768267223382047,0.16260162601626016,0.0
5,0,1,0,21,5,4,2,0.9394572025052192,0.23306233062330622,1.0
49,0,2,0,18,4,5,4,0.9394572025052192,0.30352303523035234,1.0
83,0,2,0,6,4,5,0,0.6096033402922756,0.4715447154471545,0.0
5,0,2,0,17,7,5,3,0.9394572025052192,1.0,0.0
64,0,2,2,18,5,5,0,0.32150313152400845,0.11924119241192412,0.0
99,0,0,0,18,4,5,0,0.8643006263048016,0.20596205962059622,0.0
64,0,0,0,0,0,4,0,0.32150313152400845,0.25474254742547425,1.0
101,0,2,2,21,4,5,1,0.5929018789144052,0.13550135501355012,0.0
5,0,2,0,6,4,5,0,0.9394572025052192,0.6233062330623306,1.0
5,0,2,0,21,4,5,3,0.9394572025052192,0.23306233062330622,1.0
5,0,2,0,16,4,5,0,0.9394572025052192,0.42276422764227645,0.0
102,1,0,0,11,1,5,0,0.2275574112734864,0.17886178861788618,0.0
5,0,2,0,8,4,1,0,0.9394572025052192,0.43360433604336046,1.0
41,0,1,0,16,0,5,2,0.457202505219207,1.0,0.0
122,0,2,2,7,4,1,0,0.9290187891440502,0.4552845528455285,0.0
30,0,2,2,1,4,1,0,0.8914405010438415,0.8509485094850948,0.0
95,0,2,0,2,6,5,1,0.8037578288100209,0.40650406504065045,1.0
120,0,2,0,11,0,5,5,0.9498956158663885,0.9159891598915989,0.0
13,0,2,2,19,1,5,0,0.9519832985386223,0.21138211382113822,0.0
48,1,0,2,15,4,5,5,0.9185803757828812,0.1084010840108401,0.0
101,0,2,0,17,1,5,2,0.5929018789144052,0.5365853658536585,0.0
93,1,2,0,13,4,5,1,0.40918580375782887,0.23306233062330622,1.0
61,0,2,0,16,4,5,0,0.4425887265135702,1.0,0.0
64,0,2,2,6,4,5,0,0.32150313152400845,0.43902439024390244,1.0
43,1,0,1,16,4,5,5,0.47599164926931103,0.17344173441734417,0.0
48,0,2,0,21,2,5,0,0.9185803757828812,0.5040650406504065,0.0
64,0,2,0,18,1,5,1,0.32150313152400845,0.5582655826558265,1.0
49,1,2,0,4,7,5,4,0.9394572025052192,0.17886178861788618,0.0
24,0,2,1,14,1,5,1,0.11899791231732793,0.2005420054200542,0.0
91,0,2,0,18,1,5,3,0.9248434237995826,0.24390243902439024,0.0
5,0,2,0,21,4,5,4,0.9394572025052192,0.41192411924119243,0.0
5,1,0,0,16,4,5,0,0.9394572025052192,0.24390243902439024,1.0
82,1,2,1,14,7,5,0,0.8768267223382047,0.20596205962059622,0.0
5,1,1,0,11,7,3,1,0.9394572025052192,0.23848238482384823,1.0
64,0,2,0,4,4,5,5,0.32150313152400845,0.17886178861788618,1.0
48,0,2,2,2,3,5,1,0.9185803757828812,0.41734417344173447,0.0
119,0,1,0,14,4,5,0,0.47599164926931103,0.5636856368563685,1.0
95,1,0,1,13,4,5,5,0.8037578288100209,0.07046070460704607,0.0
64,1,0,1,20,4,5,0,0.32150313152400845,0.21138211382113822,0.0
47,1,0,0,0,4,5,5,0.778705636743215,0.21138211382113822,1.0
101,1,1,0,15,4,5,0,0.5929018789144052,0.4281842818428185,1.0
6,0,2,2,21,2,5,0,0.9478079331941547,0.8021680216802167,0.0
5,0,2,0,21,4,5,4,0.9394572025052192,0.11924119241192412,0.0
51,0,2,2,17,5,5,0,0.9039665970772444,0.5149051490514904,1.0
48,1,0,0,14,4,5,0,0.9185803757828812,0.04336043360433604,1.0
2,1,2,2,15,4,5,0,0.8705636743215033,1.0,0.0
5,0,2,0,16,3,5,0,0.9394572025052192,0.07046070460704607,0.0
5,1,2,0,3,2,5,5,0.9394572025052192,0.13550135501355012,0.0
64,1,2,0,14,4,4,0,0.32150313152400845,0.8184281842818428,1.0
64,0,2,2,16,5,5,1,0.32150313152400845,0.8346883468834688,1.0
91,0,1,0,5,4,5,0,0.9248434237995826,0.20596205962059622,0.0
11,0,2,0,18,1,5,1,0.16701461377870586,0.11382113821138211,1.0
5,0,2,0,5,4,5,4,0.9394572025052192,0.6558265582655827,0.0
13,0,2,0,5,2,5,2,0.9519832985386223,0.3739837398373984,0.0
51,1,0,1,11,4,1,0,0.9039665970772444,0.14634146341463414,0.0
101,1,2,1,14,7,0,3,0.5929018789144052,0.5040650406504065,1.0
103,0,2,0,21,1,5,4,0.9791231732776617,0.03252032520325203,0.0
51,0,2,0,13,1,5,0,0.9039665970772444,0.29268292682926833,1.0
48,0,2,2,1,5,5,4,0.9185803757828812,0.26558265582655827,0.0
47,0,2,0,21,3,4,4,0.778705636743215,0.05962059620596205,0.0
116,1,0,0,0,4,5,0,0.47599164926931103,0.06504065040650406,0.0
5,0,0,0,17,6,4,1,0.9394572025052192,0.3631436314363144,1.0
5,0,2,0,11,5,5,0,0.9394572025052192,0.5149051490514904,0.0
5,0,2,0,21,1,5,1,0.9394572025052192,0.17344173441734417,0.0
64,1,0,0,13,4,5,5,0.32150313152400845,0.2005420054200542,1.0
94,0,2,0,3,3,5,4,0.6931106471816286,0.17886178861788618,0.0
7,0,2,1,5,7,5,4,0.676409185803758,0.17344173441734417,0.0
51,0,2,0,16,5,5,5,0.9039665970772444,0.31978319783197834,0.0
79,1,0,0,15,4,5,1,0.1941544885177453,0.5365853658536585,1.0
85,1,2,2,19,3,5,0,0.8893528183716073,0.05420054200542005,0.0
117,0,2,0,15,1,4,0,0.4613778705636744,0.2710027100271003,1.0
64,0,2,0,11,1,3,0,0.32150313152400845,0.2710027100271003,0.0
48,0,2,0,1,0,5,3,0.9185803757828812,0.05962059620596205,0.0
64,0,2,0,3,5,5,1,0.32150313152400845,0.04878048780487805,1.0
30,0,2,2,18,1,5,0,0.8914405010438415,0.12466124661246611,0.0
49,0,2,0,13,4,5,0,0.9394572025052192,0.14634146341463414,1.0
5,0,2,1,14,2,5,0,0.9394572025052192,0.2222222222222222,0.0
94,1,0,0,14,4,5,5,0.6931106471816286,0.6124661246612466,1.0
64,1,0,0,13,4,5,0,0.32150313152400845,0.11382113821138211,1.0
5,0,2,2,21,4,5,0,0.9394572025052192,0.14634146341463414,0.0
95,0,2,0,5,1,5,0,0.8037578288100209,0.2981029810298103,0.0
114,1,0,0,11,4,5,0,0.9498956158663885,1.0,1.0
6,1,0,1,13,4,1,0,0.9478079331941547,0.08672086720867209,0.0
103,0,2,0,16,1,5,0,0.9791231732776617,0.13550135501355012,0.0
48,0,0,0,0,2,5,5,0.9185803757828812,0.2222222222222222,0.0
4,1,2,0,1,7,5,0,0.6972860125260962,0.1951219512195122,1.0
13,0,2,0,2,3,5,0,0.9519832985386223,1.0,1.0
13,0,2,2,21,3,5,4,0.9519832985386223,0.8292682926829268,0.0
52,1,2,0,3,1,5,1,0.373695198329854,0.04878048780487805,1.0
74,0,2,0,19,1,5,4,0.8830897703549061,0.3739837398373984,0.0
5,0,2,0,1,6,5,0,0.9394572025052192,0.6341463414634146,0.0
13,0,2,2,21,1,5,0,0.9519832985386223,0.6070460704607046,0.0
65,0,2,0,19,4,5,4,0.8956158663883091,0.03252032520325203,0.0
94,1,0,0,16,4,5,0,0.6931106471816286,0.21138211382113822,0.0
5,0,2,0,0,3,5,0,0.9394572025052192,0.13008130081300812,0.0
46,0,2,0,18,1,2,0,0.6179540709812108,0.3631436314363144,0.0
5,0,2,0,6,3,5,4,0.9394572025052192,0.1951219512195122,0.0
64,0,2,2,7,1,5,0,0.32150313152400845,0.7859078590785907,0.0
64,0,1,2,13,5,5,0,0.32150313152400845,0.29268292682926833,1.0
13,0,2,2,21,4,5,0,0.9519832985386223,0.26558265582655827,0.0
30,0,2,2,0,4,5,0,0.8914405010438415,0.43360433604336046,0.0
61,1,0,0,13,0,2,0,0.4425887265135702,0.14634146341463414,1.0
22,0,0,3,21,3,5,4,0.018789144050104567,0.23306233062330622,0.0
13,0,1,0,2,4,5,0,0.9519832985386223,0.14092140921409213,0.0
48,1,0,2,6,4,5,2,0.9185803757828812,0.4444444444444445,1.0
101,0,2,0,21,4,5,0,0.5929018789144052,1.0,0.0
102,0,2,0,11,4,5,0,0.2275574112734864,0.33062330623306235,1.0
48,0,2,0,21,7,5,4,0.9185803757828812,0.43360433604336046,0.0
116,1,0,1,17,4,5,0,0.47599164926931103,0.6124661246612466,1.0
48,1,1,0,3,4,5,1,0.9185803757828812,0.5962059620596206,1.0
64,1,0,1,17,4,5,1,0.32150313152400845,0.13008130081300812,0.0
103,0,2,0,16,6,4,1,0.9791231732776617,0.0975609756097561,0.0
6,0,2,1,21,4,5,4,0.9478079331941547,0.4823848238482385,0.0
30,0,2,2,10,4,5,0,0.8914405010438415,0.5094850948509485,0.0
48,0,2,2,11,4,1,0,0.9185803757828812,0.10298102981029811,0.0
5,0,2,0,1,1,5,0,0.9394572025052192,0.016260162601626015,0.0
55,0,2,2,1,3,5,2,0.8517745302713988,0.04336043360433604,0.0
50,0,1,0,3,4,5,5,0.6200417536534448,0.5040650406504065,0.0
15,0,0,0,16,6,5,1,0.5699373695198331,0.5474254742547425,1.0
5,0,2,2,21,4,5,0,0.9394572025052192,0.4823848238482385,0.0
112,1,2,0,13,2,5,0,0.9457202505219209,0.2710027100271003,0.0
2,0,1,1,16,3,4,0,0.8705636743215033,0.48780487804878053,1.0
49,0,2,0,1,4,5,0,0.9394572025052192,0.04878048780487805,1.0
74,0,2,0,19,5,5,3,0.8830897703549061,0.07588075880758807,1.0
11,0,2,0,3,4,5,1,0.16701461377870586,0.981029810298103,0.0
78,0,1,0,14,4,5,1,0.7453027139874742,0.4932249322493225,0.0
13,0,2,2,21,1,5,0,0.9519832985386223,0.8292682926829268,0.0
94,0,0,1,17,4,5,0,0.6931106471816286,0.08672086720867209,0.0
64,0,2,2,21,2,5,1,0.32150313152400845,0.2981029810298103,1.0
48,0,0,0,15,4,5,0,0.9185803757828812,0.6124661246612466,1.0
30,1,2,1,14,4,5,2,0.8914405010438415,0.08672086720867209,0.0
49,1,0,0,14,0,0,0,0.9394572025052192,0.8130081300813008,0.0
4,1,0,0,16,4,5,0,0.6972860125260962,0.17344173441734417,1.0
104,0,2,0,21,1,5,2,0.47599164926931103,0.16802168021680217,0.0
48,0,2,0,11,4,5,0,0.9185803757828812,0.23848238482384823,0.0
120,0,2,0,13,4,5,0,0.9498956158663885,0.4281842818428185,0.0
64,0,0,0,13,4,5,0,0.32150313152400845,0.07588075880758807,1.0
5,0,2,0,21,2,5,4,0.9394572025052192,0.30352303523035234,0.0
80,1,1,0,13,4,5,5,0.09603340292275586,0.22764227642276422,1.0
114,0,2,0,15,4,5,3,0.9498956158663885,1.0,0.0
6,0,2,0,8,4,5,0,0.9478079331941547,0.005420054200542005,0.0
5,1,2,0,0,3,5,0,0.9394572025052192,0.6016260162601625,0.0
5,0,2,0,21,3,5,5,0.9394572025052192,0.2872628726287263,0.0
110,1,2,0,16,0,2,0,0.5427974947807934,0.4661246612466125,0.0
30,0,2,0,19,1,5,0,0.8914405010438415,1.0,0.0
98,1,2,0,13,7,5,0,0.47599164926931103,0.23306233062330622,0.0
48,1,2,1,20,4,5,5,0.9185803757828812,0.7696476964769647,0.0
43,1,2,1,13,4,5,5,0.47599164926931103,0.2981029810298103,0.0
48,0,2,3,1,7,1,0,0.9185803757828812,0.04878048780487805,0.0
5,0,2,0,6,3,5,4,0.9394572025052192,1.0,0.0
30,0,2,2,3,1,5,3,0.8914405010438415,0.7317073170731707,0.0
13,1,2,1,17,7,1,0,0.9519832985386223,0.24390243902439024,0.0
65,0,2,0,9,0,0,1,0.8956158663883091,0.4281842818428185,0.0
70,0,2,2,17,1,2,4,0.9791231732776617,0.41192411924119243,1.0
43,1,2,4,16,4,5,5,0.47599164926931103,0.08672086720867209,0.0
49,1,0,0,15,2,5,0,0.9394572025052192,0.04336043360433604,0.0
99,1,2,4,14,4,5,5,0.8643006263048016,0.5203252032520325,0.0
49,0,0,0,3,5,5,0,0.9394572025052192,0.04878048780487805,0.0
122,0,2,0,13,6,5,1,0.9290187891440502,0.6666666666666666,0.0
5,0,2,0,1,1,1,0,0.9394572025052192,0.41734417344173447,0.0
101,0,2,0,10,4,5,4,0.5929018789144052,0.4281842818428185,0.0
70,1,0,1,13,3,5,0,0.9791231732776617,0.2168021680216802,0.0
5,0,1,0,6,3,3,4,0.9394572025052192,0.34688346883468835,1.0
55,1,2,1,1,4,5,0,0.8517745302713988,0.08672086720867209,1.0
78,0,1,1,13,1,2,4,0.7453027139874742,0.6233062330623306,0.0
13,0,1,0,19,7,1,0,0.9519832985386223,0.35772357723577236,0.0
5,1,2,4,11,4,5,1,0.9394572025052192,0.1897018970189702,1.0
49,0,2,0,6,4,0,0,0.9394572025052192,0.11382113821138211,0.0
117,0,2,0,16,0,1,0,0.4613778705636744,0.41734417344173447,0.0
5,0,2,0,17,2,5,3,0.9394572025052192,0.016260162601626015,1.0
83,0,2,0,11,0,5,0,0.6096033402922756,0.5365853658536585,1.0
5,1,2,0,15,0,0,0,0.9394572025052192,0.17886178861788618,1.0
101,0,2,0,5,2,5,4,0.5929018789144052,0.30352303523035234,0.0
82,0,2,2,19,1,5,1,0.8768267223382047,0.13550135501355012,0.0
105,0,2,2,19,1,5,1,0.7515657620041754,1.0,0.0
48,0,2,0,18,4,5,0,0.9185803757828812,0.2872628726287263,1.0
95,0,2,2,6,1,1,0,0.8037578288100209,0.29268292682926833,0.0
5,1,2,0,14,4,5,0,0.9394572025052192,0.9485094850948509,0.0
64,1,2,2,7,5,5,0,0.32150313152400845,0.5636856368563685,0.0
95,0,2,0,6,1,2,0,0.8037578288100209,0.1084010840108401,0.0
64,1,2,0,13,3,5,0,0.32150313152400845,0.17344173441734417,1.0
101,0,0,0,16,4,5,0,0.5929018789144052,0.13008130081300812,1.0
83,0,2,0,19,4,5,3,0.6096033402922756,0.10298102981029811,0.0
64,1,0,0,11,4,5,5,0.32150313152400845,0.016260162601626015,1.0
116,1,0,1,11,7,0,5,0.47599164926931103,0.22764227642276422,0.0
5,0,2,2,11,1,5,0,0.9394572025052192,0.11382113821138211,1.0
64,0,2,0,14,6,5,5,0.32150313152400845,0.13008130081300812,1.0
47,1,0,4,18,4,5,0,0.778705636743215,0.8726287262872628,0.0
101,1,0,0,18,4,5,4,0.5929018789144052,0.23306233062330622,1.0
30,0,2,2,17,4,5,1,0.8914405010438415,0.15718157181571815,0.0
5,0,2,0,21,3,5,0,0.9394572025052192,0.5257452574525745,0.0
5,1,2,0,14,4,5,0,0.9394572025052192,0.1897018970189702,0.0
64,0,0,0,16,0,5,4,0.32150313152400845,0.20596205962059622,1.0
13,0,2,0,7,4,5,0,0.9519832985386223,0.5962059620596206,0.0
30,0,2,2,18,2,5,0,0.8914405010438415,0.2981029810298103,0.0
49,0,2,1,15,4,5,0,0.9394572025052192,0.7154471544715447,0.0
13,0,2,2,4,4,5,0,0.9519832985386223,0.7262872628726287,0.0
17,0,0,1,0,6,4,0,0.5260960334029228,0.25474254742547425,0.0
48,0,2,0,21,4,5,0,0.9185803757828812,0.2872628726287263,0.0
30,0,2,2,16,5,5,1,0.8914405010438415,0.3360433604336044,0.0
48,0,2,0,21,4,5,4,0.9185803757828812,0.3848238482384824,0.0
5,0,2,0,21,2,5,4,0.9394572025052192,0.3089430894308943,0.0
13,0,2,1,16,2,5,1,0.9519832985386223,0.07046070460704607,0.0
42,1,2,2,4,4,4,4,0.47599164926931103,0.0921409214092141,0.0
30,1,0,2,5,4,5,1,0.8914405010438415,0.23306233062330622,0.0
99,0,2,2,2,1,5,0,0.8643006263048016,0.5691056910569106,0.0
48,0,2,0,6,0,1,0,0.9185803757828812,0.08672086720867209,0.0
85,1,2,4,13,4,5,5,0.8893528183716073,0.5528455284552846,0.0
5,1,2,4,15,4,5,5,0.9394572025052192,0.07588075880758807,0.0
49,1,0,1,15,1,5,0,0.9394572025052192,0.6016260162601625,0.0
5,1,2,0,18,3,5,4,0.9394572025052192,0.2872628726287263,0.0
5,0,2,0,19,7,0,0,0.9394572025052192,0.2872628726287263,0.0
49,0,2,0,18,1,2,0,0.9394572025052192,0.16260162601626016,0.0
5,0,1,0,1,3,5,0,0.9394572025052192,0.29268292682926833,0.0
41,0,1,0,8,4,5,0,0.457202505219207,0.26558265582655827,0.0
64,1,0,1,16,4,5,3,0.32150313152400845,1.0,1.0
5,1,1,0,13,5,4,0,0.9394572025052192,0.05420054200542005,0.0
49,0,2,0,21,4,5,4,0.9394572025052192,0.16260162601626016,1.0
5,1,2,2,13,1,2,0,0.9394572025052192,1.0,0.0
64,0,2,2,13,4,1,0,0.32150313152400845,0.5962059620596206,1.0
74,0,2,2,21,7,5,0,0.8830897703549061,0.24390243902439024,0.0
102,0,1,2,20,0,2,5,0.2275574112734864,0.3848238482384824,0.0
5,1,2,0,21,4,5,4,0.9394572025052192,0.08130081300813008,0.0
64,0,0,0,0,7,5,0,0.32150313152400845,0.12466124661246611,0.0
30,0,2,2,21,1,5,4,0.8914405010438415,0.04878048780487805,0.0
64,1,1,0,20,4,5,5,0.32150313152400845,0.06504065040650406,1.0
13,0,2,2,5,3,5,1,0.9519832985386223,0.4281842818428185,0.0
103,0,2,0,3,2,5,0,0.9791231732776617,0.2222222222222222,0.0
45,0,2,0,5,4,5,1,0.6242171189979124,0.8617886178861789,0.0
64,0,0,0,15,3,5,2,0.32150313152400845,0.13550135501355012,0.0
5,0,2,0,5,3,5,4,0.9394572025052192,0.037940379403794036,0.0
85,0,2,2,6,6,5,4,0.8893528183716073,0.22764227642276422,0.0
64,0,0,0,19,5,5,4,0.32150313152400845,0.2764227642276423,0.0
48,0,2,0,17,0,5,0,0.9185803757828812,0.037940379403794036,0.0
95,0,1,0,19,4,5,0,0.8037578288100209,0.33062330623306235,0.0
5,0,2,2,16,3,5,3,0.9394572025052192,0.11924119241192412,0.0
64,1,0,0,15,3,5,0,0.32150313152400845,0.16260162601626016,0.0
64,1,2,0,15,3,5,0,0.32150313152400845,0.3631436314363144,1.0
11,0,2,0,18,4,5,0,0.16701461377870586,0.23306233062330622,1.0
13,0,2,2,21,5,5,4,0.9519832985386223,0.24390243902439024,0.0
5,0,2,0,7,4,4,0,0.9394572025052192,1.0,0.0
50,0,2,0,5,2,5,1,0.6200417536534448,0.14634146341463414,0.0
33,1,2,2,18,2,5,1,0.47599164926931103,0.8943089430894309,1.0
30,1,0,2,15,4,5,0,0.8914405010438415,0.24390243902439024,0.0
5,0,2,3,21,6,2,4,0.9394572025052192,0.25474254742547425,0.0
5,0,2,0,21,0,0,1,0.9394572025052192,0.037940379403794036,0.0
89,0,2,0,19,1,5,1,0.826722338204593,0.016260162601626015,0.0
64,1,0,2,20,1,5,4,0.32150313152400845,0.10298102981029811,0.0
64,1,0,0,14,4,5,5,0.32150313152400845,0.11382113821138211,1.0
74,0,2,0,6,2,5,4,0.8830897703549061,0.31978319783197834,0.0
64,0,2,0,11,0,0,0,0.32150313152400845,0.14634146341463414,0.0
93,0,2,0,5,4,5,4,0.40918580375782887,1.0,0.0
116,1,1,2,7,4,5,2,0.47599164926931103,0.3739837398373984,0.0
5,0,2,0,21,1,5,2,0.9394572025052192,0.23306233062330622,0.0
5,0,2,0,10,4,5,4,0.9394572025052192,0.2601626016260163,1.0
5,1,2,1,20,4,5,5,0.9394572025052192,0.5040650406504065,0.0
83,1,0,1,11,4,5,5,0.6096033402922756,0.21138211382113822,0.0
49,0,2,0,1,4,5,1,0.9394572025052192,0.14634146341463414,0.0
101,0,1,0,13,3,4,0,0.5929018789144052,0.8943089430894309,0.0
5,1,0,0,13,4,5,0,0.9394572025052192,0.05420054200542005,0.0
15,1,2,0,14,4,5,2,0.5699373695198331,0.2872628726287263,0.0
30,1,0,0,2,4,5,0,0.8914405010438415,0.8401084010840109,1.0
99,0,2,2,6,1,1,4,0.8643006263048016,0.08130081300813008,0.0
5,1,2,3,21,4,5,4,0.9394572025052192,0.016260162601626015,0.0
13,0,2,0,1,2,5,4,0.9519832985386223,0.5257452574525745,0.0
64,0,2,0,2,4,5,0,0.32150313152400845,0.5691056910569106,0.0
120,0,0,0,13,1,5,1,0.9498956158663885,1.0,0.0
5,1,2,2,19,4,5,5,0.9394572025052192,0.08130081300813008,1.0
64,1,0,2,19,1,5,5,0.32150313152400845,0.02168021680216802,1.0
13,1,0,2,18,0,5,4,0.9519832985386223,0.04336043360433604,1.0
64,0,1,0,2,7,0,1,0.32150313152400845,0.11382113821138211,1.0
37,0,2,0,16,4,5,1,0.5636743215031317,0.23306233062330622,0.0
30,0,2,0,16,3,5,5,0.8914405010438415,0.26558265582655827,0.0
6,0,2,1,21,1,3,4,0.9478079331941547,0.027100271002710022,0.0
30,1,2,3,21,5,4,4,0.8914405010438415,0.11382113821138211,0.0
13,1,2,1,11,0,5,0,0.9519832985386223,0.2872628726287263,0.0
91,0,2,0,6,3,5,4,0.9248434237995826,0.14634146341463414,0.0
48,1,0,0,15,4,5,0,0.9185803757828812,0.22764227642276422,1.0
5,1,2,2,14,3,5,0,0.9394572025052192,0.5365853658536585,0.0
64,0,2,0,15,2,5,0,0.32150313152400845,0.07588075880758807,1.0
101,0,2,0,8,4,5,3,0.5929018789144052,0.4444444444444445,1.0
2,0,2,0,1,6,5,0,0.8705636743215033,0.11924119241192412,0.0
49,0,2,0,21,4,5,5,0.9394572025052192,0.0921409214092141,1.0
30,0,2,2,21,4,5,4,0.8914405010438415,0.1084010840108401,0.0
5,0,2,2,1,3,5,1,0.9394572025052192,0.5420054200542005,0.0
5,0,2,0,8,6,5,4,0.9394572025052192,0.6558265582655827,0.0
61,1,0,0,16,4,5,0,0.4425887265135702,0.2818428184281843,0.0
46,0,2,0,13,4,0,0,0.6179540709812108,0.0921409214092141,0.0
112,0,2,0,14,0,5,0,0.9457202505219209,0.1842818428184282,0.0
64,0,1,0,15,1,5,1,0.32150313152400845,0.06504065040650406,1.0
5,0,2,2,2,4,4,0,0.9394572025052192,1.0,0.0
10,0,2,2,7,4,5,0,0.48225469728601245,0.8075880758807588,0.0
48,0,2,0,16,4,5,2,0.9185803757828812,0.1897018970189702,0.0
5,0,2,1,9,3,5,0,0.9394572025052192,0.4281842818428185,0.0
48,1,2,1,18,3,5,4,0.9185803757828812,1.0,1.0
5,0,2,0,0,4,5,5,0.9394572025052192,0.5691056910569106,0.0
31,0,1,0,1,2,5,1,0.7640918580375784,0.24932249322493225,0.0
95,0,2,0,15,4,5,0,0.8037578288100209,0.46070460704607047,0.0
91,1,0,1,13,4,5,5,0.9248434237995826,0.5203252032520325,0.0
101,0,2,0,21,1,5,1,0.5929018789144052,0.5149051490514904,0.0
64,0,2,0,20,0,5,0,0.32150313152400845,0.0921409214092141,1.0
2,1,2,0,10,4,5,4,0.8705636743215033,0.13550135501355012,0.0
4,0,2,2,5,1,5,0,0.6972860125260962,0.41734417344173447,0.0
13,1,2,0,21,4,5,2,0.9519832985386223,0.12466124661246611,0.0
30,0,2,2,13,0,5,0,0.8914405010438415,0.05420054200542005,0.0
11,1,0,1,13,4,5,5,0.16701461377870586,0.0975609756097561,0.0
13,1,0,1,13,4,5,0,0.9519832985386223,0.1951219512195122,0.0
101,0,2,2,3,2,5,1,0.5929018789144052,0.24932249322493225,0.0
4,1,2,2,16,3,5,4,0.6972860125260962,0.21138211382113822,0.0
85,1,2,1,13,1,5,4,0.8893528183716073,0.04878048780487805,0.0
95,0,2,0,11,4,5,0,0.8037578288100209,0.14634146341463414,1.0
120,1,0,0,3,4,5,1,0.9498956158663885,0.10298102981029811,0.0
64,0,0,0,14,4,5,3,0.32150313152400845,0.5962059620596206,1.0
30,0,2,2,6,4,5,0,0.8914405010438415,0.3631436314363144,0.0
112,0,2,0,3,4,5,0,0.9457202505219209,0.08672086720867209,0.0
13,0,2,0,2,0,5,3,0.9519832985386223,0.39566395663956644,0.0
116,0,2,1,13,7,5,1,0.47599164926931103,0.027100271002710022,0.0
81,0,0,0,16,4,5,2,0.5323590814196242,0.04878048780487805,1.0
49,0,0,0,17,4,5,0,0.9394572025052192,0.13550135501355012,0.0
64,0,2,0,18,4,5,2,0.32150313152400845,0.5907859078590786,0.0
64,0,0,2,21,4,5,4,0.32150313152400845,0.027100271002710022,1.0
103,0,2,0,5,6,4,0,0.9791231732776617,0.23306233062330622,0.0
5,0,2,1,1,4,5,3,0.9394572025052192,0.1897018970189702,0.0
5,0,2,0,21,4,5,2,0.9394572025052192,0.5040650406504065,1.0
5,0,2,0,5,1,1,0,0.9394572025052192,0.05420054200542005,0.0
5,0,2,0,21,4,5,0,0.9394572025052192,0.17344173441734417,0.0
70,0,0,0,15,7,5,0,0.9791231732776617,0.46070460704607047,0.0
64,0,0,0,16,4,0,2,0.32150313152400845,0.39566395663956644,1.0
91,0,2,0,17,3,5,1,0.9248434237995826,0.0921409214092141,0.0
5,0,1,0,7,2,5,0,0.9394572025052192,0.15718157181571815,0.0
11,0,0,0,15,1,1,4,0.16701461377870586,0.14634146341463414,1.0
5,0,2,0,6,6,5,2,0.9394572025052192,0.33062330623306235,0.0
64,0,2,0,7,5,5,2,0.32150313152400845,0.2981029810298103,0.0
105,0,0,0,16,1,5,4,0.7515657620041754,0.21138211382113822,0.0
103,0,2,0,21,1,5,2,0.9791231732776617,0.30352303523035234,0.0
27,0,2,2,3,2,5,0,0.43841336116910257,0.1084010840108401,0.0
95,0,0,1,13,4,5,0,0.8037578288100209,0.8780487804878049,0.0
5,0,2,0,18,1,5,3,0.9394572025052192,0.34688346883468835,0.0
49,1,2,4,20,4,5,5,0.9394572025052192,0.2818428184281843,0.0
6,0,2,0,1,7,5,1,0.9478079331941547,0.7750677506775068,0.0
49,0,2,0,21,4,5,4,0.9394572025052192,0.4444444444444445,1.0
42,0,2,2,18,4,5,0,0.47599164926931103,0.1951219512195122,0.0
5,0,2,0,17,3,5,5,0.9394572025052192,0.43902439024390244,0.0
13,0,2,1,21,4,5,0,0.9519832985386223,0.8184281842818428,0.0
64,0,0,0,16,0,5,0,0.32150313152400845,0.13550135501355012,0.0
77,0,1,0,14,5,5,0,0.6388308977035491,0.23306233062330622,0.0
67,0,2,0,18,7,5,0,0.47599164926931103,0.5962059620596206,0.0
47,0,2,2,3,4,4,0,0.778705636743215,0.016260162601626015,0.0
70,0,2,4,1,3,5,5,0.9791231732776617,0.04336043360433604,0.0
64,0,2,2,16,4,5,0,0.32150313152400845,0.2981029810298103,1.0
64,0,2,0,2,5,5,0,0.32150313152400845,0.2981029810298103,1.0
50,0,0,0,19,4,5,0,0.6200417536534448,0.5257452574525745,1.0
83,1,2,2,1,6,4,0,0.6096033402922756,0.6558265582655827,0.0
13,1,0,0,19,2,2,1,0.9519832985386223,0.5420054200542005,0.0
11,0,1,4,0,4,5,0,0.16701461377870586,0.04336043360433604,1.0
5,0,2,0,1,6,5,0,0.9394572025052192,0.10298102981029811,0.0
116,0,2,1,15,4,5,0,0.47599164926931103,0.08672086720867209,0.0
48,0,2,0,1,1,5,3,0.9185803757828812,0.34688346883468835,0.0
49,0,2,0,17,2,4,0,0.9394572025052192,0.8509485094850948,0.0
48,0,2,0,11,4,5,0,0.9185803757828812,0.16260162601626016,0.0
64,1,0,1,14,4,5,0,0.32150313152400845,0.05962059620596205,0.0
2,0,1,0,14,4,1,3,0.8705636743215033,0.5040650406504065,0.0
60,1,2,2,19,4,5,4,0.47599164926931103,0.12466124661246611,0.0
85,0,2,1,13,0,1,0,0.8893528183716073,0.14634146341463414,0.0
13,1,2,2,18,3,5,0,0.9519832985386223,0.0921409214092141,0.0
50,0,0,0,21,1,5,4,0.6200417536534448,0.24390243902439024,0.0
103,0,2,0,21,1,5,4,0.9791231732776617,0.20596205962059622,0.0
83,1,2,2,0,3,5,5,0.6096033402922756,0.15718157181571815,0.0
64,0,0,0,14,4,5,0,0.32150313152400845,0.22764227642276422,1.0
4,0,2,2,3,6,5,0,0.6972860125260962,0.5962059620596206,0.0
42,0,2,0,21,3,5,4,0.47599164926931103,0.1842818428184282,0.0
95,0,2,0,1,4,5,0,0.8037578288100209,0.14634146341463414,0.0
5,0,2,0,19,3,5,2,0.9394572025052192,0.4932249322493225,0.0
74,0,2,1,19,1,5,3,0.8830897703549061,0.16260162601626016,0.0
93,0,0,0,5,3,5,2,0.40918580375782887,1.0,1.0
74,0,2,2,19,4,5,4,0.8830897703549061,0.5474254742547425,0.0
48,0,2,2,21,4,5,4,0.9185803757828812,0.8617886178861789,0.0
95,1,2,4,11,4,5,0,0.8037578288100209,0.6829268292682926,0.0
11,0,2,0,16,5,3,0,0.16701461377870586,0.4823848238482385,0.0
64,0,1,0,11,4,0,0,0.32150313152400845,0.037940379403794036,1.0
5,0,2,0,11,7,5,0,0.9394572025052192,0.0921409214092141,0.0
48,1,1,0,16,3,5,4,0.9185803757828812,0.12466124661246611,0.0
64,0,2,0,15,1,5,0,0.32150313152400845,0.6666666666666666,0.0
30,1,0,0,14,4,5,0,0.8914405010438415,0.4281842818428185,1.0
64,0,0,2,19,4,5,0,0.32150313152400845,0.31978319783197834,1.0
27,1,2,2,13,4,5,5,0.43841336116910257,0.2710027100271003,1.0
5,1,2,0,17,4,5,0,0.9394572025052192,0.02168021680216802,1.0
64,1,0,0,0,1,5,0,0.32150313152400845,0.8726287262872628,1.0
86,0,2,0,18,1,5,0,0.5636743215031317,0.9159891598915989,0.0
64,0,2,0,12,0,5,1,0.32150313152400845,0.04336043360433604,0.0
31,1,0,0,13,4,5,5,0.7640918580375784,0.25474254742547425,0.0
4,1,0,2,19,1,5,4,0.6972860125260962,0.4932249322493225,0.0
64,0,2,0,17,3,5,0,0.32150313152400845,0.6233062330623306,1.0
36,0,2,2,17,4,5,0,0.536534446764092,0.26558265582655827,1.0
5,0,2,0,19,5,5,0,0.9394572025052192,0.03252032520325203,0.0
48,0,2,2,11,4,5,0,0.9185803757828812,0.39566395663956644,0.0
5,0,2,0,11,4,5,0,0.9394572025052192,0.12466124661246611,0.0
5,0,2,0,2,3,5,4,0.9394572025052192,0.08672086720867209,0.0
49,0,2,0,14,5,5,0,0.9394572025052192,0.46070460704607047,0.0
64,0,0,0,11,7,5,0,0.32150313152400845,0.1897018970189702,0.0
49,0,2,0,21,5,5,3,0.9394572025052192,0.08130081300813008,0.0
5,0,2,0,18,1,5,0,0.9394572025052192,0.9485094850948509,0.0
48,0,2,2,13,4,5,0,0.9185803757828812,0.3685636856368564,0.0
64,0,2,0,5,3,5,4,0.32150313152400845,0.14634146341463414,0.0
26,0,2,0,1,4,5,0,0.7453027139874742,0.29268292682926833,0.0
91,0,2,0,21,1,5,0,0.9248434237995826,0.20596205962059622,0.0
39,0,2,0,16,1,1,1,0.1774530271398751,0.3739837398373984,1.0
5,1,0,2,18,3,5,0,0.9394572025052192,0.16802168021680217,0.0
64,0,2,2,18,2,2,2,0.32150313152400845,0.16260162601626016,1.0
48,0,2,0,2,1,5,1,0.9185803757828812,0.05962059620596205,0.0
48,0,0,1,14,4,5,0,0.9185803757828812,0.7750677506775068,0.0
5,0,2,0,21,4,5,0,0.9394572025052192,0.2710027100271003,1.0
13,0,1,0,16,4,5,3,0.9519832985386223,0.4281842818428185,1.0
5,0,2,0,4,2,5,1,0.9394572025052192,0.07046070460704607,0.0
105,0,2,2,18,4,4,2,0.7515657620041754,0.14092140921409213,0.0
5,0,2,0,21,6,5,3,0.9394572025052192,0.11924119241192412,0.0
14,1,2,2,1,4,5,3,0.665970772442589,0.42276422764227645,0.0
48,0,2,0,21,0,5,1,0.9185803757828812,0.16802168021680217,0.0
95,0,1,0,16,5,5,5,0.8037578288100209,0.5474254742547425,0.0
33,1,2,4,17,4,5,5,0.47599164926931103,0.4552845528455285,0.0
5,0,2,2,21,1,5,0,0.9394572025052192,0.2222222222222222,0.0
64,0,0,2,1,7,5,0,0.32150313152400845,0.5907859078590786,1.0
5,1,0,0,16,4,4,0,0.9394572025052192,0.6233062330623306,1.0
14,0,2,0,11,4,5,0,0.665970772442589,0.0921409214092141,0.0
99,1,2,3,13,2,4,0,0.8643006263048016,0.2168021680216802,0.0
64,0,2,0,3,1,1,0,0.32150313152400845,0.44986449864498645,1.0
13,0,2,0,1,1,5,0,0.9519832985386223,0.08130081300813008,1.0
30,1,1,0,13,3,5,0,0.8914405010438415,0.02168021680216802,0.0
112,0,2,2,21,7,0,4,0.9457202505219209,0.34146341463414637,0.0
65,0,0,2,4,5,1,0,0.8956158663883091,0.10298102981029811,0.0
104,0,2,2,6,0,5,0,0.47599164926931103,0.08672086720867209,0.0
64,1,0,0,20,4,5,0,0.32150313152400845,0.016260162601626015,1.0
5,0,0,2,18,0,1,0,0.9394572025052192,0.2005420054200542,0.0
116,0,2,0,17,4,5,0,0.47599164926931103,0.20596205962059622,0.0
5,0,2,0,5,2,5,4,0.9394572025052192,0.2005420054200542,0.0
98,1,0,1,13,7,0,5,0.47599164926931103,0.35772357723577236,0.0
2,0,2,0,4,0,5,0,0.8705636743215033,1.0,1.0
13,0,2,2,21,7,5,3,0.9519832985386223,0.6666666666666666,0.0
64,1,2,0,11,4,0,5,0.32150313152400845,0.4444444444444445,0.0
5,0,2,0,5,4,5,2,0.9394572025052192,0.07046070460704607,1.0
5,0,2,0,21,3,5,3,0.9394572025052192,0.0921409214092141,0.0
49,0,2,0,19,4,5,0,0.9394572025052192,0.3523035230352304,0.0
5,1,2,1,11,4,5,5,0.9394572025052192,1.0,0.0
18,0,1,1,16,1,5,0,0.3549060542797495,0.04878048780487805,0.0
5,0,2,0,20,4,5,0,0.9394572025052192,0.2222222222222222,1.0
17,0,2,0,4,4,1,1,0.5260960334029228,0.2872628726287263,0.0
116,0,2,0,21,1,5,4,0.47599164926931103,0.2710027100271003,0.0
64,0,2,2,14,3,5,0,0.32150313152400845,0.016260162601626015,0.0
5,0,2,0,6,4,5,0,0.9394572025052192,0.3685636856368564,0.0
11,0,0,0,13,4,5,5,0.16701461377870586,0.2981029810298103,1.0
33,0,2,0,17,4,5,5,0.47599164926931103,0.08672086720867209,1.0
5,0,2,2,21,2,4,4,0.9394572025052192,0.29268292682926833,0.0
5,1,2,0,6,3,5,1,0.9394572025052192,0.08130081300813008,1.0
91,0,2,0,17,7,5,0,0.9248434237995826,0.04878048780487805,0.0
5,1,2,0,13,1,5,1,0.9394572025052192,0.6829268292682926,0.0
67,1,0,0,11,4,5,5,0.47599164926931103,0.6016260162601625,1.0
49,0,2,0,21,4,5,1,0.9394572025052192,0.10298102981029811,1.0
5,1,2,4,11,4,5,5,0.9394572025052192,0.07588075880758807,0.0
91,0,2,0,7,3,4,0,0.9248434237995826,0.1842818428184282,0.0
88,1,2,0,19,4,5,0,0.5615866388308981,0.005420054200542005,1.0
66,1,0,0,19,4,5,5,0.47599164926931103,0.02168021680216802,0.0
5,1,2,4,15,4,5,5,0.9394572025052192,0.4281842818428185,0.0
5,0,2,0,5,2,5,4,0.9394572025052192,0.3523035230352304,0.0
103,1,2,0,1,7,5,4,0.9791231732776617,0.13008130081300812,0.0
5,1,2,0,21,4,1,0,0.9394572025052192,0.3739837398373984,0.0
5,1,2,0,6,4,4,0,0.9394572025052192,0.5799457994579945,1.0
5,0,2,0,6,4,5,0,0.9394572025052192,0.7317073170731707,0.0
5,0,2,2,3,0,5,0,0.9394572025052192,0.14634146341463414,0.0
7,0,1,0,15,4,5,0,0.676409185803758,0.14634146341463414,0.0
46,0,2,0,16,4,5,2,0.6179540709812108,0.21138211382113822,0.0
74,0,2,0,15,3,5,1,0.8830897703549061,0.34146341463414637,1.0
5,0,2,0,17,4,1,0,0.9394572025052192,0.11382113821138211,0.0
47,0,2,2,18,4,5,0,0.778705636743215,1.0,0.0
30,0,2,0,21,2,5,3,0.8914405010438415,0.027100271002710022,0.0
91,0,2,4,17,1,5,0,0.9248434237995826,0.04336043360433604,0.0
49,1,2,2,21,4,5,0,0.9394572025052192,0.17344173441734417,1.0
112,0,2,0,5,4,5,0,0.9457202505219209,0.21138211382113822,0.0
26,0,2,2,2,0,5,4,0.7453027139874742,0.08672086720867209,0.0
64,1,0,0,14,4,5,5,0.32150313152400845,0.25474254742547425,1.0
99,0,2,2,21,4,5,1,0.8643006263048016,0.25474254742547425,0.0
5,0,2,2,3,3,5,0,0.9394572025052192,0.41192411924119243,0.0
55,0,0,2,21,4,5,0,0.8517745302713988,0.14634146341463414,0.0
5,0,0,2,21,4,5,1,0.9394572025052192,0.05962059620596205,0.0
5,0,2,0,1,1,5,4,0.9394572025052192,0.35772357723577236,0.0
13,0,0,1,19,7,0,0,0.9519832985386223,0.8130081300813008,0.0
65,0,2,0,14,1,1,1,0.8956158663883091,0.2764227642276423,0.0
5,0,2,0,10,2,5,4,0.9394572025052192,0.33062330623306235,0.0
5,0,2,0,2,4,5,2,0.9394572025052192,0.1951219512195122,0.0
101,0,2,0,8,5,5,0,0.5929018789144052,0.4010840108401084,0.0
112,1,2,2,0,4,5,0,0.9457202505219209,0.39566395663956644,1.0
50,0,2,0,18,7,0,0,0.6200417536534448,0.8888888888888888,0.0
64,1,0,0,11,4,5,5,0.32150313152400845,0.7859078590785907,0.0
5,0,2,0,17,7,5,0,0.9394572025052192,0.6233062330623306,0.0
103,1,2,4,13,4,5,5,0.9791231732776617,0.05420054200542005,0.0
24,0,2,2,14,1,1,0,0.11899791231732793,0.5149051490514904,1.0
33,0,2,0,4,7,5,0,0.47599164926931103,1.0,0.0
5,0,2,0,21,3,5,4,0.9394572025052192,0.016260162601626015,0.0
64,0,2,2,18,3,4,0,0.32150313152400845,0.02168021680216802,1.0
5,0,2,0,19,5,1,0,0.9394572025052192,1.0,0.0
31,0,1,0,21,2,5,1,0.7640918580375784,0.15176151761517614,0.0
13,1,2,2,9,1,5,2,0.9519832985386223,0.7913279132791328,0.0
95,0,2,0,16,4,5,1,0.8037578288100209,1.0,1.0
13,0,2,2,16,4,5,1,0.9519832985386223,0.41734417344173447,0.0
61,0,2,0,16,3,5,1,0.4425887265135702,0.04878048780487805,0.0
74,0,2,2,14,5,4,0,0.8830897703549061,0.0921409214092141,0.0
95,0,2,1,1,7,5,0,0.8037578288100209,0.7804878048780487,0.0
4,0,2,2,15,4,5,3,0.6972860125260962,1.0,0.0
5,1,0,0,14,3,2,0,0.9394572025052192,0.0975609756097561,0.0
48,0,2,0,7,4,5,0,0.9185803757828812,1.0,0.0
64,0,2,0,16,1,5,5,0.32150313152400845,0.005420054200542005,1.0
48,1,2,2,18,2,5,0,0.9185803757828812,0.17344173441734417,0.0
5,0,1,0,17,4,4,1,0.9394572025052192,1.0,0.0
64,1,2,0,13,4,5,5,0.32150313152400845,0.5962059620596206,0.0
5,0,1,0,15,4,5,1,0.9394572025052192,0.2981029810298103,0.0
5,0,2,0,8,7,5,4,0.9394572025052192,0.1842818428184282,1.0
64,0,2,2,17,4,5,0,0.32150313152400845,0.5474254742547425,0.0
49,0,0,0,12,0,5,0,0.9394572025052192,1.0,0.0
64,1,2,0,14,1,5,5,0.32150313152400845,0.4552845528455285,1.0
48,1,2,0,20,7,0,0,0.9185803757828812,0.7046070460704607,0.0
65,1,2,4,20,4,5,5,0.8956158663883091,0.9051490514905148,0.0
64,1,0,0,13,1,5,1,0.32150313152400845,0.2981029810298103,1.0
64,0,0,0,16,7,0,5,0.32150313152400845,0.5257452574525745,0.0
91,0,2,0,21,3,5,5,0.9248434237995826,1.0,0.0
48,1,0,2,1,4,5,1,0.9185803757828812,0.25474254742547425,0.0
70,1,0,0,19,4,5,1,0.9791231732776617,0.20596205962059622,0.0
5,0,0,1,18,4,5,0,0.9394572025052192,0.25474254742547425,0.0
64,0,2,2,3,7,0,1,0.32150313152400845,0.13008130081300812,0.0
64,0,2,2,18,0,5,5,0.32150313152400845,0.31978319783197834,1.0
50,0,1,0,16,1,5,0,0.6200417536534448,0.5094850948509485,0.0
103,0,2,0,21,3,5,0,0.9791231732776617,0.23848238482384823,0.0
89,1,2,2,15,5,4,0,0.826722338204593,0.5528455284552846,1.0
48,0,2,0,21,4,5,0,0.9185803757828812,0.05962059620596205,0.0
120,1,0,1,0,4,4,0,0.9498956158663885,0.4444444444444445,1.0
64,0,2,0,15,0,5,1,0.32150313152400845,0.14092140921409213,1.0
64,0,2,0,13,4,5,5,0.32150313152400845,0.9701897018970189,1.0
48,1,2,0,17,4,4,1,0.9185803757828812,0.1084010840108401,0.0
13,0,2,0,9,1,5,4,0.9519832985386223,0.6991869918699186,1.0
69,0,2,0,1,1,5,0,0.7891440501043843,0.4281842818428185,0.0
5,0,2,2,21,0,5,4,0.9394572025052192,0.03252032520325203,0.0
5,1,0,2,16,4,5,5,0.9394572025052192,0.07046070460704607,1.0
5,0,2,2,4,3,5,0,0.9394572025052192,0.07046070460704607,0.0
49,0,2,0,19,4,5,0,0.9394572025052192,0.3848238482384824,0.0
5,0,2,2,21,2,5,4,0.9394572025052192,0.2710027100271003,0.0
50,0,2,2,9,1,5,0,0.6200417536534448,0.2872628726287263,0.0
30,0,2,2,6,4,5,4,0.8914405010438415,0.12466124661246611,0.0
64,1,2,0,16,4,5,5,0.32150313152400845,0.08672086720867209,0.0
1,0,2,1,3,4,5,0,0.8872651356993737,0.1951219512195122,0.0
13,1,2,4,0,4,5,5,0.9519832985386223,0.30352303523035234,0.0
64,0,2,0,19,4,5,0,0.32150313152400845,1.0,0.0
64,0,2,0,15,4,5,0,0.32150313152400845,0.7479674796747967,1.0
82,0,1,1,18,0,5,0,0.8768267223382047,0.2764227642276423,0.0
6,0,2,0,21,7,0,1,0.9478079331941547,1.0,0.0
102,1,0,0,21,4,5,5,0.2275574112734864,1.0,0.0
30,0,2,2,10,5,5,3,0.8914405010438415,0.4715447154471545,1.0
5,0,2,0,10,1,5,4,0.9394572025052192,0.7208672086720866,0.0
5,1,2,0,11,2,4,0,0.9394572025052192,0.34146341463414637,0.0
49,0,2,0,21,1,5,4,0.9394572025052192,0.04878048780487805,0.0
13,0,2,2,4,4,5,1,0.9519832985386223,0.07046070460704607,0.0
103,1,2,0,21,4,5,4,0.9791231732776617,0.06504065040650406,0.0
64,0,2,0,3,4,5,0,0.32150313152400845,0.41192411924119243,1.0
15,0,2,0,14,4,5,3,0.5699373695198331,0.07588075880758807,1.0
64,0,2,0,14,7,0,0,0.32150313152400845,0.33062330623306235,1.0
91,1,2,0,21,4,5,4,0.9248434237995826,0.7208672086720866,0.0
5,1,2,2,14,2,5,1,0.9394572025052192,0.31978319783197834,1.0
48,0,2,0,5,1,5,1,0.9185803757828812,0.7533875338753387,1.0
5,0,2,0,15,6,5,0,0.9394572025052192,0.5799457994579945,0.0
5,1,2,0,15,4,4,0,0.9394572025052192,0.027100271002710022,0.0
64,1,0,0,11,4,5,5,0.32150313152400845,0.07588075880758807,1.0
5,0,2,0,15,6,5,0,0.9394572025052192,0.17886178861788618,0.0
64,0,2,0,20,2,5,0,0.32150313152400845,0.04878048780487805,1.0
5,0,2,0,16,2,4,0,0.9394572025052192,0.0921409214092141,0.0
5,0,2,0,21,4,4,2,0.9394572025052192,0.5907859078590786,1.0
99,0,2,0,21,4,5,4,0.8643006263048016,0.2818428184281843,0.0
64,1,0,2,13,4,5,0,0.32150313152400845,0.24932249322493225,0.0
112,0,2,0,4,3,5,1,0.9457202505219209,0.1842818428184282,0.0
5,0,2,2,1,1,5,1,0.9394572025052192,0.39566395663956644,0.0
48,1,2,0,11,4,5,1,0.9185803757828812,0.14634146341463414,0.0
5,1,2,3,21,3,4,4,0.9394572025052192,0.08672086720867209,0.0
82,0,0,0,17,4,5,0,0.8768267223382047,0.1951219512195122,0.0
5,0,2,0,21,4,5,4,0.9394572025052192,0.981029810298103,1.0
89,1,0,0,11,4,5,5,0.826722338204593,0.4010840108401084,0.0
64,0,1,2,13,1,5,1,0.32150313152400845,0.13008130081300812,0.0
13,0,2,0,2,1,5,1,0.9519832985386223,0.2981029810298103,0.0
5,0,2,0,3,1,5,4,0.9394572025052192,0.21138211382113822,0.0
5,0,2,0,21,1,5,0,0.9394572025052192,0.5420054200542005,0.0
80,0,2,0,14,4,5,5,0.09603340292275586,0.22764227642276422,0.0
64,1,2,0,1,4,5,5,0.32150313152400845,1.0,1.0
11,0,2,2,2,1,5,5,0.16701461377870586,0.2710027100271003,0.0
6,1,0,1,17,4,5,3,0.9478079331941547,0.7967479674796748,1.0
2,0,2,0,21,3,5,3,0.8705636743215033,0.05962059620596205,1.0
5,0,2,0,10,5,0,4,0.9394572025052192,0.5040650406504065,0.0
65,1,0,1,16,4,5,0,0.8956158663883091,0.5528455284552846,0.0
112,1,2,2,21,4,5,4,0.9457202505219209,0.12466124661246611,1.0
30,0,2,2,13,7,0,5,0.8914405010438415,0.2222222222222222,0.0
15,0,2,0,4,1,5,3,0.5699373695198331,0.027100271002710022,0.0
99,0,2,4,2,2,5,0,0.8643006263048016,0.2764227642276423,0.0
48,1,2,0,21,3,5,0,0.9185803757828812,0.24932249322493225,0.0
61,1,2,0,15,1,5,0,0.4425887265135702,1.0,0.0
49,1,2,0,21,6,5,4,0.9394572025052192,0.05962059620596205,0.0
95,0,2,0,13,0,5,1,0.8037578288100209,0.07588075880758807,0.0
64,0,2,2,21,4,5,0,0.32150313152400845,0.10298102981029811,1.0
5,1,0,0,11,7,0,1,0.9394572025052192,0.43360433604336046,0.0
5,0,2,0,8,0,5,2,0.9394572025052192,0.10298102981029811,0.0
30,0,2,2,17,1,4,1,0.8914405010438415,0.11382113821138211,0.0
95,0,2,0,21,3,5,0,0.8037578288100209,0.20596205962059622,1.0
30,0,2,2,21,4,2,4,0.8914405010438415,0.13550135501355012,0.0
5,0,2,1,21,2,5,1,0.9394572025052192,0.981029810298103,0.0
5,0,2,0,18,4,5,1,0.9394572025052192,0.17886178861788618,1.0
70,1,2,3,21,7,5,4,0.9791231732776617,0.5257452574525745,0.0
64,1,1,0,13,4,5,0,0.32150313152400845,0.2981029810298103,1.0
30,1,1,0,11,2,5,1,0.8914405010438415,0.21138211382113822,0.0
5,0,2,0,21,2,5,4,0.9394572025052192,0.21138211382113822,0.0
64,0,2,0,21,4,5,0,0.32150313152400845,0.11382113821138211,1.0
5,0,1,2,2,5,4,4,0.9394572025052192,0.5474254742547425,0.0
13,0,2,0,16,0,5,4,0.9519832985386223,0.5745257452574526,0.0
48,1,0,0,18,4,5,0,0.9185803757828812,0.25474254742547425,0.0
101,0,1,0,14,4,5,0,0.5929018789144052,0.1842818428184282,0.0
49,0,2,0,21,0,5,4,0.9394572025052192,0.3631436314363144,0.0
49,1,2,2,3,4,5,0,0.9394572025052192,0.027100271002710022,1.0
11,1,0,0,13,4,5,0,0.16701461377870586,0.027100271002710022,1.0
70,0,2,1,21,4,5,4,0.9791231732776617,0.4932249322493225,0.0
2,0,2,2,1,2,5,5,0.8705636743215033,0.2818428184281843,1.0
64,0,2,0,17,4,5,0,0.32150313152400845,0.3360433604336044,0.0
13,1,0,0,16,4,5,1,0.9519832985386223,0.23306233062330622,0.0
64,1,2,2,20,0,5,0,0.32150313152400845,0.027100271002710022,1.0
50,0,2,2,19,4,5,3,0.6200417536534448,0.3252032520325204,0.0
64,0,2,0,16,7,5,1,0.32150313152400845,0.1897018970189702,1.0
5,0,2,2,21,3,5,3,0.9394572025052192,0.04878048780487805,0.0
2,0,1,1,0,5,5,0,0.8705636743215033,0.8943089430894309,0.0
51,1,0,1,11,4,2,0,0.9039665970772444,0.0921409214092141,0.0
48,0,2,0,3,7,5,4,0.9185803757828812,0.34146341463414637,1.0
13,0,1,1,6,7,5,0,0.9519832985386223,0.17886178861788618,0.0
5,1,2,2,7,4,5,4,0.9394572025052192,0.31978319783197834,0.0
5,0,2,2,21,2,5,4,0.9394572025052192,0.06504065040650406,0.0
5,0,2,0,21,1,5,4,0.9394572025052192,0.2005420054200542,1.0
64,1,1,2,6,1,5,5,0.32150313152400845,0.04336043360433604,0.0
50,0,2,0,14,4,5,0,0.6200417536534448,0.13550135501355012,0.0
47,0,2,0,9,1,5,0,0.778705636743215,0.14634146341463414,0.0
99,0,2,0,3,4,1,4,0.8643006263048016,0.005420054200542005,0.0
30,0,2,2,21,4,5,0,0.8914405010438415,0.3631436314363144,0.0
6,0,2,0,5,4,5,0,0.9478079331941547,0.15176151761517614,0.0
48,0,2,0,17,4,5,0,0.9185803757828812,0.23848238482384823,0.0
48,1,0,1,19,4,5,5,0.9185803757828812,0.05962059620596205,0.0
13,0,2,2,5,4,5,0,0.9519832985386223,0.11924119241192412,1.0
64,0,2,0,14,5,5,1,0.32150313152400845,0.0975609756097561,0.0
74,1,2,2,21,2,5,1,0.8830897703549061,0.24932249322493225,0.0
5,0,2,0,21,4,5,0,0.9394572025052192,0.20596205962059622,1.0
2,0,2,0,3,4,5,3,0.8705636743215033,0.5149051490514904,1.0
64,0,2,0,4,3,5,3,0.32150313152400845,0.21138211382113822,0.0
103,1,2,0,15,4,5,5,0.9791231732776617,0.3089430894308943,0.0
48,0,2,0,16,6,5,0,0.9185803757828812,0.46070460704607047,0.0
64,1,0,1,0,4,5,5,0.32150313152400845,0.5582655826558265,1.0
5,1,2,0,4,1,5,1,0.9394572025052192,0.11382113821138211,0.0
30,0,2,0,2,0,5,4,0.8914405010438415,0.16802168021680217,1.0
7,0,2,2,10,4,5,0,0.676409185803758,0.42276422764227645,0.0
95,1,2,2,11,4,5,5,0.8037578288100209,0.5962059620596206,0.0
111,0,0,0,2,0,5,1,0.465553235908142,0.5853658536585366,0.0
5,0,2,0,15,4,5,4,0.9394572025052192,0.7262872628726287,0.0
30,0,2,2,16,0,1,1,0.8914405010438415,0.7859078590785907,0.0
100,0,2,0,1,4,5,5,0.6784968684759918,0.2872628726287263,0.0
5,0,2,0,10,3,5,0,0.9394572025052192,0.7804878048780487,1.0
13,1,0,0,15,5,5,0,0.9519832985386223,1.0,0.0
64,1,0,0,0,4,5,5,0.32150313152400845,0.11382113821138211,1.0
48,0,2,0,21,4,5,0,0.9185803757828812,0.5474254742547425,1.0
49,0,2,2,5,5,2,1,0.9394572025052192,0.13008130081300812,0.0
99,0,1,0,8,3,5,0,0.8643006263048016,0.991869918699187,0.0
101,0,2,0,10,4,5,3,0.5929018789144052,0.39566395663956644,0.0
64,0,0,1,19,1,5,0,0.32150313152400845,0.14634146341463414,0.0
64,1,0,1,15,4,5,5,0.32150313152400845,0.7100271002710027,1.0
64,0,0,2,17,1,5,3,0.32150313152400845,0.4010840108401084,0.0
5,0,2,0,15,1,1,1,0.9394572025052192,0.5040650406504065,0.0
5,0,0,0,17,5,5,0,0.9394572025052192,0.07588075880758807,0.0
51,1,2,3,21,2,5,4,0.9039665970772444,0.4932249322493225,0.0
26,1,2,0,11,4,5,5,0.7453027139874742,0.07588075880758807,0.0
64,1,0,2,15,4,5,3,0.32150313152400845,0.027100271002710022,0.0
49,0,0,0,1,4,5,0,0.9394572025052192,0.31978319783197834,0.0
13,1,2,1,15,4,5,1,0.9519832985386223,1.0,0.0
48,1,2,2,6,3,5,4,0.9185803757828812,0.10298102981029811,1.0
64,1,0,0,13,4,5,5,0.32150313152400845,0.3252032520325204,1.0
64,1,2,2,17,6,5,0,0.32150313152400845,0.1951219512195122,1.0
48,0,2,0,21,3,5,4,0.9185803757828812,0.30352303523035234,0.0
48,0,2,2,14,4,5,0,0.9185803757828812,0.0921409214092141,0.0
5,0,2,0,19,2,5,4,0.9394572025052192,0.11382113821138211,0.0
13,0,2,2,10,4,5,0,0.9519832985386223,0.13008130081300812,0.0
5,0,1,0,10,4,5,0,0.9394572025052192,0.15718157181571815,0.0
57,1,0,0,11,0,0,0,0.6137787056367434,0.7046070460704607,0.0
14,1,0,0,13,4,5,1,0.665970772442589,0.24932249322493225,0.0
49,0,2,2,21,1,1,3,0.9394572025052192,0.2222222222222222,0.0
89,0,0,2,1,5,5,4,0.826722338204593,0.1897018970189702,0.0
5,1,2,0,14,4,5,3,0.9394572025052192,0.6991869918699186,0.0
95,0,0,0,15,4,5,0,0.8037578288100209,0.8509485094850948,1.0
5,1,0,0,13,4,5,5,0.9394572025052192,0.7425474254742547,1.0
102,1,1,0,11,1,5,0,0.2275574112734864,0.08130081300813008,1.0
64,0,2,0,15,4,5,0,0.32150313152400845,0.14634146341463414,1.0
46,0,2,0,17,7,1,0,0.6179540709812108,0.3902439024390244,0.0
5,0,2,0,12,5,1,0,0.9394572025052192,0.3523035230352304,0.0
47,1,0,0,14,4,5,5,0.778705636743215,0.3685636856368564,0.0
5,1,0,0,17,2,5,0,0.9394572025052192,0.31978319783197834,0.0
64,1,2,0,14,5,5,0,0.32150313152400845,1.0,0.0
64,0,2,0,19,7,1,3,0.32150313152400845,0.26558265582655827,1.0
13,1,0,0,1,4,3,0,0.9519832985386223,0.05962059620596205,0.0
46,1,1,0,14,0,5,0,0.6179540709812108,0.04336043360433604,0.0
13,0,2,0,2,1,5,3,0.9519832985386223,0.1084010840108401,0.0
65,0,0,0,19,1,0,4,0.8956158663883091,0.13550135501355012,0.0
5,1,0,1,13,4,5,5,0.9394572025052192,0.1897018970189702,1.0
5,1,0,0,11,4,5,5,0.9394572025052192,0.2222222222222222,1.0
5,0,2,0,17,7,0,0,0.9394572025052192,1.0,0.0
5,0,2,2,21,2,2,3,0.9394572025052192,0.21138211382113822,0.0
13,0,2,0,21,4,5,4,0.9519832985386223,0.4932249322493225,0.0
49,0,2,0,11,3,5,1,0.9394572025052192,0.23848238482384823,0.0
5,0,2,0,13,4,5,0,0.9394572025052192,0.04878048780487805,1.0
5,1,2,0,13,4,5,5,0.9394572025052192,0.3848238482384824,0.0
4,0,2,0,19,4,5,1,0.6972860125260962,0.6016260162601625,0.0
13,0,2,0,21,1,5,4,0.9519832985386223,0.3848238482384824,0.0
64,1,2,0,11,4,5,5,0.32150313152400845,0.12466124661246611,0.0
114,1,0,2,6,7,5,1,0.9498956158663885,0.4444444444444445,0.0
50,1,2,1,15,4,5,0,0.6200417536534448,0.16802168021680217,1.0
5,0,2,0,7,4,4,0,0.9394572025052192,0.07588075880758807,0.0
42,1,2,4,13,4,5,5,0.47599164926931103,0.11382113821138211,0.0
5,1,2,0,20,4,5,5,0.9394572025052192,0.11382113821138211,1.0
48,1,2,0,2,0,5,4,0.9185803757828812,0.5365853658536585,0.0
106,0,2,0,11,4,5,0,0.2275574112734864,0.04336043360433604,0.0
5,1,2,0,0,4,5,0,0.9394572025052192,0.20596205962059622,1.0
64,1,0,0,20,4,5,5,0.32150313152400845,0.11924119241192412,0.0
57,0,2,0,7,4,5,4,0.6137787056367434,0.1951219512195122,1.0
83,1,2,0,20,2,5,0,0.6096033402922756,0.13550135501355012,1.0
64,0,2,2,15,1,5,0,0.32150313152400845,0.07588075880758807,1.0
48,0,2,0,17,4,5,0,0.9185803757828812,1.0,0.0
64,1,0,2,11,4,5,0,0.32150313152400845,0.25474254742547425,1.0
5,0,1,0,14,7,5,0,0.9394572025052192,0.23848238482384823,0.0
65,0,2,0,19,0,1,0,0.8956158663883091,0.2168021680216802,0.0
64,0,0,0,0,5,5,0,0.32150313152400845,0.04336043360433604,1.0
5,0,1,2,15,3,5,3,0.9394572025052192,0.4281842818428185,0.0
66,1,0,1,19,4,5,5,0.47599164926931103,0.016260162601626015,0.0
95,0,2,0,14,7,5,0,0.8037578288100209,0.02168021680216802,0.0
48,0,2,0,21,1,5,2,0.9185803757828812,0.8509485094850948,0.0
64,1,0,1,17,4,5,0,0.32150313152400845,0.40650406504065045,0.0
85,0,2,2,2,4,5,3,0.8893528183716073,0.3685636856368564,0.0
5,0,2,0,21,2,5,0,0.9394572025052192,1.0,0.0
13,0,2,1,21,4,5,0,0.9519832985386223,0.31436314363143636,0.0
5,0,2,0,21,5,5,5,0.9394572025052192,0.010840108401084009,0.0
74,0,0,2,21,2,5,4,0.8830897703549061,0.26558265582655827,0.0
49,0,2,2,21,3,5,4,0.9394572025052192,0.8672086720867208,0.0
47,1,2,0,20,4,5,0,0.778705636743215,0.41192411924119243,1.0
64,0,2,0,1,3,5,5,0.32150313152400845,0.1951219512195122,0.0
48,1,2,2,19,3,5,0,0.9185803757828812,0.12466124661246611,0.0
64,0,0,0,15,7,0,1,0.32150313152400845,0.7750677506775068,1.0
13,0,2,1,17,4,5,0,0.9519832985386223,0.4552845528455285,0.0
48,0,2,0,15,2,4,1,0.9185803757828812,0.15176151761517614,1.0
5,0,2,0,16,2,2,0,0.9394572025052192,0.1084010840108401,0.0
99,0,2,2,21,4,5,0,0.8643006263048016,1.0,0.0
74,0,1,0,6,4,5,3,0.8830897703549061,1.0,0.0
13,1,2,3,14,4,5,3,0.9519832985386223,0.13550135501355012,0.0
13,0,2,0,21,1,5,4,0.9519832985386223,0.29268292682926833,0.0
95,0,1,1,19,4,5,0,0.8037578288100209,0.41192411924119243,0.0
48,0,2,0,2,0,5,4,0.9185803757828812,0.24390243902439024,0.0
5,0,2,2,12,4,5,0,0.9394572025052192,0.34146341463414637,0.0
85,0,2,1,7,6,5,1,0.8893528183716073,0.5691056910569106,0.0
70,0,2,0,3,3,5,4,0.9791231732776617,0.34146341463414637,1.0
95,1,0,1,11,4,5,5,0.8037578288100209,1.0,0.0
6,1,0,1,13,4,5,5,0.9478079331941547,0.15718157181571815,0.0
5,0,2,0,21,4,5,0,0.9394572025052192,0.2168021680216802,0.0
5,0,2,2,21,3,5,4,0.9394572025052192,0.2222222222222222,0.0
64,0,2,0,19,4,5,4,0.32150313152400845,0.12466124661246611,1.0
13,1,2,3,21,4,5,4,0.9519832985386223,0.08130081300813008,0.0
5,0,2,0,5,1,5,0,0.9394572025052192,0.0921409214092141,0.0
120,0,2,0,17,0,5,3,0.9498956158663885,0.4281842818428185,1.0
5,1,0,1,15,6,5,0,0.9394572025052192,0.15718157181571815,0.0
70,0,2,2,1,7,5,2,0.9791231732776617,0.46070460704607047,0.0
101,0,0,0,3,4,5,0,0.5929018789144052,0.48780487804878053,1.0
5,0,2,0,10,1,4,4,0.9394572025052192,0.8021680216802167,0.0
30,0,0,0,21,4,4,0,0.8914405010438415,0.07046070460704607,0.0
48,0,2,1,18,4,1,0,0.9185803757828812,0.6449864498644986,0.0
104,0,0,0,17,1,5,0,0.47599164926931103,0.14092140921409213,0.0
5,0,2,0,16,2,5,0,0.9394572025052192,0.23848238482384823,0.0
48,0,2,2,9,4,2,4,0.9185803757828812,0.2764227642276423,0.0
95,0,2,0,11,1,5,0,0.8037578288100209,0.10298102981029811,0.0
5,1,2,0,21,3,5,3,0.9394572025052192,0.5474254742547425,0.0
35,0,0,1,15,4,5,5,0.6116910229645096,1.0,0.0
11,1,0,2,11,7,2,0,0.16701461377870586,0.07046070460704607,1.0
5,0,2,0,1,0,5,0,0.9394572025052192,0.037940379403794036,0.0
5,0,2,0,21,4,5,4,0.9394572025052192,0.26558265582655827,1.0
48,0,2,0,14,1,5,0,0.9185803757828812,0.25474254742547425,0.0
116,1,2,0,2,4,5,1,0.47599164926931103,0.5799457994579945,0.0
64,0,2,0,13,0,0,0,0.32150313152400845,0.1084010840108401,1.0
5,0,1,0,21,4,5,0,0.9394572025052192,0.04878048780487805,0.0
83,0,2,3,6,7,1,4,0.6096033402922756,0.0975609756097561,0.0
49,0,0,0,21,4,5,4,0.9394572025052192,0.4823848238482385,1.0
74,1,2,0,15,4,5,4,0.8830897703549061,0.2872628726287263,0.0
48,0,2,0,17,4,5,4,0.9185803757828812,0.15718157181571815,0.0
48,0,2,0,21,4,5,0,0.9185803757828812,0.48780487804878053,0.0
64,0,2,2,21,5,5,4,0.32150313152400845,0.2872628726287263,0.0
99,1,1,0,6,4,5,0,0.8643006263048016,0.06504065040650406,1.0
5,0,2,2,21,4,5,1,0.9394572025052192,0.0921409214092141,1.0
91,0,2,1,21,0,5,0,0.9248434237995826,0.41192411924119243,0.0
5,1,0,0,18,4,5,0,0.9394572025052192,0.4715447154471545,1.0
5,0,2,2,21,2,4,4,0.9394572025052192,0.1897018970189702,0.0
49,0,2,0,21,0,5,0,0.9394572025052192,0.17344173441734417,0.0
48,0,2,0,5,4,5,0,0.9185803757828812,0.13550135501355012,0.0
64,0,2,0,17,1,5,3,0.32150313152400845,0.43902439024390244,0.0
5,0,2,2,1,3,5,0,0.9394572025052192,0.10298102981029811,0.0
103,0,2,0,21,4,5,1,0.9791231732776617,0.8617886178861789,0.0
74,0,2,0,21,4,5,1,0.8830897703549061,0.0975609756097561,1.0
49,1,0,0,20,4,5,1,0.9394572025052192,0.15176151761517614,0.0
5,0,2,0,5,2,5,3,0.9394572025052192,0.8075880758807588,0.0
5,0,2,0,16,1,5,0,0.9394572025052192,1.0,0.0
49,0,2,0,17,4,4,2,0.9394572025052192,0.2764227642276423,0.0
48,0,2,0,1,5,5,0,0.9185803757828812,0.14634146341463414,0.0
5,0,2,0,21,2,5,4,0.9394572025052192,0.4281842818428185,0.0
48,0,1,1,16,5,5,0,0.9185803757828812,0.05962059620596205,0.0
5,0,2,0,10,4,5,4,0.9394572025052192,1.0,0.0
37,0,2,0,17,4,1,2,0.5636743215031317,0.14634146341463414,0.0
13,0,2,1,3,4,5,4,0.9519832985386223,1.0,0.0
37,1,2,0,5,4,5,2,0.5636743215031317,0.2005420054200542,0.0
5,0,2,0,21,4,5,4,0.9394572025052192,0.2222222222222222,1.0
70,1,1,1,11,2,5,1,0.9791231732776617,0.7317073170731707,0.0
48,0,2,0,12,6,5,1,0.9185803757828812,0.2222222222222222,0.0
30,0,2,0,17,0,1,0,0.8914405010438415,0.07588075880758807,0.0
48,0,2,0,7,0,5,0,0.9185803757828812,0.4823848238482385,0.0
48,0,2,0,16,1,5,3,0.9185803757828812,0.8997289972899729,0.0
61,0,2,0,3,7,5,1,0.4425887265135702,0.7533875338753387,0.0
48,0,2,0,21,0,5,1,0.9185803757828812,0.027100271002710022,0.0
4,0,2,0,21,5,5,4,0.6972860125260962,0.24932249322493225,0.0
94,0,2,0,21,0,5,3,0.6931106471816286,0.1951219512195122,0.0
13,0,2,2,7,2,5,0,0.9519832985386223,0.06504065040650406,0.0
64,1,2,0,10,1,5,0,0.32150313152400845,0.08672086720867209,1.0
5,0,2,0,21,4,5,1,0.9394572025052192,0.23306233062330622,0.0
49,1,2,4,14,4,5,5,0.9394572025052192,0.26558265582655827,0.0
95,1,2,1,13,4,5,5,0.8037578288100209,0.16260162601626016,0.0
2,0,2,0,21,4,5,0,0.8705636743215033,0.1951219512195122,0.0
50,0,2,2,20,5,5,0,0.6200417536534448,0.4769647696476965,0.0
64,1,0,0,0,4,5,5,0.32150313152400845,0.5040650406504065,0.0
13,1,2,1,6,1,5,5,0.9519832985386223,0.14634146341463414,0.0
38,0,2,0,13,1,4,0,0.7724425887265136,0.037940379403794036,0.0
77,0,2,0,15,0,0,0,0.6388308977035491,0.13550135501355012,0.0
5,1,0,0,16,4,5,4,0.9394572025052192,0.1084010840108401,1.0
48,0,2,0,21,3,5,4,0.9185803757828812,0.2981029810298103,0.0
64,0,2,0,16,3,5,1,0.32150313152400845,0.3089430894308943,0.0
48,0,0,0,13,4,5,0,0.9185803757828812,0.8834688346883468,0.0
5,0,2,0,21,7,0,3,0.9394572025052192,0.5040650406504065,0.0
11,1,2,0,15,4,5,5,0.16701461377870586,0.1951219512195122,1.0
57,0,0,0,16,0,0,0,0.6137787056367434,0.03252032520325203,0.0
13,0,2,0,19,3,5,3,0.9519832985386223,0.17886178861788618,0.0
30,0,2,2,1,4,5,0,0.8914405010438415,0.04336043360433604,0.0
5,1,0,0,0,4,3,5,0.9394572025052192,0.13550135501355012,0.0
64,0,2,0,17,4,5,0,0.32150313152400845,0.26558265582655827,0.0
4,0,1,2,1,5,5,1,0.6972860125260962,0.1897018970189702,0.0
17,1,1,0,13,1,5,0,0.5260960334029228,0.29268292682926833,0.0
5,1,2,0,21,4,5,0,0.9394572025052192,0.16802168021680217,1.0
5,0,2,0,1,0,0,4,0.9394572025052192,0.35772357723577236,1.0
13,0,0,2,7,6,4,1,0.9519832985386223,0.037940379403794036,0.0
103,0,2,2,4,4,5,0,0.9791231732776617,0.2872628726287263,0.0
5,0,2,0,17,6,5,2,0.9394572025052192,1.0,0.0
85,0,2,1,21,5,5,4,0.8893528183716073,0.1951219512195122,0.0
5,0,2,0,6,1,5,4,0.9394572025052192,0.13008130081300812,0.0
5,1,2,0,13,4,5,0,0.9394572025052192,0.2764227642276423,1.0
61,1,2,1,20,4,5,5,0.4425887265135702,0.2710027100271003,0.0
5,1,2,4,19,4,5,5,0.9394572025052192,0.2222222222222222,0.0
78,0,2,0,10,3,5,5,0.7453027139874742,0.04878048780487805,0.0
85,0,2,2,19,1,5,2,0.8893528183716073,0.10298102981029811,0.0
104,1,2,0,20,4,5,5,0.47599164926931103,0.2168021680216802,0.0
94,0,2,0,0,4,5,0,0.6931106471816286,0.6016260162601625,0.0
36,0,2,0,14,4,5,2,0.536534446764092,0.5040650406504065,1.0
5,0,2,0,21,4,5,3,0.9394572025052192,0.23306233062330622,0.0
95,0,0,2,18,3,5,0,0.8037578288100209,0.9485094850948509,0.0
41,0,2,0,13,4,5,0,0.457202505219207,0.26558265582655827,0.0
64,0,2,0,13,5,5,0,0.32150313152400845,0.5365853658536585,0.0
48,0,2,0,19,4,5,1,0.9185803757828812,0.33062330623306235,0.0
64,0,2,0,14,4,5,0,0.32150313152400845,0.08130081300813008,0.0
60,1,0,0,0,4,5,0,0.47599164926931103,0.41192411924119243,0.0
37,1,2,0,21,4,5,0,0.5636743215031317,0.05962059620596205,0.0
64,0,2,0,19,3,5,4,0.32150313152400845,0.2710027100271003,1.0
64,0,2,2,0,4,5,0,0.32150313152400845,0.10298102981029811,0.0
5,0,2,0,16,7,5,0,0.9394572025052192,0.2005420054200542,0.0
5,0,2,0,21,7,1,0,0.9394572025052192,0.20596205962059622,0.0
4,1,2,2,16,4,5,0,0.6972860125260962,0.9376693766937669,0.0
64,1,2,2,20,4,5,0,0.32150313152400845,0.16260162601626016,0.0
5,0,0,0,18,4,5,0,0.9394572025052192,0.7696476964769647,0.0
5,0,2,0,5,3,5,0,0.9394572025052192,0.8238482384823848,0.0
64,0,2,0,15,6,5,3,0.32150313152400845,0.8130081300813008,1.0
64,0,0,0,11,0,0,0,0.32150313152400845,0.2981029810298103,0.0
48,0,2,0,13,7,5,1,0.9185803757828812,0.17886178861788618,0.0
2,1,2,2,1,4,5,1,0.8705636743215033,0.12466124661246611,1.0
116,1,0,0,11,1,5,0,0.47599164926931103,0.7804878048780487,0.0
13,1,2,1,15,3,5,4,0.9519832985386223,0.7967479674796748,0.0
64,0,2,0,13,5,5,0,0.32150313152400845,0.11382113821138211,1.0
11,0,2,0,13,0,0,0,0.16701461377870586,0.43902439024390244,1.0
13,0,2,1,21,2,5,5,0.9519832985386223,0.31436314363143636,0.0
5,1,0,2,5,4,5,5,0.9394572025052192,0.21138211382113822,1.0
74,1,2,0,21,4,5,4,0.8830897703549061,0.41734417344173447,0.0
1,0,2,4,21,4,5,2,0.8872651356993737,1.0,0.0
112,0,2,0,9,4,5,0,0.9457202505219209,0.06504065040650406,1.0
91,1,0,2,4,6,4,1,0.9248434237995826,0.027100271002710022,0.0
13,0,2,0,10,4,5,4,0.9519832985386223,0.08130081300813008,0.0
15,0,2,2,19,2,5,1,0.5699373695198331,0.3902439024390244,0.0
116,1,0,0,20,4,5,5,0.47599164926931103,0.13008130081300812,0.0
5,1,2,4,13,4,5,5,0.9394572025052192,0.08130081300813008,0.0
5,0,2,0,21,2,5,1,0.9394572025052192,0.02168021680216802,0.0
103,1,2,0,18,0,2,4,0.9791231732776617,0.39566395663956644,0.0
82,0,2,1,7,7,5,4,0.8768267223382047,0.25474254742547425,0.0
9,1,0,0,14,4,5,0,0.10020876826722347,0.1084010840108401,1.0
49,0,2,0,21,1,5,4,0.9394572025052192,0.29268292682926833,0.0
30,0,2,2,21,4,5,0,0.8914405010438415,0.11924119241192412,0.0
103,0,2,1,21,3,5,4,0.9791231732776617,0.6233062330623306,0.0
5,0,1,0,16,4,5,5,0.9394572025052192,1.0,1.0
95,0,2,2,7,4,5,1,0.8037578288100209,0.3739837398373984,0.0
101,0,2,0,6,4,5,0,0.5929018789144052,0.3848238482384824,0.0
85,0,2,3,2,1,5,1,0.8893528183716073,0.08130081300813008,0.0
48,0,2,2,5,4,5,0,0.9185803757828812,0.04336043360433604,0.0
85,1,2,1,11,4,5,0,0.8893528183716073,0.9376693766937669,0.0
5,0,2,0,21,4,5,4,0.9394572025052192,0.037940379403794036,0.0
113,0,2,0,14,4,5,2,0.47599164926931103,0.26558265582655827,0.0
14,0,2,0,1,1,4,0,0.665970772442589,0.016260162601626015,0.0
35,0,0,0,13,4,5,0,0.6116910229645096,0.13550135501355012,0.0
101,0,1,2,13,1,5,1,0.5929018789144052,0.3685636856368564,0.0
74,1,2,2,2,1,5,0,0.8830897703549061,0.4823848238482385,0.0
64,0,2,2,3,1,5,4,0.32150313152400845,0.07046070460704607,0.0
69,0,0,1,11,1,5,0,0.7891440501043843,0.48780487804878053,0.0
93,0,2,2,14,0,2,0,0.40918580375782887,0.05962059620596205,0.0
64,0,0,2,20,7,5,0,0.32150313152400845,0.15176151761517614,1.0
64,0,2,0,5,4,5,0,0.32150313152400845,0.5040650406504065,1.0
89,0,2,2,3,4,5,0,0.826722338204593,0.15718157181571815,0.0
66,1,0,0,13,4,5,5,0.47599164926931103,0.05420054200542005,0.0
103,1,2,0,13,4,5,1,0.9791231732776617,0.2981029810298103,1.0
6,0,2,1,5,4,5,4,0.9478079331941547,0.7642276422764227,0.0
64,0,2,0,1,2,5,0,0.32150313152400845,0.1842818428184282,1.0
89,0,2,0,8,4,5,0,0.826722338204593,0.04878048780487805,1.0
100,0,1,1,20,4,5,0,0.6784968684759918,0.04878048780487805,0.0
103,0,2,0,21,2,5,1,0.9791231732776617,0.11382113821138211,0.0
48,0,2,0,15,6,5,0,0.9185803757828812,0.07046070460704607,0.0
116,0,2,2,16,0,5,0,0.47599164926931103,0.959349593495935,0.0
103,0,2,3,21,4,5,4,0.9791231732776617,0.3685636856368564,0.0
4,0,2,2,13,4,5,0,0.6972860125260962,0.05420054200542005,0.0
48,0,0,0,5,1,5,1,0.9185803757828812,0.21138211382113822,0.0
5,1,2,0,7,4,5,0,0.9394572025052192,0.5582655826558265,0.0
116,1,2,0,14,4,5,5,0.47599164926931103,0.11924119241192412,1.0
15,0,2,0,19,1,4,2,0.5699373695198331,0.2710027100271003,0.0
13,0,1,0,10,5,5,1,0.9519832985386223,0.34146341463414637,0.0
6,0,2,2,21,1,1,2,0.9478079331941547,0.3902439024390244,0.0
103,0,2,0,6,4,5,4,0.9791231732776617,0.1842818428184282,0.0
4,0,2,3,21,1,4,4,0.6972860125260962,0.14634146341463414,1.0
117,1,1,0,0,4,5,5,0.4613778705636744,0.13008130081300812,0.0
105,0,2,0,18,4,5,4,0.7515657620041754,0.13008130081300812,0.0
5,0,2,0,0,2,2,0,0.9394572025052192,0.25474254742547425,0.0
51,1,2,0,13,4,5,1,0.9039665970772444,0.6070460704607046,0.0
64,0,2,0,18,1,5,5,0.32150313152400845,0.25474254742547425,1.0
102,0,2,0,14,2,5,0,0.2275574112734864,0.35772357723577236,0.0
110,1,0,0,14,4,5,5,0.5427974947807934,1.0,0.0
13,0,2,2,14,4,5,5,0.9519832985386223,0.04878048780487805,0.0
5,0,2,0,4,3,5,4,0.9394572025052192,0.037940379403794036,0.0
13,0,0,2,4,0,4,1,0.9519832985386223,0.4281842818428185,0.0
48,0,2,0,2,4,5,4,0.9185803757828812,0.14634146341463414,0.0
5,0,2,0,1,4,5,4,0.9394572025052192,0.16260162601626016,1.0
83,0,0,1,1,3,3,0,0.6096033402922756,0.22764227642276422,0.0
91,0,2,1,10,2,5,1,0.9248434237995826,0.0975609756097561,0.0
77,0,1,0,9,1,1,4,0.6388308977035491,0.2710027100271003,0.0
64,1,2,0,16,4,5,1,0.32150313152400845,0.34146341463414637,1.0
64,1,0,1,20,4,5,5,0.32150313152400845,0.23306233062330622,1.0
5,0,2,0,21,4,2,0,0.9394572025052192,0.44986449864498645,0.0
48,0,2,0,2,0,5,0,0.9185803757828812,0.2981029810298103,0.0
64,0,2,0,18,4,5,0,0.32150313152400845,0.23306233062330622,0.0
55,1,1,2,21,5,2,5,0.8517745302713988,0.027100271002710022,0.0
89,1,1,2,21,1,4,4,0.826722338204593,0.0921409214092141,0.0
103,0,2,0,17,3,5,1,0.9791231732776617,1.0,1.0
48,0,2,0,21,3,4,0,0.9185803757828812,0.2168021680216802,0.0
64,0,2,0,2,3,5,4,0.32150313152400845,0.03252032520325203,1.0
49,0,2,0,18,4,1,0,0.9394572025052192,0.07046070460704607,0.0
5,0,2,0,21,3,5,4,0.9394572025052192,0.42276422764227645,1.0
64,0,0,0,13,4,5,0,0.32150313152400845,0.46070460704607047,0.0
64,0,2,0,14,5,5,0,0.32150313152400845,0.25474254742547425,1.0
5,0,2,2,17,2,5,2,0.9394572025052192,0.1084010840108401,0.0
13,0,1,0,17,1,5,1,0.9519832985386223,0.07588075880758807,0.0
65,0,2,0,21,2,5,4,0.8956158663883091,0.5040650406504065,0.0
91,1,2,0,0,7,5,5,0.9248434237995826,0.2764227642276423,0.0
64,0,2,0,1,4,1,0,0.32150313152400845,1.0,1.0
5,0,2,0,8,5,5,1,0.9394572025052192,0.2222222222222222,0.0
48,1,2,0,11,4,5,1,0.9185803757828812,1.0,0.0
5,0,2,0,13,1,5,0,0.9394572025052192,0.5203252032520325,0.0
48,1,0,2,14,4,5,0,0.9185803757828812,0.17344173441734417,0.0
5,0,2,0,16,6,5,3,0.9394572025052192,0.7317073170731707,0.0
5,0,2,0,21,1,5,4,0.9394572025052192,0.23848238482384823,0.0
13,1,0,1,14,5,4,0,0.9519832985386223,0.8943089430894309,0.0
64,0,0,0,14,0,5,0,0.32150313152400845,0.027100271002710022,1.0
99,1,2,0,19,3,5,3,0.8643006263048016,0.10298102981029811,0.0
55,1,0,0,5,4,5,1,0.8517745302713988,0.037940379403794036,1.0
5,0,2,2,21,4,5,1,0.9394572025052192,0.2005420054200542,1.0
4,0,2,0,1,5,5,0,0.6972860125260962,0.07046070460704607,0.0
91,0,2,2,21,4,5,0,0.9248434237995826,0.4010840108401084,0.0
64,1,2,0,20,4,5,1,0.32150313152400845,0.35772357723577236,0.0
99,0,2,0,4,1,5,0,0.8643006263048016,0.11924119241192412,0.0
64,0,2,0,14,4,5,0,0.32150313152400845,0.39566395663956644,1.0
5,0,2,0,19,1,1,0,0.9394572025052192,0.14634146341463414,0.0
13,0,0,1,16,4,5,1,0.9519832985386223,0.06504065040650406,0.0
64,0,2,0,0,4,5,5,0.32150313152400845,0.8726287262872628,1.0
13,0,2,0,1,0,1,1,0.9519832985386223,0.07046070460704607,0.0
4,1,2,0,13,1,5,0,0.6972860125260962,0.40650406504065045,0.0
64,0,2,0,13,4,5,1,0.32150313152400845,0.13008130081300812,0.0
6,0,2,0,3,3,5,3,0.9478079331941547,0.11382113821138211,0.0
5,0,2,2,7,4,1,3,0.9394572025052192,0.2764227642276423,0.0
64,1,0,0,13,4,5,5,0.32150313152400845,0.13550135501355012,1.0
30,0,2,0,9,4,5,1,0.8914405010438415,0.43902439024390244,0.0
69,0,2,0,3,4,5,0,0.7891440501043843,0.1897018970189702,1.0
64,0,2,0,11,7,5,0,0.32150313152400845,0.26558265582655827,1.0
5,1,2,0,21,4,5,4,0.9394572025052192,0.0921409214092141,1.0
95,1,0,0,13,4,5,1,0.8037578288100209,0.08672086720867209,1.0
77,0,2,2,7,1,5,3,0.6388308977035491,0.1084010840108401,0.0
121,0,2,0,15,0,5,0,1.0,0.2005420054200542,0.0
70,1,2,2,16,5,5,4,0.9791231732776617,0.39566395663956644,0.0
13,0,0,2,15,7,0,0,0.9519832985386223,0.12466124661246611,0.0
64,0,2,0,16,1,5,0,0.32150313152400845,0.1842818428184282,1.0
48,0,2,0,3,3,5,3,0.9185803757828812,0.31436314363143636,0.0
112,0,2,0,14,1,5,1,0.9457202505219209,0.6558265582655827,0.0
64,0,0,0,13,5,5,0,0.32150313152400845,0.2005420054200542,1.0
5,0,2,0,15,1,5,1,0.9394572025052192,0.6666666666666666,0.0
64,1,2,1,13,4,5,5,0.32150313152400845,0.04336043360433604,0.0
101,0,2,2,5,1,1,1,0.5929018789144052,0.24932249322493225,0.0
49,0,2,0,21,2,5,4,0.9394572025052192,0.3252032520325204,0.0
41,0,2,0,15,4,5,0,0.457202505219207,0.05962059620596205,0.0
116,0,2,0,17,1,5,0,0.47599164926931103,0.10298102981029811,0.0
49,1,2,2,19,4,4,4,0.9394572025052192,0.13550135501355012,1.0
64,0,2,2,11,0,0,0,0.32150313152400845,0.11924119241192412,0.0
64,0,2,0,9,3,5,4,0.32150313152400845,0.07588075880758807,1.0
13,0,1,1,3,4,5,4,0.9519832985386223,0.6124661246612466,1.0
4,0,2,2,19,4,5,1,0.6972860125260962,0.13008130081300812,1.0
89,0,2,2,1,4,0,0,0.826722338204593,0.7588075880758808,0.0
22,0,0,0,15,4,4,0,0.018789144050104567,0.016260162601626015,0.0
4,1,2,4,20,3,5,4,0.6972860125260962,0.05420054200542005,0.0
82,0,2,0,16,2,5,0,0.8768267223382047,0.17886178861788618,0.0
5,0,2,0,21,4,5,4,0.9394572025052192,0.11924119241192412,1.0
64,0,2,0,3,3,5,4,0.32150313152400845,0.11382113821138211,1.0
13,0,2,2,21,4,5,4,0.9519832985386223,1.0,0.0
64,1,0,1,18,4,5,5,0.32150313152400845,0.14092140921409213,0.0
64,0,2,1,14,4,5,5,0.32150313152400845,0.3631436314363144,1.0
64,0,2,0,15,4,5,5,0.32150313152400845,0.17886178861788618,1.0
48,0,2,0,15,5,5,5,0.9185803757828812,0.3523035230352304,0.0
5,0,2,0,15,4,5,0,0.9394572025052192,0.2981029810298103,0.0
61,1,1,2,16,4,5,0,0.4425887265135702,0.4769647696476965,0.0
78,1,2,1,13,4,5,5,0.7453027139874742,0.14634146341463414,0.0
114,0,2,0,1,2,5,5,0.9498956158663885,0.2981029810298103,0.0
13,0,2,2,21,4,5,5,0.9519832985386223,0.6449864498644986,0.0
48,0,2,0,11,1,5,0,0.9185803757828812,0.2818428184281843,0.0
64,1,2,1,13,4,5,0,0.32150313152400845,0.7804878048780487,0.0
113,0,2,0,15,4,5,2,0.47599164926931103,0.13008130081300812,0.0
95,0,2,2,2,4,5,1,0.8037578288100209,0.037940379403794036,0.0
2,1,1,0,13,4,5,5,0.8705636743215033,0.16802168021680217,1.0
15,0,2,0,15,4,5,5,0.5699373695198331,0.12466124661246611,1.0
64,0,0,0,20,7,0,0,0.32150313152400845,0.02168021680216802,1.0
5,1,2,0,17,4,5,4,0.9394572025052192,0.5853658536585366,1.0
5,0,2,0,21,7,5,4,0.9394572025052192,0.0975609756097561,0.0
48,1,2,1,15,4,5,5,0.9185803757828812,0.30352303523035234,0.0
6,1,0,0,13,4,5,1,0.9478079331941547,0.016260162601626015,0.0
49,0,1,0,15,2,4,1,0.9394572025052192,0.21138211382113822,0.0
55,0,2,1,15,4,5,2,0.8517745302713988,0.4823848238482385,0.0
5,0,2,2,21,1,5,4,0.9394572025052192,0.7317073170731707,0.0
2,0,2,0,14,0,5,1,0.8705636743215033,0.17344173441734417,1.0
5,0,2,0,6,3,5,4,0.9394572025052192,0.8075880758807588,0.0
5,0,2,0,21,4,5,1,0.9394572025052192,0.0975609756097561,0.0
13,0,2,2,21,4,5,5,0.9519832985386223,0.7100271002710027,0.0
98,0,2,0,3,4,5,2,0.47599164926931103,0.991869918699187,1.0
5,0,2,0,5,7,5,4,0.9394572025052192,0.3252032520325204,0.0
5,0,2,2,21,7,5,3,0.9394572025052192,0.48780487804878053,0.0
61,1,0,1,11,4,5,5,0.4425887265135702,1.0,0.0
46,0,2,0,2,5,5,5,0.6179540709812108,0.3089430894308943,0.0
6,0,2,2,17,7,5,0,0.9478079331941547,0.8780487804878049,0.0
30,0,0,0,11,4,5,0,0.8914405010438415,0.0921409214092141,0.0
64,0,2,0,14,1,5,2,0.32150313152400845,0.05420054200542005,0.0
5,0,2,0,16,6,5,3,0.9394572025052192,0.14634146341463414,0.0
101,1,0,1,13,4,5,5,0.5929018789144052,0.1951219512195122,0.0
30,0,2,2,7,3,5,4,0.8914405010438415,0.03252032520325203,0.0
13,0,2,2,6,4,5,0,0.9519832985386223,0.24390243902439024,0.0
64,0,2,0,16,7,5,1,0.32150313152400845,0.07588075880758807,1.0
64,0,2,0,16,0,5,0,0.32150313152400845,0.25474254742547425,1.0
35,1,0,1,11,4,5,5,0.6116910229645096,0.2710027100271003,1.0
5,0,2,0,21,4,5,3,0.9394572025052192,0.6449864498644986,0.0
2,0,2,0,6,1,5,2,0.8705636743215033,0.04878048780487805,0.0
64,0,2,0,15,4,5,0,0.32150313152400845,0.7588075880758808,1.0
49,1,0,0,14,3,5,2,0.9394572025052192,1.0,0.0
71,0,2,1,18,7,0,0,0.47599164926931103,0.8943089430894309,0.0
65,0,1,1,17,5,3,1,0.8956158663883091,0.5691056910569106,0.0
5,0,2,0,21,2,5,1,0.9394572025052192,0.13550135501355012,0.0
30,0,2,2,1,4,5,4,0.8914405010438415,0.40650406504065045,0.0
77,0,2,0,1,5,5,4,0.6388308977035491,0.16802168021680217,0.0
30,0,2,2,16,0,0,0,0.8914405010438415,0.48780487804878053,0.0
30,0,0,0,21,0,2,0,0.8914405010438415,0.13550135501355012,1.0
82,0,0,0,15,4,5,0,0.8768267223382047,0.16260162601626016,0.0
64,1,1,0,17,6,5,1,0.32150313152400845,0.5853658536585366,0.0
116,0,0,2,9,4,5,4,0.47599164926931103,0.25474254742547425,1.0
5,0,2,0,6,4,5,0,0.9394572025052192,0.1951219512195122,0.0
99,0,2,0,21,1,5,3,0.8643006263048016,0.13008130081300812,0.0
120,0,2,2,21,2,5,3,0.9498956158663885,0.2818428184281843,0.0
14,0,2,0,2,0,0,0,0.665970772442589,0.1842818428184282,0.0
5,1,0,0,15,4,5,5,0.9394572025052192,0.5257452574525745,0.0
5,0,2,2,0,0,1,0,0.9394572025052192,0.41734417344173447,0.0
64,1,2,2,13,4,5,4,0.32150313152400845,0.30352303523035234,1.0
15,0,2,2,21,4,5,4,0.5699373695198331,0.3631436314363144,0.0
112,0,1,0,15,2,5,4,0.9457202505219209,0.3739837398373984,1.0
5,0,2,0,3,4,5,0,0.9394572025052192,0.15718157181571815,0.0
49,0,2,0,1,1,3,4,0.9394572025052192,0.04878048780487805,0.0
49,0,2,0,21,1,5,4,0.9394572025052192,0.04336043360433604,0.0
39,0,2,0,14,2,5,0,0.1774530271398751,0.17344173441734417,1.0
5,0,2,0,14,4,5,1,0.9394572025052192,0.4769647696476965,0.0
5,0,2,0,6,3,5,0,0.9394572025052192,0.0921409214092141,1.0
49,0,2,0,21,4,5,0,0.9394572025052192,0.23306233062330622,0.0
48,0,2,2,15,1,1,0,0.9185803757828812,0.13550135501355012,0.0
91,1,2,0,13,4,5,5,0.9248434237995826,1.0,0.0
121,0,0,0,7,7,0,2,1.0,0.8184281842818428,0.0
5,1,2,0,6,4,5,2,0.9394572025052192,0.24932249322493225,0.0
89,1,0,1,20,4,5,5,0.826722338204593,0.34146341463414637,0.0
78,0,0,2,17,5,1,1,0.7453027139874742,0.4932249322493225,0.0
5,0,2,0,3,3,5,1,0.9394572025052192,0.2872628726287263,0.0
64,0,0,0,2,3,5,4,0.32150313152400845,0.005420054200542005,1.0
38,1,1,0,10,0,5,4,0.7724425887265136,0.5040650406504065,0.0
5,0,2,1,2,5,5,0,0.9394572025052192,0.03252032520325203,0.0
105,0,2,2,5,2,5,0,0.7515657620041754,0.25474254742547425,0.0
85,1,0,1,11,4,5,0,0.8893528183716073,0.10298102981029811,1.0
69,0,2,2,6,0,0,0,0.7891440501043843,0.16260162601626016,0.0
5,0,2,0,15,4,5,1,0.9394572025052192,0.8292682926829268,0.0
49,1,2,3,10,1,5,4,0.9394572025052192,0.8184281842818428,0.0
60,0,2,0,17,4,5,0,0.47599164926931103,0.43902439024390244,1.0
16,1,0,1,17,4,5,0,0.47599164926931103,0.05962059620596205,1.0
13,0,2,0,15,4,5,0,0.9519832985386223,0.037940379403794036,0.0
103,1,2,2,14,2,5,1,0.9791231732776617,0.23306233062330622,0.0
74,1,2,2,6,4,5,4,0.8830897703549061,0.04336043360433604,0.0
5,1,2,2,13,4,5,2,0.9394572025052192,0.16260162601626016,1.0
5,0,2,0,21,3,4,1,0.9394572025052192,0.05962059620596205,0.0
95,1,1,0,15,4,5,0,0.8037578288100209,0.20596205962059622,0.0
5,1,2,1,2,3,5,2,0.9394572025052192,0.5582655826558265,0.0
4,1,0,0,17,4,5,5,0.6972860125260962,0.05420054200542005,1.0
95,0,1,0,16,4,5,0,0.8037578288100209,0.4823848238482385,0.0
64,0,0,2,15,4,5,5,0.32150313152400845,0.12466124661246611,1.0
1,0,2,2,5,1,5,0,0.8872651356993737,0.4444444444444445,0.0
48,0,2,2,21,5,5,4,0.9185803757828812,0.24932249322493225,0.0
120,0,2,2,8,4,5,4,0.9498956158663885,0.12466124661246611,0.0
113,0,2,2,21,4,5,0,0.47599164926931103,0.4769647696476965,0.0
116,1,1,2,13,4,5,2,0.47599164926931103,0.8021680216802167,0.0
66,1,2,0,0,4,5,0,0.47599164926931103,0.5149051490514904,0.0
48,0,2,0,2,4,5,0,0.9185803757828812,0.016260162601626015,0.0
64,0,1,0,16,3,5,3,0.32150313152400845,0.08672086720867209,0.0
64,0,2,0,18,0,5,0,0.32150313152400845,0.2168021680216802,0.0
5,0,2,0,15,7,2,0,0.9394572025052192,0.07588075880758807,0.0
64,0,2,2,14,7,5,0,0.32150313152400845,0.16802168021680217,1.0
5,0,2,2,4,3,5,3,0.9394572025052192,0.08672086720867209,0.0
5,0,2,0,21,0,5,4,0.9394572025052192,0.05962059620596205,0.0
4,1,0,1,15,4,5,0,0.6972860125260962,0.08672086720867209,0.0
5,0,2,0,6,4,5,1,0.9394572025052192,0.15718157181571815,0.0
2,0,2,2,21,4,5,4,0.8705636743215033,0.037940379403794036,0.0
5,1,2,0,8,1,1,4,0.9394572025052192,0.07046070460704607,0.0
42,0,2,0,21,4,5,0,0.47599164926931103,0.12466124661246611,1.0
5,0,1,0,17,4,5,0,0.9394572025052192,0.24932249322493225,1.0
13,1,0,2,5,4,2,0,0.9519832985386223,0.26558265582655827,0.0
49,0,2,2,21,3,2,4,0.9394572025052192,0.4715447154471545,0.0
99,0,2,2,6,4,5,4,0.8643006263048016,0.12466124661246611,0.0
5,0,1,0,9,1,4,4,0.9394572025052192,1.0,0.0
64,1,0,0,0,4,5,5,0.32150313152400845,0.1084010840108401,1.0
5,1,0,1,19,4,5,0,0.9394572025052192,0.43902439024390244,0.0
48,1,2,0,9,6,5,1,0.9185803757828812,0.5311653116531165,0.0
55,0,2,3,21,5,5,1,0.8517745302713988,0.26558265582655827,0.0
48,1,2,4,20,4,5,5,0.9185803757828812,0.16260162601626016,0.0
1,0,1,2,19,7,1,1,0.8872651356993737,0.13550135501355012,0.0
64,0,2,0,13,0,0,0,0.32150313152400845,0.8509485094850948,0.0
13,1,2,0,20,4,5,5,0.9519832985386223,0.40650406504065045,0.0
5,0,2,0,21,3,5,2,0.9394572025052192,1.0,0.0
77,0,2,0,21,4,5,3,0.6388308977035491,0.15176151761517614,0.0
47,1,0,0,14,4,5,5,0.778705636743215,0.2981029810298103,0.0
49,0,2,0,5,2,5,4,0.9394572025052192,0.4281842818428185,0.0
55,0,0,0,1,4,5,1,0.8517745302713988,0.5311653116531165,1.0
38,0,2,2,17,0,1,0,0.7724425887265136,0.5365853658536585,0.0
82,0,2,2,4,4,5,2,0.8768267223382047,0.4010840108401084,0.0
105,1,2,4,11,4,5,0,0.7515657620041754,0.03252032520325203,0.0
64,1,0,1,13,4,5,5,0.32150313152400845,0.6937669376693767,1.0
101,0,1,0,2,1,5,4,0.5929018789144052,0.48780487804878053,0.0
5,1,0,0,0,4,5,0,0.9394572025052192,0.26558265582655827,1.0
64,0,2,0,16,6,5,3,0.32150313152400845,0.22764227642276422,0.0
64,0,2,0,7,4,1,0,0.32150313152400845,0.7046070460704607,0.0
5,0,2,0,4,5,5,3,0.9394572025052192,0.34146341463414637,0.0
49,0,2,2,21,6,5,0,0.9394572025052192,0.11382113821138211,0.0
5,0,2,0,1,3,5,1,0.9394572025052192,0.07588075880758807,0.0
116,0,2,3,18,7,0,5,0.47599164926931103,1.0,0.0
99,1,0,1,17,4,5,5,0.8643006263048016,0.5907859078590786,0.0
1,0,2,2,21,1,5,4,0.8872651356993737,0.8401084010840109,1.0
49,0,2,0,21,4,5,4,0.9394572025052192,0.26558265582655827,0.0
13,0,1,0,20,4,5,1,0.9519832985386223,0.13550135501355012,1.0
50,1,2,0,13,4,5,5,0.6200417536534448,0.04336043360433604,0.0
6,0,2,2,6,2,5,4,0.9478079331941547,0.016260162601626015,0.0
5,0,2,0,21,1,5,4,0.9394572025052192,0.3360433604336044,0.0
13,0,2,1,11,0,5,0,0.9519832985386223,0.3739837398373984,0.0
30,1,1,0,11,7,5,0,0.8914405010438415,0.4552845528455285,0.0
13,1,2,0,21,1,5,1,0.9519832985386223,0.03252032520325203,0.0
49,0,2,0,9,0,2,1,0.9394572025052192,0.06504065040650406,0.0
30,0,2,1,6,4,5,3,0.8914405010438415,0.07588075880758807,0.0
64,1,2,0,11,2,5,0,0.32150313152400845,0.08672086720867209,0.0
64,0,0,0,11,4,5,0,0.32150313152400845,0.7696476964769647,0.0
5,0,2,0,14,4,1,3,0.9394572025052192,0.33062330623306235,0.0
42,1,2,1,11,4,5,5,0.47599164926931103,0.34146341463414637,0.0
64,1,0,1,0,4,5,0,0.32150313152400845,0.23848238482384823,0.0
5,0,2,0,8,2,5,0,0.9394572025052192,0.10298102981029811,0.0
13,0,2,2,19,1,5,3,0.9519832985386223,0.5582655826558265,0.0
64,0,2,0,16,3,5,3,0.32150313152400845,0.10298102981029811,0.0
104,0,2,0,5,7,5,1,0.47599164926931103,1.0,0.0
21,0,2,2,4,2,4,4,0.5594989561586641,0.3523035230352304,1.0
48,1,2,0,0,4,5,0,0.9185803757828812,0.2222222222222222,1.0
64,0,2,0,2,3,5,0,0.32150313152400845,0.1084010840108401,1.0
95,0,2,2,3,1,5,1,0.8037578288100209,0.04878048780487805,0.0
104,0,0,0,16,2,5,1,0.47599164926931103,0.2981029810298103,0.0
37,1,2,0,13,3,5,2,0.5636743215031317,0.4932249322493225,0.0
21,1,0,0,1,4,5,5,0.5594989561586641,0.25474254742547425,0.0
5,0,2,0,13,1,2,0,0.9394572025052192,0.4769647696476965,0.0
6,0,2,0,17,5,5,1,0.9478079331941547,0.991869918699187,0.0
5,1,0,2,15,4,4,0,0.9394572025052192,1.0,0.0
83,0,2,0,1,4,5,0,0.6096033402922756,0.17344173441734417,0.0
95,0,2,2,5,4,5,3,0.8037578288100209,0.2872628726287263,0.0
30,1,0,2,14,4,1,0,0.8914405010438415,0.05420054200542005,0.0
48,1,2,1,19,4,5,5,0.9185803757828812,0.1951219512195122,0.0
30,0,2,2,21,5,5,1,0.8914405010438415,0.0921409214092141,0.0
120,0,2,0,6,4,5,0,0.9498956158663885,0.8509485094850948,0.0
64,1,2,2,20,1,2,0,0.32150313152400845,0.8401084010840109,1.0
5,1,0,2,15,5,4,2,0.9394572025052192,0.10298102981029811,0.0
49,0,2,0,1,1,5,1,0.9394572025052192,1.0,0.0
64,0,2,0,11,4,5,0,0.32150313152400845,0.26558265582655827,0.0
13,0,2,1,12,2,5,4,0.9519832985386223,0.4823848238482385,0.0
64,0,0,0,16,1,5,0,0.32150313152400845,0.1951219512195122,0.0
106,1,2,2,0,1,4,0,0.2275574112734864,0.33062330623306235,1.0
64,1,0,1,13,4,5,0,0.32150313152400845,0.1842818428184282,1.0
64,1,2,0,2,3,5,2,0.32150313152400845,0.17886178861788618,0.0
2,0,0,1,17,4,5,5,0.8705636743215033,0.6287262872628726,0.0
5,0,2,0,12,4,5,0,0.9394572025052192,0.7208672086720866,1.0
30,0,2,2,21,4,5,2,0.8914405010438415,0.2872628726287263,0.0
2,1,2,1,13,4,5,5,0.8705636743215033,0.5040650406504065,0.0
5,0,2,0,8,3,5,4,0.9394572025052192,0.4715447154471545,0.0
5,0,2,3,21,1,1,0,0.9394572025052192,0.3252032520325204,0.0
49,0,2,0,1,4,5,4,0.9394572025052192,0.48780487804878053,0.0
83,1,1,1,13,4,5,5,0.6096033402922756,0.3848238482384824,0.0
13,0,2,1,21,4,5,0,0.9519832985386223,0.005420054200542005,0.0
6,0,2,2,2,4,5,4,0.9478079331941547,1.0,0.0
5,0,2,0,16,3,5,4,0.9394572025052192,0.3739837398373984,0.0
64,0,2,0,14,1,5,2,0.32150313152400845,0.1897018970189702,0.0
101,0,2,0,19,5,5,1,0.5929018789144052,0.6883468834688347,0.0
13,0,2,0,13,4,5,0,0.9519832985386223,0.21138211382113822,0.0
49,0,2,0,12,1,5,4,0.9394572025052192,0.10298102981029811,0.0
13,1,2,2,18,7,0,0,0.9519832985386223,0.7154471544715447,0.0
64,1,0,0,4,0,2,0,0.32150313152400845,0.1084010840108401,1.0
30,0,2,2,1,2,5,0,0.8914405010438415,0.16260162601626016,0.0
5,0,2,0,16,6,5,0,0.9394572025052192,0.13008130081300812,0.0
5,0,2,0,21,4,4,0,0.9394572025052192,0.3523035230352304,0.0
64,0,2,0,1,2,5,0,0.32150313152400845,0.03252032520325203,0.0
5,0,2,0,10,2,5,0,0.9394572025052192,0.06504065040650406,0.0
5,0,2,0,16,3,5,0,0.9394572025052192,0.3739837398373984,0.0
109,0,0,0,15,1,5,3,0.7870563674321502,0.2710027100271003,0.0
69,0,1,0,21,4,5,1,0.7891440501043843,0.037940379403794036,1.0
13,0,2,2,21,4,5,4,0.9519832985386223,0.3252032520325204,0.0
5,0,2,2,21,4,4,0,0.9394572025052192,0.4444444444444445,0.0
48,0,1,0,14,4,5,5,0.9185803757828812,0.33062330623306235,0.0
5,0,2,0,21,4,5,4,0.9394572025052192,0.1842818428184282,1.0
103,0,2,0,21,4,5,4,0.9791231732776617,0.13008130081300812,0.0
6,0,2,0,2,2,5,5,0.9478079331941547,0.17344173441734417,0.0
64,0,0,2,11,4,5,0,0.32150313152400845,0.23848238482384823,1.0
5,0,2,0,16,3,5,0,0.9394572025052192,0.7425474254742547,0.0
5,0,2,0,8,1,5,0,0.9394572025052192,0.20596205962059622,0.0
82,0,2,0,5,4,5,4,0.8768267223382047,0.24932249322493225,0.0
48,0,2,1,1,3,5,0,0.9185803757828812,0.4769647696476965,0.0
5,0,2,0,21,0,5,0,0.9394572025052192,0.4281842818428185,0.0
31,0,2,2,21,1,5,0,0.7640918580375784,0.02168021680216802,0.0
64,0,2,0,14,5,1,0,0.32150313152400845,0.02168021680216802,1.0
13,1,0,1,1,6,5,0,0.9519832985386223,0.34688346883468835,0.0
5,0,2,0,21,4,5,4,0.9394572025052192,0.16802168021680217,1.0
30,0,0,2,20,4,5,1,0.8914405010438415,0.07046070460704607,0.0
66,1,2,1,18,4,5,5,0.47599164926931103,0.3360433604336044,0.0
74,0,2,0,21,1,5,4,0.8830897703549061,0.13008130081300812,0.0
64,0,2,2,20,1,5,0,0.32150313152400845,0.15718157181571815,1.0
103,0,2,0,16,4,5,4,0.9791231732776617,0.2168021680216802,0.0
102,0,2,0,1,4,5,0,0.2275574112734864,0.41734417344173447,1.0
64,1,0,1,20,4,5,5,0.32150313152400845,0.8943089430894309,1.0
102,0,1,2,14,5,5,0,0.2275574112734864,0.34146341463414637,0.0
49,1,0,1,19,4,5,0,0.9394572025052192,0.5636856368563685,1.0
13,0,2,1,21,4,5,4,0.9519832985386223,0.2764227642276423,0.0
50,0,2,1,11,0,0,0,0.6200417536534448,0.1897018970189702,0.0
5,1,2,0,19,2,2,4,0.9394572025052192,0.06504065040650406,0.0
30,0,1,0,13,0,5,0,0.8914405010438415,0.24390243902439024,0.0
120,0,2,0,3,1,5,4,0.9498956158663885,0.44986449864498645,0.0
95,0,2,0,2,2,5,1,0.8037578288100209,0.43360433604336046,1.0
42,1,2,0,9,5,5,4,0.47599164926931103,0.3685636856368564,0.0
14,0,0,0,6,4,5,0,0.665970772442589,0.5799457994579945,1.0
13,1,0,1,20,4,5,5,0.9519832985386223,0.2005420054200542,0.0
49,0,2,0,21,0,5,4,0.9394572025052192,0.10298102981029811,0.0
30,0,2,3,9,0,5,0,0.8914405010438415,1.0,0.0
13,0,2,2,21,1,5,1,0.9519832985386223,0.26558265582655827,0.0
48,0,2,0,17,4,5,1,0.9185803757828812,0.5311653116531165,0.0
48,1,1,2,14,7,0,0,0.9185803757828812,0.4823848238482385,0.0
3,0,2,0,19,7,5,1,0.1837160751565763,0.5149051490514904,1.0
21,0,2,2,2,3,5,2,0.5594989561586641,0.1951219512195122,0.0
13,0,2,0,6,1,5,1,0.9519832985386223,0.02168021680216802,1.0
64,0,2,2,16,4,5,0,0.32150313152400845,0.02168021680216802,1.0
64,0,0,2,15,4,5,0,0.32150313152400845,0.16260162601626016,0.0
5,0,2,0,4,3,5,0,0.9394572025052192,0.9268292682926829,0.0
64,1,0,2,13,4,5,5,0.32150313152400845,0.4823848238482385,0.0
5,0,2,0,6,1,5,2,0.9394572025052192,0.26558265582655827,0.0
64,0,2,0,13,4,0,5,0.32150313152400845,0.25474254742547425,1.0
70,0,2,1,16,3,5,0,0.9791231732776617,0.25474254742547425,0.0
48,0,2,0,10,5,5,0,0.9185803757828812,0.0921409214092141,0.0
5,1,0,0,15,2,5,4,0.9394572025052192,0.20596205962059622,0.0
103,0,2,0,17,3,5,1,0.9791231732776617,0.13550135501355012,0.0
93,0,2,0,17,4,5,0,0.40918580375782887,0.8509485094850948,0.0
3,1,1,0,20,4,5,1,0.1837160751565763,1.0,1.0
39,1,0,0,18,4,5,0,0.1774530271398751,0.03252032520325203,0.0
64,0,2,2,15,1,5,0,0.32150313152400845,1.0,1.0
31,0,1,0,4,4,4,1,0.7640918580375784,0.1084010840108401,0.0
86,0,2,0,21,4,5,0,0.5636743215031317,0.14634146341463414,0.0
5,0,2,0,14,4,5,0,0.9394572025052192,0.4715447154471545,1.0
2,1,0,0,13,4,5,5,0.8705636743215033,0.2872628726287263,0.0
4,1,2,0,11,4,5,5,0.6972860125260962,0.2222222222222222,0.0
5,0,2,0,11,5,5,0,0.9394572025052192,0.016260162601626015,0.0
101,0,2,0,18,1,5,3,0.5929018789144052,0.21138211382113822,0.0
65,0,1,0,18,0,0,0,0.8956158663883091,0.0975609756097561,0.0
77,0,2,0,21,4,5,4,0.6388308977035491,0.11382113821138211,0.0
5,1,2,2,3,4,5,0,0.9394572025052192,0.7642276422764227,1.0
89,0,2,0,7,4,5,0,0.826722338204593,0.04336043360433604,1.0
5,0,2,2,21,4,5,1,0.9394572025052192,0.05962059620596205,0.0
95,0,2,2,3,1,5,1,0.8037578288100209,0.03252032520325203,0.0
64,1,2,1,15,4,5,5,0.32150313152400845,0.959349593495935,0.0
13,0,2,2,21,4,5,4,0.9519832985386223,0.1842818428184282,0.0
99,0,2,0,21,1,5,0,0.8643006263048016,0.07046070460704607,0.0
45,0,1,2,17,4,5,2,0.6242171189979124,0.06504065040650406,0.0
121,1,2,0,13,4,5,0,1.0,0.11924119241192412,0.0
95,0,2,0,13,1,5,0,0.8037578288100209,0.3739837398373984,0.0
101,1,1,1,0,4,5,0,0.5929018789144052,0.30352303523035234,1.0
101,0,2,0,21,4,5,4,0.5929018789144052,1.0,0.0
5,0,0,2,18,4,4,5,0.9394572025052192,0.6720867208672087,1.0
48,1,2,1,0,4,5,5,0.9185803757828812,0.6720867208672087,0.0
2,0,2,2,18,4,5,2,0.8705636743215033,0.43902439024390244,0.0
13,0,2,2,21,3,5,4,0.9519832985386223,0.5853658536585366,0.0
41,0,0,0,11,2,5,0,0.457202505219207,0.23306233062330622,1.0
24,1,2,0,11,1,2,0,0.11899791231732793,0.04878048780487805,1.0
78,0,2,0,21,2,5,4,0.7453027139874742,0.04336043360433604,0.0
5,0,2,2,21,1,5,0,0.9394572025052192,0.2005420054200542,0.0
64,0,2,0,20,0,5,3,0.32150313152400845,0.7859078590785907,0.0
5,0,2,0,6,4,1,1,0.9394572025052192,0.25474254742547425,1.0
4,0,2,2,1,4,5,0,0.6972860125260962,0.40650406504065045,0.0
5,0,2,2,21,4,5,1,0.9394572025052192,0.4932249322493225,1.0
112,0,2,2,21,4,5,3,0.9457202505219209,0.05962059620596205,0.0
5,1,2,0,13,3,5,1,0.9394572025052192,0.14634146341463414,0.0
94,0,2,2,16,4,5,1,0.6931106471816286,0.4552845528455285,0.0
36,0,2,0,16,4,5,0,0.536534446764092,0.11924119241192412,0.0
5,1,0,2,21,2,4,5,0.9394572025052192,0.15176151761517614,1.0
5,0,2,0,21,4,5,0,0.9394572025052192,0.31978319783197834,0.0
44,0,1,0,17,2,5,0,0.1795407098121089,0.5474254742547425,0.0
6,1,2,0,5,4,5,3,0.9478079331941547,0.2981029810298103,0.0
39,0,2,0,15,4,5,5,0.1774530271398751,0.12466124661246611,1.0
46,1,0,0,14,4,5,1,0.6179540709812108,0.9051490514905148,1.0
103,0,2,2,11,3,5,0,0.9791231732776617,0.14634146341463414,0.0
6,0,2,2,20,1,4,0,0.9478079331941547,0.21138211382113822,0.0
13,0,2,2,7,1,5,1,0.9519832985386223,0.22764227642276422,0.0
100,0,0,4,14,4,5,0,0.6784968684759918,0.15718157181571815,0.0
102,0,2,2,17,4,5,0,0.2275574112734864,0.15718157181571815,1.0
49,0,2,0,18,4,5,3,0.9394572025052192,0.14634146341463414,0.0
64,1,0,0,11,4,5,5,0.32150313152400845,0.07046070460704607,1.0
13,1,0,2,4,3,4,3,0.9519832985386223,0.4823848238482385,1.0
30,0,2,2,10,4,5,4,0.8914405010438415,0.2168021680216802,0.0
5,1,1,2,21,3,5,4,0.9394572025052192,0.04336043360433604,0.0
5,1,2,3,21,2,5,0,0.9394572025052192,0.13550135501355012,0.0
39,0,2,0,11,1,5,0,0.1774530271398751,0.13008130081300812,0.0
70,1,2,1,15,4,5,0,0.9791231732776617,0.1842818428184282,0.0
15,0,2,2,19,5,5,2,0.5699373695198331,0.12466124661246611,0.0
13,0,2,0,17,7,0,0,0.9519832985386223,0.33062330623306235,0.0
101,0,2,2,14,4,2,0,0.5929018789144052,0.40650406504065045,0.0
5,1,2,2,6,4,1,1,0.9394572025052192,0.037940379403794036,0.0
5,0,2,0,7,4,5,2,0.9394572025052192,0.037940379403794036,0.0
64,1,2,0,17,1,5,4,0.32150313152400845,0.44986449864498645,0.0
48,0,2,0,10,5,2,0,0.9185803757828812,0.07046070460704607,0.0
65,0,2,2,21,5,5,4,0.8956158663883091,0.23848238482384823,0.0
48,0,2,0,16,4,4,1,0.9185803757828812,0.29268292682926833,0.0
15,0,2,2,21,2,5,2,0.5699373695198331,0.959349593495935,0.0
91,1,2,3,3,1,2,5,0.9248434237995826,1.0,0.0
95,0,2,0,15,4,5,0,0.8037578288100209,0.2872628726287263,0.0
13,0,2,2,15,0,5,0,0.9519832985386223,0.16802168021680217,0.0
13,0,2,2,2,2,5,0,0.9519832985386223,0.05962059620596205,0.0
48,0,2,0,18,1,2,0,0.9185803757828812,0.46070460704607047,0.0
22,0,2,3,21,4,5,4,0.018789144050104567,0.42276422764227645,1.0
55,1,0,0,14,4,4,0,0.8517745302713988,0.6666666666666666,1.0
48,0,2,0,21,4,5,0,0.9185803757828812,0.5094850948509485,0.0
42,1,1,2,20,4,5,1,0.47599164926931103,0.5799457994579945,1.0
5,0,2,0,21,3,5,4,0.9394572025052192,0.03252032520325203,0.0
5,1,2,2,2,2,4,4,0.9394572025052192,0.26558265582655827,0.0
48,0,2,0,21,7,5,4,0.9185803757828812,0.2981029810298103,0.0
114,1,0,0,13,1,2,1,0.9498956158663885,0.06504065040650406,0.0
48,1,2,1,14,4,5,5,0.9185803757828812,0.8075880758807588,0.0
103,0,2,2,2,2,5,4,0.9791231732776617,1.0,0.0
64,0,2,2,17,0,5,0,0.32150313152400845,1.0,0.0
117,0,0,0,19,5,5,1,0.4613778705636744,0.5149051490514904,0.0
5,1,0,0,18,4,5,0,0.9394572025052192,0.05420054200542005,0.0
114,1,0,0,14,4,5,5,0.9498956158663885,0.0975609756097561,1.0
13,0,2,0,10,0,5,3,0.9519832985386223,0.3739837398373984,0.0
5,1,2,4,11,4,5,0,0.9394572025052192,0.20596205962059622,0.0
48,0,2,0,1,3,5,2,0.9185803757828812,0.07046070460704607,0.0
13,0,1,2,10,4,5,1,0.9519832985386223,0.016260162601626015,0.0
13,0,2,0,16,0,5,4,0.9519832985386223,0.12466124661246611,0.0
57,0,2,2,10,4,5,4,0.6137787056367434,0.016260162601626015,0.0
64,0,2,2,2,3,5,0,0.32150313152400845,0.08672086720867209,1.0
64,0,2,0,1,6,5,0,0.32150313152400845,0.04878048780487805,1.0
5,1,2,0,16,4,5,5,0.9394572025052192,0.037940379403794036,0.0
50,0,2,0,18,0,0,0,0.6200417536534448,0.05962059620596205,0.0
55,0,2,2,8,1,5,4,0.8517745302713988,0.08672086720867209,0.0
5,1,2,0,13,1,5,0,0.9394572025052192,0.1842818428184282,0.0
94,1,2,0,14,4,5,5,0.6931106471816286,0.2764227642276423,1.0
112,0,2,4,1,4,5,4,0.9457202505219209,0.11924119241192412,0.0
91,1,2,4,0,4,5,5,0.9248434237995826,0.8617886178861789,0.0
48,1,2,4,17,4,5,5,0.9185803757828812,0.5691056910569106,0.0
48,0,2,0,11,1,4,1,0.9185803757828812,1.0,0.0
5,1,0,0,20,4,5,5,0.9394572025052192,0.07588075880758807,1.0
13,1,2,2,1,4,5,0,0.9519832985386223,0.26558265582655827,0.0
57,0,2,1,14,0,5,0,0.6137787056367434,0.6124661246612466,0.0
5,1,0,0,13,4,5,0,0.9394572025052192,0.3739837398373984,1.0
5,0,2,0,6,6,5,4,0.9394572025052192,0.17344173441734417,0.0
5,0,2,0,13,4,3,1,0.9394572025052192,0.10298102981029811,0.0
49,0,2,0,0,4,5,0,0.9394572025052192,0.1842818428184282,1.0
5,0,2,2,2,4,5,1,0.9394572025052192,0.1842818428184282,0.0
51,0,2,2,10,1,5,3,0.9039665970772444,0.016260162601626015,0.0
63,1,2,1,13,4,5,1,0.6805845511482254,0.11382113821138211,1.0
122,0,2,0,16,7,5,1,0.9290187891440502,1.0,1.0
5,0,2,0,12,2,5,4,0.9394572025052192,0.39566395663956644,0.0
4,0,2,3,20,1,5,1,0.6972860125260962,1.0,1.0
48,0,2,2,21,5,5,2,0.9185803757828812,0.14634146341463414,0.0
64,0,2,2,17,1,5,1,0.32150313152400845,0.2222222222222222,1.0
5,1,2,0,1,1,5,0,0.9394572025052192,0.22764227642276422,0.0
103,0,2,0,6,4,5,0,0.9791231732776617,0.037940379403794036,0.0
64,1,2,0,14,3,5,0,0.32150313152400845,0.06504065040650406,0.0
14,1,0,0,13,4,5,0,0.665970772442589,0.4010840108401084,1.0
122,0,0,1,1,3,5,0,0.9290187891440502,0.4769647696476965,0.0
91,0,2,2,21,3,5,0,0.9248434237995826,0.26558265582655827,0.0
13,1,2,1,15,4,5,5,0.9519832985386223,0.25474254742547425,0.0
5,1,2,0,5,1,5,5,0.9394572025052192,0.7913279132791328,0.0
5,0,2,0,19,1,3,3,0.9394572025052192,0.08130081300813008,0.0
5,0,2,0,15,1,5,1,0.9394572025052192,0.05420054200542005,1.0
5,0,2,2,7,5,1,0,0.9394572025052192,0.35772357723577236,0.0
83,1,0,0,13,4,5,5,0.6096033402922756,1.0,0.0
13,1,2,2,20,4,5,1,0.9519832985386223,0.17886178861788618,1.0
49,0,2,2,21,4,5,4,0.9394572025052192,0.2710027100271003,1.0
5,0,2,2,2,3,5,0,0.9394572025052192,0.1951219512195122,0.0
74,0,1,0,21,2,5,0,0.8830897703549061,0.5149051490514904,0.0
48,0,2,0,16,2,5,1,0.9185803757828812,0.7533875338753387,0.0
102,1,1,0,0,4,5,0,0.2275574112734864,0.5582655826558265,1.0
5,0,2,2,21,4,5,0,0.9394572025052192,0.1897018970189702,1.0
30,0,2,2,7,4,5,4,0.8914405010438415,0.7859078590785907,0.0
48,0,1,2,9,7,5,1,0.9185803757828812,0.7804878048780487,0.0
65,1,0,0,15,4,5,5,0.8956158663883091,0.3739837398373984,1.0
7,0,2,2,8,1,5,4,0.676409185803758,0.04878048780487805,0.0
30,0,0,0,1,0,0,1,0.8914405010438415,0.7100271002710027,0.0
48,0,2,0,17,0,5,2,0.9185803757828812,0.17344173441734417,1.0
48,0,2,0,21,4,5,4,0.9185803757828812,0.5691056910569106,0.0
64,1,0,0,13,4,5,0,0.32150313152400845,0.04878048780487805,1.0
103,0,2,0,7,5,5,1,0.9791231732776617,0.5365853658536585,0.0
30,0,2,2,18,4,5,0,0.8914405010438415,0.3739837398373984,0.0
46,0,1,1,14,4,5,1,0.6179540709812108,0.03252032520325203,1.0
95,1,2,1,17,4,5,5,0.8037578288100209,0.0921409214092141,0.0
86,0,2,0,1,2,5,4,0.5636743215031317,1.0,0.0
26,1,2,0,3,4,5,0,0.7453027139874742,0.2710027100271003,1.0
50,1,2,2,0,4,5,5,0.6200417536534448,0.2872628726287263,1.0
103,1,0,0,20,7,5,0,0.9791231732776617,0.8292682926829268,0.0
116,0,0,0,17,7,2,0,0.47599164926931103,0.4823848238482385,0.0
13,0,2,2,21,7,5,3,0.9519832985386223,0.13550135501355012,1.0
64,1,2,1,11,4,5,0,0.32150313152400845,0.4715447154471545,0.0
64,1,0,0,16,4,5,5,0.32150313152400845,0.8672086720867208,1.0
49,0,2,0,14,7,5,0,0.9394572025052192,0.41734417344173447,0.0
23,0,2,3,21,4,5,5,0.5741127348643007,1.0,0.0
2,0,2,0,15,4,5,0,0.8705636743215033,0.34688346883468835,0.0
92,0,2,0,21,1,5,4,0.36534446764091877,0.04336043360433604,0.0
103,0,2,3,5,4,5,0,0.9791231732776617,0.8509485094850948,0.0
49,0,2,0,21,5,5,4,0.9394572025052192,0.31978319783197834,0.0
49,0,2,0,1,4,5,0,0.9394572025052192,0.6341463414634146,0.0
31,0,1,0,19,4,5,1,0.7640918580375784,0.1084010840108401,0.0
64,1,2,1,20,4,5,5,0.32150313152400845,0.48780487804878053,1.0
48,1,0,1,11,4,5,0,0.9185803757828812,0.15176151761517614,0.0
65,0,2,2,6,1,5,3,0.8956158663883091,0.40650406504065045,0.0
48,0,2,0,8,2,5,0,0.9185803757828812,0.010840108401084009,0.0
117,0,0,0,1,0,5,0,0.4613778705636744,0.34146341463414637,0.0
4,0,2,2,12,0,5,0,0.6972860125260962,0.06504065040650406,0.0
49,1,0,1,20,4,5,0,0.9394572025052192,0.2222222222222222,0.0
122,0,2,2,21,6,4,0,0.9290187891440502,0.6070460704607046,0.0
5,1,0,0,16,4,5,0,0.9394572025052192,0.24390243902439024,0.0
64,0,2,0,16,3,5,0,0.32150313152400845,0.10298102981029811,0.0
30,0,1,2,16,4,5,3,0.8914405010438415,0.08130081300813008,0.0
48,0,2,2,21,1,5,0,0.9185803757828812,0.1084010840108401,0.0
49,1,2,1,21,4,5,4,0.9394572025052192,0.11382113821138211,0.0
91,0,2,0,1,4,5,1,0.9248434237995826,0.010840108401084009,0.0
13,0,2,0,5,4,1,0,0.9519832985386223,0.16802168021680217,0.0
64,1,0,1,1,4,5,5,0.32150313152400845,0.3631436314363144,0.0
11,1,0,0,15,4,5,5,0.16701461377870586,0.2710027100271003,1.0
63,1,1,0,15,4,5,5,0.6805845511482254,0.04336043360433604,1.0
4,0,2,0,2,2,5,0,0.6972860125260962,0.1084010840108401,0.0
5,0,0,0,14,4,4,0,0.9394572025052192,0.29268292682926833,1.0
13,0,2,0,17,4,5,3,0.9519832985386223,0.40650406504065045,0.0
120,1,2,3,4,3,4,4,0.9498956158663885,0.6883468834688347,0.0
114,0,2,0,19,3,5,3,0.9498956158663885,0.23306233062330622,0.0
3,0,0,0,16,0,4,1,0.1837160751565763,0.2710027100271003,1.0
2,0,2,1,7,2,5,0,0.8705636743215033,0.7696476964769647,0.0
13,1,1,1,13,1,5,2,0.9519832985386223,0.5636856368563685,1.0
30,1,0,1,14,4,5,5,0.8914405010438415,0.981029810298103,0.0
13,0,2,1,18,0,5,4,0.9519832985386223,0.15176151761517614,0.0
59,0,2,0,14,5,4,0,0.7390396659707728,0.12466124661246611,0.0
64,0,2,0,6,0,5,0,0.32150313152400845,0.5528455284552846,0.0
49,0,2,0,1,3,5,0,0.9394572025052192,0.30352303523035234,1.0
35,1,0,0,11,4,5,5,0.6116910229645096,0.39566395663956644,1.0
4,0,2,0,9,4,5,2,0.6972860125260962,0.1951219512195122,1.0
48,1,0,1,13,7,0,0,0.9185803757828812,0.3523035230352304,0.0
64,1,2,0,13,4,5,0,0.32150313152400845,0.5365853658536585,1.0
5,0,2,2,17,3,5,4,0.9394572025052192,0.3252032520325204,0.0
5,0,2,0,15,4,5,0,0.9394572025052192,0.2222222222222222,1.0
19,0,2,0,2,4,5,0,0.6471816283924845,0.959349593495935,0.0
5,0,2,0,12,4,5,1,0.9394572025052192,0.5582655826558265,0.0
5,0,2,0,6,1,5,0,0.9394572025052192,0.24390243902439024,0.0
46,0,2,0,17,7,5,4,0.6179540709812108,0.07046070460704607,0.0
49,0,2,1,21,1,5,0,0.9394572025052192,0.037940379403794036,0.0
13,0,2,0,2,2,3,1,0.9519832985386223,0.13550135501355012,0.0
64,0,2,2,11,0,5,0,0.32150313152400845,0.20596205962059622,1.0
48,0,2,2,2,3,5,4,0.9185803757828812,0.2764227642276423,0.0
48,1,0,1,14,4,5,0,0.9185803757828812,0.41734417344173447,0.0
64,0,0,0,13,7,0,5,0.32150313152400845,0.2005420054200542,1.0
29,1,2,0,21,4,5,5,0.47599164926931103,0.2601626016260163,0.0
5,0,2,0,7,4,5,5,0.9394572025052192,0.04336043360433604,0.0
5,0,2,2,18,4,5,3,0.9394572025052192,0.42276422764227645,0.0
118,0,2,1,15,4,4,2,0.8246346555323592,0.26558265582655827,0.0
48,1,0,0,16,4,5,5,0.9185803757828812,0.07046070460704607,0.0
106,1,0,1,13,4,5,5,0.2275574112734864,0.5040650406504065,0.0
42,1,2,0,0,5,4,0,0.47599164926931103,0.8888888888888888,0.0
5,0,2,0,9,1,5,0,0.9394572025052192,0.027100271002710022,0.0
64,1,2,1,14,4,5,5,0.32150313152400845,0.23306233062330622,1.0
5,0,2,2,6,6,5,1,0.9394572025052192,0.34146341463414637,0.0
5,0,2,0,21,2,2,4,0.9394572025052192,0.26558265582655827,0.0
5,0,2,0,1,7,0,2,0.9394572025052192,0.14092140921409213,0.0
49,0,1,0,7,0,0,1,0.9394572025052192,1.0,0.0
5,0,2,0,3,0,5,3,0.9394572025052192,0.0921409214092141,0.0
5,0,2,1,16,3,5,0,0.9394572025052192,0.016260162601626015,0.0
48,0,2,2,20,2,5,0,0.9185803757828812,0.17344173441734417,0.0
5,1,2,0,13,4,5,0,0.9394572025052192,0.08672086720867209,1.0
112,0,2,0,2,1,5,4,0.9457202505219209,0.03252032520325203,0.0
5,0,2,0,21,1,4,0,0.9394572025052192,0.3252032520325204,0.0
6,0,2,0,21,1,5,0,0.9478079331941547,0.23848238482384823,0.0
5,1,2,0,14,4,5,0,0.9394572025052192,0.10298102981029811,0.0
64,0,2,2,13,4,4,0,0.32150313152400845,0.6937669376693767,1.0
73,1,2,0,14,0,4,0,0.0,0.23306233062330622,1.0
5,0,2,2,9,5,5,4,0.9394572025052192,0.3089430894308943,1.0
7,0,2,0,1,1,5,1,0.676409185803758,0.22764227642276422,0.0
99,0,2,2,18,5,5,1,0.8643006263048016,0.8238482384823848,0.0
101,0,0,0,7,2,5,5,0.5929018789144052,0.15176151761517614,1.0
70,0,2,0,21,7,5,4,0.9791231732776617,0.12466124661246611,0.0
6,0,2,0,15,4,2,0,0.9478079331941547,0.3252032520325204,0.0
64,1,0,0,18,1,5,1,0.32150313152400845,1.0,1.0
48,0,2,0,17,1,5,0,0.9185803757828812,0.15176151761517614,0.0
31,0,2,0,21,1,4,4,0.7640918580375784,0.5040650406504065,0.0
61,0,2,0,17,0,5,0,0.4425887265135702,0.05420054200542005,0.0
64,0,2,0,1,3,5,1,0.32150313152400845,0.04336043360433604,1.0
24,0,2,0,17,4,5,0,0.11899791231732793,0.13008130081300812,0.0
5,0,2,0,21,4,5,4,0.9394572025052192,0.2981029810298103,0.0
103,0,2,0,7,4,5,4,0.9791231732776617,1.0,0.0
5,0,1,0,19,4,5,2,0.9394572025052192,0.2981029810298103,0.0
61,0,2,0,16,5,4,0,0.4425887265135702,0.6016260162601625,0.0
5,0,2,0,7,4,5,1,0.9394572025052192,0.4444444444444445,0.0
5,1,2,1,20,4,5,0,0.9394572025052192,0.30352303523035234,0.0
64,0,2,2,6,4,5,4,0.32150313152400845,0.40650406504065045,0.0
64,1,0,0,0,4,5,5,0.32150313152400845,0.2222222222222222,0.0
64,1,0,0,11,4,5,5,0.32150313152400845,0.05420054200542005,1.0
64,0,2,0,19,4,5,0,0.32150313152400845,0.08672086720867209,0.0
11,0,0,2,14,1,2,1,0.16701461377870586,0.1951219512195122,1.0
5,0,2,2,21,5,5,1,0.9394572025052192,0.5203252032520325,1.0
5,0,2,2,10,3,5,2,0.9394572025052192,0.24390243902439024,0.0
98,0,2,0,14,4,5,0,0.47599164926931103,0.30352303523035234,1.0
1,1,2,2,5,4,5,4,0.8872651356993737,0.39566395663956644,0.0
11,0,0,2,14,4,1,0,0.16701461377870586,0.2981029810298103,0.0
15,0,2,0,15,7,0,0,0.5699373695198331,0.037940379403794036,0.0
95,0,2,2,15,2,5,2,0.8037578288100209,0.11924119241192412,0.0
13,1,0,0,19,5,4,0,0.9519832985386223,0.16802168021680217,0.0
31,1,0,1,15,1,5,0,0.7640918580375784,0.23848238482384823,0.0
112,0,2,0,5,2,5,2,0.9457202505219209,1.0,0.0
64,0,2,0,0,4,5,0,0.32150313152400845,0.02168021680216802,1.0
122,1,0,1,15,0,5,0,0.9290187891440502,0.3848238482384824,0.0
49,0,2,0,19,1,5,2,0.9394572025052192,0.22764227642276422,0.0
64,0,2,0,13,0,5,1,0.32150313152400845,0.06504065040650406,1.0
22,1,2,0,13,4,5,0,0.018789144050104567,0.11924119241192412,1.0
105,0,2,0,18,4,5,0,0.7515657620041754,0.8726287262872628,0.0
105,0,2,1,16,4,5,1,0.7515657620041754,0.2981029810298103,0.0
99,0,2,0,16,5,5,0,0.8643006263048016,0.3089430894308943,1.0
70,1,0,1,11,3,5,5,0.9791231732776617,1.0,0.0
64,1,0,0,20,4,5,5,0.32150313152400845,0.04336043360433604,1.0
70,0,2,2,17,7,0,0,0.9791231732776617,0.1084010840108401,0.0
64,1,0,0,14,4,5,5,0.32150313152400845,0.08672086720867209,0.0
3,0,2,0,17,1,5,0,0.1837160751565763,0.39566395663956644,1.0
100,1,0,1,13,4,5,2,0.6784968684759918,0.016260162601626015,0.0
11,0,2,2,7,4,5,4,0.16701461377870586,0.05962059620596205,1.0
2,1,2,0,21,4,5,0,0.8705636743215033,0.20596205962059622,1.0
48,0,2,0,21,2,4,4,0.9185803757828812,0.03252032520325203,0.0
74,1,2,2,19,3,5,3,0.8830897703549061,0.07046070460704607,0.0
102,0,2,0,15,4,5,0,0.2275574112734864,0.016260162601626015,1.0
46,0,2,0,16,4,5,1,0.6179540709812108,0.31436314363143636,0.0
5,0,2,0,21,4,5,4,0.9394572025052192,0.07046070460704607,0.0
49,1,0,1,11,6,5,0,0.9394572025052192,0.03252032520325203,0.0
77,1,2,2,0,4,5,0,0.6388308977035491,0.2601626016260163,1.0
48,0,2,0,18,1,5,0,0.9185803757828812,0.17344173441734417,0.0
5,0,2,0,9,1,2,2,0.9394572025052192,0.0921409214092141,0.0
94,0,2,2,21,4,5,0,0.6931106471816286,0.7804878048780487,1.0
5,0,2,0,8,4,5,0,0.9394572025052192,0.08130081300813008,0.0
26,0,2,0,4,7,5,0,0.7453027139874742,1.0,0.0
49,0,0,2,18,4,4,4,0.9394572025052192,0.1842818428184282,0.0
64,0,2,0,3,5,5,4,0.32150313152400845,0.8780487804878049,1.0
30,0,1,2,14,4,5,1,0.8914405010438415,0.8617886178861789,0.0
5,1,0,0,14,4,4,5,0.9394572025052192,0.43902439024390244,1.0
5,0,2,0,9,4,5,5,0.9394572025052192,0.6233062330623306,1.0
64,0,2,2,15,4,5,0,0.32150313152400845,0.2981029810298103,1.0
31,1,1,1,21,4,5,1,0.7640918580375784,0.5799457994579945,0.0
5,1,0,0,0,3,4,0,0.9394572025052192,0.08672086720867209,0.0
64,0,2,2,17,3,5,1,0.32150313152400845,0.06504065040650406,0.0
78,1,0,1,19,4,5,5,0.7453027139874742,0.8184281842818428,0.0
13,1,0,0,13,3,5,0,0.9519832985386223,1.0,0.0
61,0,2,0,12,4,5,0,0.4425887265135702,0.15176151761517614,1.0
29,0,2,2,16,4,5,0,0.47599164926931103,0.1842818428184282,1.0
5,1,0,1,14,4,2,0,0.9394572025052192,1.0,1.0
49,0,2,2,18,0,5,0,0.9394572025052192,0.11924119241192412,0.0
5,1,2,2,18,3,5,0,0.9394572025052192,0.5365853658536585,0.0
5,1,2,0,2,4,5,5,0.9394572025052192,0.44986449864498645,0.0
112,0,2,0,0,4,5,0,0.9457202505219209,0.5474254742547425,0.0
86,1,0,0,11,4,5,0,0.5636743215031317,0.33062330623306235,1.0
5,0,2,0,21,3,5,4,0.9394572025052192,0.30352303523035234,0.0
48,0,2,0,21,4,1,0,0.9185803757828812,0.43902439024390244,0.0
101,0,2,0,21,4,4,3,0.5929018789144052,0.11382113821138211,0.0
30,1,0,0,17,4,5,5,0.8914405010438415,0.4823848238482385,0.0
39,1,0,0,17,0,5,0,0.1774530271398751,0.5474254742547425,1.0
5,0,2,2,21,1,5,0,0.9394572025052192,0.02168021680216802,0.0
30,1,2,4,14,4,5,5,0.8914405010438415,0.13550135501355012,0.0
30,1,0,0,11,4,5,0,0.8914405010438415,0.15176151761517614,1.0
64,0,0,0,15,4,5,0,0.32150313152400845,0.7262872628726287,1.0
5,0,2,2,21,1,1,0,0.9394572025052192,0.027100271002710022,0.0
64,0,2,0,13,4,5,0,0.32150313152400845,0.17344173441734417,1.0
82,1,0,0,15,4,5,5,0.8768267223382047,0.0975609756097561,0.0
64,0,2,0,4,3,5,4,0.32150313152400845,0.21138211382113822,0.0
64,0,2,2,2,2,5,1,0.32150313152400845,0.8509485094850948,0.0
64,0,2,0,16,1,5,0,0.32150313152400845,0.4281842818428185,1.0
15,0,2,2,15,0,0,0,0.5699373695198331,0.5040650406504065,0.0
117,1,2,0,2,4,5,3,0.4613778705636744,0.016260162601626015,0.0
95,0,2,2,8,4,5,0,0.8037578288100209,0.04336043360433604,0.0
6,0,2,0,17,0,0,0,0.9478079331941547,0.25474254742547425,0.0
80,0,2,0,11,4,5,1,0.09603340292275586,0.11382113821138211,1.0
13,1,0,1,5,0,5,0,0.9519832985386223,0.17886178861788618,0.0
64,0,0,0,13,5,1,0,0.32150313152400845,0.6070460704607046,0.0
101,0,2,1,16,7,1,1,0.5929018789144052,0.10298102981029811,0.0
48,0,2,2,9,4,5,4,0.9185803757828812,0.959349593495935,0.0
71,0,2,2,19,1,5,5,0.47599164926931103,0.24932249322493225,0.0
5,0,2,2,1,3,5,0,0.9394572025052192,0.1084010840108401,0.0
48,0,0,0,4,2,5,0,0.9185803757828812,0.959349593495935,0.0
48,0,2,0,21,4,5,1,0.9185803757828812,0.0975609756097561,1.0
65,0,2,0,7,0,5,0,0.8956158663883091,0.10298102981029811,0.0
49,1,2,1,15,4,5,5,0.9394572025052192,0.4552845528455285,0.0
121,0,2,2,21,4,5,4,1.0,0.3739837398373984,0.0
64,0,2,0,1,5,5,0,0.32150313152400845,0.6775067750677507,0.0
5,0,2,3,3,2,5,0,0.9394572025052192,0.2710027100271003,0.0
5,0,2,0,11,1,5,0,0.9394572025052192,0.40650406504065045,0.0
5,0,2,2,18,1,1,2,0.9394572025052192,0.26558265582655827,0.0
13,0,1,0,2,4,5,3,0.9519832985386223,0.3252032520325204,1.0
95,0,2,2,16,4,1,0,0.8037578288100209,0.8401084010840109,0.0
48,0,1,0,16,5,5,0,0.9185803757828812,0.34688346883468835,0.0
5,0,2,0,8,3,5,4,0.9394572025052192,0.6612466124661246,0.0
5,0,2,0,8,4,5,4,0.9394572025052192,0.5149051490514904,1.0
48,0,2,0,6,4,5,0,0.9185803757828812,0.4010840108401084,0.0
4,0,2,0,4,2,5,4,0.6972860125260962,0.3848238482384824,0.0
4,0,2,0,8,1,5,0,0.6972860125260962,0.08130081300813008,0.0
64,1,2,4,20,4,5,5,0.32150313152400845,0.2981029810298103,1.0
120,1,0,1,2,7,0,0,0.9498956158663885,0.14634146341463414,0.0
30,0,2,2,17,4,5,1,0.8914405010438415,0.0921409214092141,0.0
5,0,0,0,16,5,5,1,0.9394572025052192,0.11924119241192412,1.0
16,0,2,0,17,5,5,2,0.47599164926931103,0.07046070460704607,0.0
64,1,0,0,17,4,5,2,0.32150313152400845,1.0,1.0
64,0,2,2,13,4,0,0,0.32150313152400845,0.11382113821138211,1.0
64,1,0,0,0,4,5,5,0.32150313152400845,0.26558265582655827,1.0
62,0,2,2,5,7,5,0,0.6638830897703549,0.6558265582655827,0.0
64,0,2,2,17,2,5,0,0.32150313152400845,0.07588075880758807,1.0
119,0,2,0,15,4,5,4,0.47599164926931103,0.6016260162601625,1.0
78,1,0,1,5,4,5,1,0.7453027139874742,0.03252032520325203,0.0
48,0,2,3,21,1,5,3,0.9185803757828812,0.05420054200542005,0.0
48,0,2,2,18,0,5,0,0.9185803757828812,0.6991869918699186,0.0
13,0,0,0,18,4,1,0,0.9519832985386223,1.0,0.0
5,0,2,0,12,4,5,0,0.9394572025052192,0.12466124661246611,1.0
5,0,2,0,21,3,5,0,0.9394572025052192,0.08672086720867209,0.0
29,1,2,0,21,4,5,0,0.47599164926931103,0.4552845528455285,0.0
2,0,1,0,17,3,5,5,0.8705636743215033,0.20596205962059622,0.0
5,0,2,0,13,3,5,0,0.9394572025052192,0.16260162601626016,0.0
5,0,2,2,8,4,5,1,0.9394572025052192,0.05420054200542005,0.0
120,0,2,0,21,4,5,4,0.9498956158663885,0.10298102981029811,0.0
49,0,2,0,6,1,5,0,0.9394572025052192,0.1084010840108401,0.0
47,0,2,0,6,1,5,4,0.778705636743215,0.23848238482384823,0.0
30,0,2,2,21,7,5,4,0.8914405010438415,0.4010840108401084,0.0
37,0,2,0,5,4,5,0,0.5636743215031317,0.03252032520325203,1.0
64,0,2,2,3,0,5,0,0.32150313152400845,0.31436314363143636,0.0
5,0,2,0,17,7,5,0,0.9394572025052192,0.14634146341463414,0.0
5,1,2,4,16,4,5,0,0.9394572025052192,0.17886178861788618,0.0
6,1,1,1,13,4,1,0,0.9478079331941547,0.11382113821138211,0.0
5,0,2,0,12,1,5,0,0.9394572025052192,0.24390243902439024,0.0
85,0,2,0,6,7,5,4,0.8893528183716073,0.17886178861788618,0.0
61,0,2,0,21,1,5,1,0.4425887265135702,0.07046070460704607,0.0
5,0,2,0,4,1,5,0,0.9394572025052192,0.03252032520325203,0.0
30,0,0,0,11,4,5,5,0.8914405010438415,0.21138211382113822,0.0
48,1,2,0,2,4,5,0,0.9185803757828812,0.5528455284552846,1.0
64,0,2,0,18,4,5,0,0.32150313152400845,0.027100271002710022,1.0
13,0,2,0,1,0,5,5,0.9519832985386223,0.23306233062330622,0.0
13,0,2,2,5,4,5,3,0.9519832985386223,0.14634146341463414,0.0
64,1,0,0,10,4,5,0,0.32150313152400845,0.24390243902439024,1.0
5,0,2,2,1,3,5,0,0.9394572025052192,0.12466124661246611,1.0
64,1,0,0,11,4,5,5,0.32150313152400845,1.0,0.0
5,1,2,0,10,4,5,0,0.9394572025052192,0.34146341463414637,1.0
4,1,2,0,21,4,5,0,0.6972860125260962,0.48780487804878053,1.0
5,0,0,2,18,3,5,0,0.9394572025052192,0.4281842818428185,0.0
5,0,2,0,19,3,5,2,0.9394572025052192,0.24932249322493225,0.0
64,0,0,0,18,3,5,0,0.32150313152400845,0.027100271002710022,1.0
64,0,2,0,14,4,5,5,0.32150313152400845,0.0921409214092141,1.0
64,0,2,0,11,0,0,0,0.32150313152400845,0.24932249322493225,1.0
30,1,1,1,14,4,5,5,0.8914405010438415,0.8455284552845528,0.0
48,0,2,0,2,4,4,1,0.9185803757828812,0.12466124661246611,1.0
10,1,2,4,20,4,5,5,0.48225469728601245,0.3848238482384824,0.0
64,1,0,0,13,4,5,0,0.32150313152400845,0.35772357723577236,0.0
5,0,2,0,21,4,5,0,0.9394572025052192,0.41192411924119243,1.0
5,0,2,0,21,3,5,4,0.9394572025052192,0.11382113821138211,0.0
5,0,2,2,21,1,4,4,0.9394572025052192,0.21138211382113822,1.0
41,1,2,0,14,4,5,5,0.457202505219207,0.037940379403794036,0.0
33,1,1,0,21,4,5,0,0.47599164926931103,0.4823848238482385,0.0
64,0,2,2,18,1,5,1,0.32150313152400845,0.1897018970189702,0.0
103,0,2,0,18,7,5,0,0.9791231732776617,0.037940379403794036,0.0
5,0,2,0,4,3,5,0,0.9394572025052192,0.24390243902439024,0.0
5,0,2,0,18,1,5,2,0.9394572025052192,0.05962059620596205,0.0
64,1,2,0,14,4,5,5,0.32150313152400845,0.03252032520325203,0.0
64,1,2,0,1,4,5,4,0.32150313152400845,0.027100271002710022,1.0
66,0,2,0,3,4,5,4,0.47599164926931103,0.16802168021680217,1.0
64,0,2,0,14,4,5,0,0.32150313152400845,0.30352303523035234,1.0
7,0,2,0,21,4,5,4,0.676409185803758,0.1897018970189702,0.0
102,0,2,0,6,4,1,1,0.2275574112734864,0.4823848238482385,0.0
3,1,2,1,16,4,5,5,0.1837160751565763,0.16260162601626016,1.0
64,0,0,0,13,4,5,0,0.32150313152400845,0.010840108401084009,1.0
91,0,2,0,21,4,5,4,0.9248434237995826,0.2168021680216802,0.0
64,0,2,1,2,4,5,5,0.32150313152400845,0.43902439024390244,1.0
64,0,2,1,1,4,5,0,0.32150313152400845,0.25474254742547425,1.0
13,1,2,1,11,4,5,0,0.9519832985386223,0.25474254742547425,0.0
48,1,2,0,14,4,5,1,0.9185803757828812,0.40650406504065045,1.0
93,0,1,0,15,7,0,5,0.40918580375782887,0.07588075880758807,0.0
2,0,2,0,1,4,5,3,0.8705636743215033,0.5691056910569106,0.0
5,1,0,1,0,4,5,0,0.9394572025052192,0.23848238482384823,0.0
106,1,2,1,11,4,5,0,0.2275574112734864,0.10298102981029811,1.0
48,0,2,0,19,5,5,0,0.9185803757828812,0.2710027100271003,0.0
13,0,2,0,19,2,5,4,0.9519832985386223,0.41734417344173447,0.0
48,0,2,2,2,3,5,0,0.9185803757828812,0.8184281842818428,0.0
2,0,0,1,4,5,5,0,0.8705636743215033,0.2601626016260163,0.0
50,0,2,0,4,2,5,4,0.6200417536534448,0.3631436314363144,1.0
49,0,0,0,13,4,5,0,0.9394572025052192,0.22764227642276422,0.0
64,0,2,0,13,1,2,0,0.32150313152400845,0.06504065040650406,0.0
57,0,0,2,1,4,5,0,0.6137787056367434,0.5474254742547425,0.0
89,0,0,0,16,7,5,5,0.826722338204593,0.05420054200542005,0.0
64,0,2,0,16,4,5,3,0.32150313152400845,0.5311653116531165,1.0
48,0,2,0,5,4,1,1,0.9185803757828812,0.14634146341463414,0.0
13,0,2,0,16,4,5,3,0.9519832985386223,0.2981029810298103,0.0
11,0,2,0,15,0,5,0,0.16701461377870586,0.23848238482384823,0.0
113,0,2,0,16,4,5,0,0.47599164926931103,0.12466124661246611,1.0
24,0,1,2,4,4,5,4,0.11899791231732793,0.10298102981029811,1.0
97,0,0,2,14,4,5,0,0.3695198329853864,0.06504065040650406,1.0
64,0,0,2,13,4,5,0,0.32150313152400845,0.23848238482384823,0.0
74,0,2,1,7,4,5,4,0.8830897703549061,0.1842818428184282,0.0
5,0,2,2,15,4,5,0,0.9394572025052192,1.0,0.0
91,0,2,0,10,4,5,0,0.9248434237995826,0.46070460704607047,0.0
91,0,2,2,21,7,5,4,0.9248434237995826,0.4281842818428185,0.0
6,0,2,0,1,0,5,0,0.9478079331941547,0.22764227642276422,0.0
49,0,2,0,3,1,5,2,0.9394572025052192,0.0921409214092141,1.0
6,1,2,3,21,4,5,0,0.9478079331941547,0.14092140921409213,0.0
103,0,2,0,8,4,5,2,0.9791231732776617,0.3794037940379404,0.0
95,0,2,2,13,4,0,1,0.8037578288100209,0.11924119241192412,0.0
96,0,2,0,21,4,5,0,0.8058455114822547,0.41734417344173447,0.0
55,1,2,1,13,4,5,5,0.8517745302713988,0.4552845528455285,0.0
65,1,2,0,21,0,5,4,0.8956158663883091,0.12466124661246611,0.0
95,0,2,2,5,4,5,0,0.8037578288100209,0.7208672086720866,0.0
21,0,2,2,1,6,5,4,0.5594989561586641,0.29268292682926833,0.0
5,0,2,0,6,1,5,3,0.9394572025052192,0.04878048780487805,0.0
1,0,2,1,21,4,5,4,0.8872651356993737,0.11382113821138211,0.0
40,1,2,0,11,1,4,1,0.5532359081419624,0.6070460704607046,1.0
5,0,2,2,16,4,5,0,0.9394572025052192,0.23848238482384823,0.0
5,1,2,0,1,3,5,2,0.9394572025052192,0.6937669376693767,0.0
36,0,2,0,10,1,1,1,0.536534446764092,0.4444444444444445,0.0
49,0,2,0,18,4,5,1,0.9394572025052192,0.44986449864498645,0.0
99,0,2,2,0,3,5,0,0.8643006263048016,0.08672086720867209,0.0
5,0,2,0,16,3,5,1,0.9394572025052192,0.06504065040650406,0.0
5,0,2,2,21,7,5,4,0.9394572025052192,0.07588075880758807,1.0
5,1,2,0,21,4,5,1,0.9394572025052192,0.3739837398373984,0.0
91,1,2,0,13,4,5,5,0.9248434237995826,0.0975609756097561,1.0
5,0,2,0,21,2,4,4,0.9394572025052192,0.17344173441734417,0.0
120,0,2,0,14,4,5,0,0.9498956158663885,0.24390243902439024,0.0
48,1,0,2,2,6,2,4,0.9185803757828812,0.4823848238482385,0.0
5,0,1,0,21,4,5,4,0.9394572025052192,0.03252032520325203,1.0
5,0,0,0,4,4,5,0,0.9394572025052192,0.39566395663956644,0.0
21,0,0,2,17,2,5,1,0.5594989561586641,0.7967479674796748,0.0
5,0,2,0,19,4,1,0,0.9394572025052192,0.23306233062330622,0.0
49,0,2,0,19,7,1,0,0.9394572025052192,0.3739837398373984,0.0
5,0,2,0,21,4,5,3,0.9394572025052192,0.16802168021680217,1.0
50,1,0,0,14,4,5,0,0.6200417536534448,0.07046070460704607,1.0
5,0,2,0,14,4,5,0,0.9394572025052192,0.3089430894308943,0.0
48,0,2,0,21,4,5,4,0.9185803757828812,0.15176151761517614,0.0
48,0,2,0,1,4,5,2,0.9185803757828812,0.23306233062330622,0.0
64,0,2,0,18,0,5,0,0.32150313152400845,0.5257452574525745,1.0
5,0,2,0,21,4,5,1,0.9394572025052192,0.7750677506775068,1.0
94,1,2,1,13,4,5,5,0.6931106471816286,0.5474254742547425,0.0
13,1,0,1,14,3,5,5,0.9519832985386223,0.15718157181571815,0.0
5,1,0,0,2,4,5,3,0.9394572025052192,0.6991869918699186,1.0
82,0,0,0,19,4,5,1,0.8768267223382047,0.037940379403794036,1.0
5,1,2,4,0,4,5,5,0.9394572025052192,0.22764227642276422,0.0
4,0,2,0,18,4,5,0,0.6972860125260962,0.3685636856368564,0.0
5,0,2,0,12,1,5,4,0.9394572025052192,0.6991869918699186,0.0
5,0,2,0,21,4,5,4,0.9394572025052192,0.7696476964769647,0.0
5,0,2,0,19,4,5,0,0.9394572025052192,0.7046070460704607,0.0
26,0,2,0,6,1,5,0,0.7453027139874742,0.6124661246612466,0.0
64,0,2,2,17,2,5,1,0.32150313152400845,0.10298102981029811,1.0
93,0,0,2,21,7,5,5,0.40918580375782887,0.5257452574525745,0.0
113,0,2,0,4,4,5,0,0.47599164926931103,0.5149051490514904,0.0
11,0,2,0,14,0,5,0,0.16701461377870586,0.41734417344173447,1.0
48,1,2,3,21,5,4,4,0.9185803757828812,0.14092140921409213,0.0
94,1,2,3,14,4,5,0,0.6931106471816286,0.30352303523035234,0.0
6,0,2,0,1,0,5,3,0.9478079331941547,0.8509485094850948,0.0
4,0,2,2,5,7,5,4,0.6972860125260962,0.4932249322493225,0.0
5,0,2,0,21,2,5,2,0.9394572025052192,0.5907859078590786,0.0
64,0,2,0,16,3,5,0,0.32150313152400845,0.26558265582655827,1.0
74,0,2,2,6,0,5,0,0.8830897703549061,0.2005420054200542,0.0
13,1,0,0,18,6,4,3,0.9519832985386223,0.16260162601626016,0.0
7,0,2,2,4,7,0,0,0.676409185803758,0.027100271002710022,0.0
64,0,2,0,14,7,5,0,0.32150313152400845,0.4281842818428185,0.0
5,1,0,0,11,4,5,0,0.9394572025052192,0.16802168021680217,0.0
27,0,2,0,15,4,5,0,0.43841336116910257,0.20596205962059622,0.0
30,1,1,0,11,3,5,0,0.8914405010438415,0.13550135501355012,0.0
13,1,2,2,6,1,5,3,0.9519832985386223,0.2222222222222222,0.0
48,1,2,2,6,3,5,2,0.9185803757828812,0.2710027100271003,0.0
102,0,2,0,16,4,5,0,0.2275574112734864,0.2981029810298103,1.0
4,1,2,0,18,1,5,0,0.6972860125260962,0.08130081300813008,1.0
101,0,2,1,14,0,5,1,0.5929018789144052,0.34146341463414637,0.0
6,1,0,0,16,4,5,3,0.9478079331941547,0.05420054200542005,1.0
5,1,0,0,16,4,4,0,0.9394572025052192,0.0975609756097561,0.0
4,1,1,2,11,4,5,0,0.6972860125260962,0.005420054200542005,1.0
41,0,2,0,15,1,1,0,0.457202505219207,0.05420054200542005,0.0
74,1,2,1,21,4,5,5,0.8830897703549061,0.23306233062330622,0.0
5,0,2,0,17,3,5,1,0.9394572025052192,0.7750677506775068,0.0
5,0,2,2,1,4,5,0,0.9394572025052192,0.3848238482384824,0.0
5,0,2,0,21,4,5,4,0.9394572025052192,0.991869918699187,1.0
64,0,2,0,1,4,5,5,0.32150313152400845,0.14634146341463414,1.0
5,0,2,0,6,5,5,1,0.9394572025052192,0.26558265582655827,0.0
74,0,1,0,1,4,5,2,0.8830897703549061,0.2872628726287263,0.0
64,0,2,0,16,2,5,0,0.32150313152400845,0.4010840108401084,0.0
64,0,2,0,17,0,0,0,0.32150313152400845,0.05420054200542005,1.0
82,0,2,0,4,7,5,4,0.8768267223382047,0.0975609756097561,0.0
64,0,2,0,14,4,5,1,0.32150313152400845,0.2005420054200542,1.0
4,1,2,2,15,3,4,0,0.6972860125260962,0.43902439024390244,0.0
95,0,2,2,7,3,5,3,0.8037578288100209,0.3360433604336044,0.0
5,0,2,0,21,3,5,3,0.9394572025052192,0.4823848238482385,0.0
120,1,0,0,13,4,5,5,0.9498956158663885,0.08130081300813008,0.0
49,0,2,0,15,0,5,3,0.9394572025052192,0.43360433604336046,0.0
95,1,0,2,1,4,2,2,0.8037578288100209,0.5257452574525745,0.0
121,0,2,2,21,4,5,1,1.0,0.5962059620596206,0.0
5,0,1,0,19,2,2,0,0.9394572025052192,0.7317073170731707,1.0
64,0,2,0,19,4,5,5,0.32150313152400845,0.7154471544715447,1.0
74,0,1,0,19,7,5,0,0.8830897703549061,0.6070460704607046,0.0
64,1,0,0,0,7,5,0,0.32150313152400845,0.22764227642276422,0.0
30,0,2,2,1,4,1,0,0.8914405010438415,0.25474254742547425,0.0
91,0,2,0,14,2,5,1,0.9248434237995826,0.027100271002710022,0.0
24,0,0,0,13,4,5,1,0.11899791231732793,0.5799457994579945,1.0
70,0,2,2,21,4,5,3,0.9791231732776617,0.6612466124661246,0.0
5,0,2,2,8,4,5,2,0.9394572025052192,0.05420054200542005,1.0
13,0,2,0,3,7,5,0,0.9519832985386223,0.0975609756097561,1.0
101,1,2,0,18,4,5,2,0.5929018789144052,0.3685636856368564,1.0
49,1,2,1,0,4,5,0,0.9394572025052192,0.43902439024390244,0.0
6,0,2,2,21,1,5,4,0.9478079331941547,0.4281842818428185,0.0
104,0,2,2,0,0,5,0,0.47599164926931103,0.15176151761517614,1.0
5,0,2,0,10,4,5,4,0.9394572025052192,0.010840108401084009,1.0
13,0,2,2,3,3,5,0,0.9519832985386223,0.02168021680216802,0.0
5,0,2,2,21,3,5,1,0.9394572025052192,0.2872628726287263,0.0
5,0,2,0,3,4,5,0,0.9394572025052192,1.0,0.0
48,0,2,0,1,1,5,0,0.9185803757828812,0.05962059620596205,0.0
5,1,2,0,16,7,5,4,0.9394572025052192,0.04878048780487805,0.0
50,0,2,0,6,4,5,0,0.6200417536534448,0.31978319783197834,1.0
99,1,2,0,21,4,5,4,0.8643006263048016,0.5691056910569106,0.0
64,0,2,0,21,4,5,4,0.32150313152400845,0.41734417344173447,1.0
48,0,0,0,11,4,5,0,0.9185803757828812,0.07046070460704607,0.0
48,0,2,3,21,4,5,0,0.9185803757828812,0.2601626016260163,0.0
78,0,2,1,2,6,5,0,0.7453027139874742,0.13550135501355012,1.0
5,0,2,0,15,4,5,5,0.9394572025052192,0.8238482384823848,1.0
1,0,1,2,21,2,5,4,0.8872651356993737,0.0921409214092141,0.0
64,0,1,0,15,4,5,0,0.32150313152400845,0.06504065040650406,1.0
5,0,2,0,0,3,5,0,0.9394572025052192,0.15718157181571815,0.0
94,0,2,0,9,7,5,0,0.6931106471816286,0.11924119241192412,0.0
103,0,2,0,18,1,5,1,0.9791231732776617,0.0921409214092141,0.0
69,0,2,0,19,4,5,0,0.7891440501043843,1.0,0.0
5,0,2,0,19,1,1,4,0.9394572025052192,0.5745257452574526,0.0
13,1,2,0,20,4,5,4,0.9519832985386223,0.13550135501355012,0.0
13,0,2,1,9,4,5,5,0.9519832985386223,0.1084010840108401,1.0
5,0,2,0,7,4,5,4,0.9394572025052192,0.14092140921409213,0.0
64,1,0,1,11,4,5,5,0.32150313152400845,0.6233062330623306,1.0
121,0,2,0,18,4,5,4,1.0,0.41192411924119243,0.0
5,0,2,0,19,4,5,2,0.9394572025052192,0.2764227642276423,1.0
30,1,0,0,14,4,5,0,0.8914405010438415,0.4661246612466125,0.0
13,0,0,0,21,0,0,1,0.9519832985386223,0.1951219512195122,0.0
2,1,2,1,11,4,5,5,0.8705636743215033,0.04878048780487805,0.0
94,1,2,1,20,4,5,1,0.6931106471816286,0.21138211382113822,1.0
48,1,2,1,11,4,5,5,0.9185803757828812,0.22764227642276422,1.0
77,1,0,0,0,1,5,0,0.6388308977035491,0.17886178861788618,0.0
5,0,2,0,19,3,5,0,0.9394572025052192,1.0,0.0
49,0,2,0,21,4,5,4,0.9394572025052192,0.8184281842818428,0.0
5,0,2,0,1,3,5,2,0.9394572025052192,0.0921409214092141,0.0
5,1,2,0,1,1,5,3,0.9394572025052192,0.5420054200542005,0.0
5,0,2,2,21,3,5,4,0.9394572025052192,0.010840108401084009,0.0
101,0,2,0,14,4,5,1,0.5929018789144052,0.2710027100271003,1.0
5,0,2,0,4,1,5,4,0.9394572025052192,0.02168021680216802,0.0
49,0,2,0,15,5,5,5,0.9394572025052192,0.8617886178861789,0.0
74,0,2,2,1,4,5,1,0.8830897703549061,0.3089430894308943,0.0
82,0,2,0,21,2,5,2,0.8768267223382047,0.17886178861788618,0.0
5,0,2,2,21,1,4,4,0.9394572025052192,0.2005420054200542,0.0
48,1,2,0,20,4,2,2,0.9185803757828812,0.25474254742547425,0.0
5,0,2,2,6,5,1,0,0.9394572025052192,0.07588075880758807,1.0
48,0,2,0,16,4,5,1,0.9185803757828812,0.991869918699187,0.0
64,0,2,2,18,4,5,4,0.32150313152400845,0.30352303523035234,0.0
6,1,2,2,21,1,4,3,0.9478079331941547,0.4932249322493225,0.0
49,0,2,0,8,4,5,1,0.9394572025052192,0.3089430894308943,0.0
13,0,1,0,19,0,5,0,0.9519832985386223,0.2710027100271003,0.0
6,1,0,0,4,4,5,0,0.9478079331941547,0.15176151761517614,1.0
5,0,2,0,14,1,5,0,0.9394572025052192,0.46070460704607047,0.0
5,0,2,0,21,5,1,4,0.9394572025052192,0.11382113821138211,0.0
5,0,2,2,1,5,5,1,0.9394572025052192,0.10298102981029811,0.0
5,0,2,0,12,4,5,1,0.9394572025052192,0.15718157181571815,1.0
48,0,0,0,11,7,5,0,0.9185803757828812,0.48780487804878053,0.0
48,0,2,0,7,1,5,2,0.9185803757828812,0.2818428184281843,0.0
103,0,2,1,14,3,4,1,0.9791231732776617,0.2222222222222222,0.0
5,0,2,0,21,4,5,1,0.9394572025052192,1.0,0.0
49,0,2,0,2,4,5,4,0.9394572025052192,0.39566395663956644,1.0
70,1,2,4,11,4,5,5,0.9791231732776617,0.14634146341463414,0.0
70,0,2,0,21,7,5,1,0.9791231732776617,0.8021680216802167,0.0
5,1,2,0,2,3,5,1,0.9394572025052192,0.1897018970189702,0.0
93,0,2,0,6,3,5,0,0.40918580375782887,0.08672086720867209,0.0
64,1,0,2,19,4,5,2,0.32150313152400845,0.3848238482384824,0.0
5,0,2,0,14,4,5,0,0.9394572025052192,0.3523035230352304,0.0
6,0,2,0,21,1,5,3,0.9478079331941547,0.15176151761517614,0.0
5,0,2,0,17,1,5,0,0.9394572025052192,0.15176151761517614,0.0
5,0,2,2,21,4,5,0,0.9394572025052192,0.13008130081300812,0.0
3,0,0,0,14,7,5,1,0.1837160751565763,0.0975609756097561,0.0
111,0,2,0,13,7,5,0,0.465553235908142,0.2710027100271003,0.0
6,0,0,1,18,1,4,0,0.9478079331941547,0.2168021680216802,1.0
37,1,2,0,15,3,5,1,0.5636743215031317,0.48780487804878053,0.0
71,0,2,2,2,1,5,0,0.47599164926931103,0.08672086720867209,0.0
48,0,2,0,21,2,5,1,0.9185803757828812,0.33062330623306235,0.0
5,0,2,0,2,4,5,1,0.9394572025052192,0.06504065040650406,0.0
64,0,0,0,11,0,0,0,0.32150313152400845,0.17344173441734417,1.0
101,0,2,2,14,4,5,0,0.5929018789144052,0.17344173441734417,1.0
5,0,2,0,3,3,5,0,0.9394572025052192,0.31978319783197834,0.0
99,0,2,0,4,0,5,1,0.8643006263048016,0.5420054200542005,0.0
26,0,2,2,21,4,5,0,0.7453027139874742,0.8401084010840109,0.0
2,0,2,0,4,3,4,1,0.8705636743215033,0.17886178861788618,0.0
4,0,0,0,19,6,5,0,0.6972860125260962,0.39566395663956644,0.0
5,0,2,2,15,4,1,0,0.9394572025052192,0.6937669376693767,0.0
2,1,0,0,15,4,5,5,0.8705636743215033,0.07046070460704607,0.0
5,0,2,0,14,4,5,0,0.9394572025052192,0.7588075880758808,0.0
77,0,2,2,17,4,5,0,0.6388308977035491,0.13008130081300812,1.0
101,0,1,0,9,4,5,0,0.5929018789144052,0.0921409214092141,1.0
64,0,0,0,15,1,0,1,0.32150313152400845,0.23306233062330622,0.0
93,0,2,0,15,4,5,2,0.40918580375782887,0.13550135501355012,0.0
5,0,2,0,21,1,5,0,0.9394572025052192,0.1084010840108401,0.0
50,0,1,0,18,1,2,0,0.6200417536534448,0.12466124661246611,0.0
5,0,2,0,16,3,5,4,0.9394572025052192,0.24390243902439024,0.0
64,0,0,2,16,4,5,0,0.32150313152400845,0.5094850948509485,1.0
14,0,0,0,1,7,0,0,0.665970772442589,0.41192411924119243,1.0
116,1,0,0,13,4,5,0,0.47599164926931103,0.6287262872628726,0.0
31,0,2,0,21,4,1,1,0.7640918580375784,0.08672086720867209,0.0
49,0,2,0,1,6,5,1,0.9394572025052192,0.3252032520325204,0.0
5,0,2,0,17,0,0,4,0.9394572025052192,0.1842818428184282,0.0
48,0,2,0,21,4,5,1,0.9185803757828812,0.42276422764227645,0.0
65,0,2,0,18,4,1,0,0.8956158663883091,0.3252032520325204,0.0
49,0,2,2,21,3,5,4,0.9394572025052192,0.16802168021680217,1.0
55,1,2,2,0,4,5,0,0.8517745302713988,0.0921409214092141,1.0
30,1,0,0,13,4,5,0,0.8914405010438415,0.3523035230352304,0.0
49,0,2,0,16,0,1,0,0.9394572025052192,0.5474254742547425,0.0
99,0,2,2,5,4,5,0,0.8643006263048016,0.1951219512195122,0.0
103,0,2,0,21,0,5,0,0.9791231732776617,0.11382113821138211,0.0
4,0,2,1,3,4,5,0,0.6972860125260962,0.10298102981029811,0.0
48,0,2,0,19,1,5,3,0.9185803757828812,0.1951219512195122,0.0
49,1,0,0,16,4,5,0,0.9394572025052192,0.04336043360433604,1.0
50,0,0,0,16,4,5,1,0.6200417536534448,0.2222222222222222,1.0
101,0,2,0,3,4,5,0,0.5929018789144052,0.3794037940379404,0.0
13,0,2,2,21,3,5,4,0.9519832985386223,0.20596205962059622,0.0
114,1,2,2,14,2,5,1,0.9498956158663885,0.22764227642276422,0.0
99,0,2,0,16,0,5,3,0.8643006263048016,0.07046070460704607,0.0
95,1,2,2,5,1,5,1,0.8037578288100209,0.44986449864498645,1.0
13,0,2,0,17,5,3,2,0.9519832985386223,0.4281842818428185,1.0
49,1,0,0,18,4,5,0,0.9394572025052192,0.34146341463414637,1.0
5,0,2,0,12,1,2,1,0.9394572025052192,0.2981029810298103,0.0
5,1,0,0,1,4,5,5,0.9394572025052192,1.0,0.0
5,0,2,2,5,1,1,0,0.9394572025052192,0.5691056910569106,0.0
64,0,2,0,16,2,5,0,0.32150313152400845,0.5799457994579945,0.0
101,0,2,0,3,4,5,0,0.5929018789144052,0.11382113821138211,0.0
5,0,1,0,2,3,5,3,0.9394572025052192,0.1897018970189702,1.0
13,0,2,2,9,1,5,1,0.9519832985386223,0.05962059620596205,0.0
101,0,2,0,2,0,5,2,0.5929018789144052,0.4715447154471545,0.0
30,1,2,2,15,1,1,5,0.8914405010438415,0.07588075880758807,1.0
5,0,2,0,16,0,5,0,0.9394572025052192,0.1084010840108401,1.0
5,0,2,0,6,1,5,1,0.9394572025052192,0.29268292682926833,0.0
2,0,2,1,13,4,5,0,0.8705636743215033,0.13550135501355012,0.0
4,0,2,0,21,5,5,0,0.6972860125260962,0.5311653116531165,0.0
4,1,0,1,13,4,5,5,0.6972860125260962,0.35772357723577236,0.0
66,0,2,2,5,2,5,4,0.47599164926931103,0.15176151761517614,1.0
50,0,2,0,17,4,5,4,0.6200417536534448,0.17886178861788618,0.0
104,0,0,0,15,3,5,5,0.47599164926931103,0.08672086720867209,0.0
64,0,0,0,18,1,5,0,0.32150313152400845,0.5149051490514904,0.0
48,1,2,0,17,3,5,1,0.9185803757828812,0.0921409214092141,0.0
30,0,2,2,16,2,5,0,0.8914405010438415,1.0,0.0
64,1,2,0,16,4,5,0,0.32150313152400845,0.12466124661246611,1.0
13,0,2,2,21,4,5,4,0.9519832985386223,0.13550135501355012,0.0
104,1,0,2,17,4,5,1,0.47599164926931103,0.027100271002710022,0.0
64,0,2,2,16,1,1,0,0.32150313152400845,0.07588075880758807,1.0
116,0,1,0,4,0,2,2,0.47599164926931103,0.26558265582655827,0.0
122,0,2,0,21,4,5,4,0.9290187891440502,0.5040650406504065,1.0
50,1,0,0,13,0,0,0,0.6200417536534448,0.2764227642276423,0.0
64,0,1,2,14,1,5,0,0.32150313152400845,0.010840108401084009,0.0
5,0,2,0,21,3,5,1,0.9394572025052192,0.2601626016260163,1.0
74,0,2,1,3,1,2,4,0.8830897703549061,0.5853658536585366,0.0
13,0,0,0,4,4,5,4,0.9519832985386223,0.010840108401084009,0.0
5,1,1,0,6,4,5,5,0.9394572025052192,0.6341463414634146,0.0
5,0,2,0,21,2,5,1,0.9394572025052192,0.15176151761517614,0.0
64,0,0,2,14,4,5,0,0.32150313152400845,0.34146341463414637,1.0
5,1,0,0,13,4,5,5,0.9394572025052192,0.2981029810298103,0.0
48,0,2,0,19,5,5,3,0.9185803757828812,0.31978319783197834,0.0
5,1,2,2,14,2,5,0,0.9394572025052192,0.11924119241192412,0.0
5,0,2,0,16,3,5,1,0.9394572025052192,0.12466124661246611,0.0
48,1,2,4,11,4,5,5,0.9185803757828812,0.8075880758807588,0.0
87,0,2,0,19,1,5,0,0.8058455114822547,0.04878048780487805,0.0
99,0,2,2,15,2,5,0,0.8643006263048016,0.29268292682926833,0.0
48,0,2,2,3,1,5,0,0.9185803757828812,0.10298102981029811,0.0
5,0,2,0,3,6,5,0,0.9394572025052192,0.5691056910569106,0.0
82,0,2,0,21,4,5,0,0.8768267223382047,0.46070460704607047,1.0
48,0,2,2,21,5,5,0,0.9185803757828812,0.17886178861788618,1.0
64,1,0,1,15,4,5,5,0.32150313152400845,0.5907859078590786,1.0
13,0,2,0,7,4,5,4,0.9519832985386223,0.24390243902439024,0.0
13,0,2,0,2,1,5,0,0.9519832985386223,0.3848238482384824,0.0
70,0,2,2,6,2,5,3,0.9791231732776617,0.05962059620596205,0.0
51,0,2,0,14,0,1,0,0.9039665970772444,0.4281842818428185,0.0
30,1,2,2,6,2,4,4,0.8914405010438415,0.15176151761517614,0.0
5,0,1,1,11,7,5,0,0.9394572025052192,0.6016260162601625,0.0
49,0,2,0,21,0,5,0,0.9394572025052192,0.7425474254742547,0.0
5,0,2,0,3,4,1,0,0.9394572025052192,0.5745257452574526,0.0
48,1,0,1,0,4,5,5,0.9185803757828812,0.3685636856368564,0.0
5,0,2,0,3,2,5,1,0.9394572025052192,0.5365853658536585,0.0
48,0,2,0,1,4,1,1,0.9185803757828812,1.0,0.0
5,0,2,2,21,1,5,0,0.9394572025052192,0.3631436314363144,0.0
13,1,2,1,14,4,5,5,0.9519832985386223,0.14634146341463414,0.0
11,1,0,0,11,4,5,5,0.16701461377870586,0.04878048780487805,1.0
24,1,2,0,15,4,5,0,0.11899791231732793,0.08672086720867209,1.0
94,0,2,0,7,4,5,3,0.6931106471816286,0.11924119241192412,0.0
39,0,1,0,11,0,5,0,0.1774530271398751,0.0975609756097561,1.0
64,0,0,0,16,4,5,0,0.32150313152400845,0.027100271002710022,0.0
13,0,2,0,7,5,5,5,0.9519832985386223,0.25474254742547425,1.0
49,0,2,2,13,4,5,5,0.9394572025052192,0.14634146341463414,1.0
43,1,0,0,14,4,5,0,0.47599164926931103,0.4444444444444445,0.0
101,0,1,2,2,5,4,0,0.5929018789144052,0.005420054200542005,1.0
13,0,2,1,19,4,5,0,0.9519832985386223,0.2222222222222222,0.0
74,0,2,1,21,4,5,5,0.8830897703549061,0.4661246612466125,0.0
64,0,2,0,13,2,5,0,0.32150313152400845,0.1897018970189702,1.0
65,0,2,0,18,4,1,5,0.8956158663883091,0.5907859078590786,0.0
104,1,0,0,13,4,5,0,0.47599164926931103,0.0975609756097561,1.0
30,0,2,0,17,4,1,2,0.8914405010438415,0.9701897018970189,0.0
120,0,2,1,2,7,5,4,0.9498956158663885,0.23306233062330622,0.0
91,0,2,1,11,6,4,1,0.9248434237995826,0.43902439024390244,0.0
90,0,2,0,17,0,5,0,0.6367432150313155,0.05962059620596205,0.0
64,0,2,0,17,5,5,0,0.32150313152400845,0.41734417344173447,1.0
99,0,2,0,16,7,0,3,0.8643006263048016,0.26558265582655827,1.0
29,0,2,2,16,4,5,0,0.47599164926931103,0.1897018970189702,0.0
116,0,2,0,15,1,5,1,0.47599164926931103,0.027100271002710022,1.0
64,0,2,0,13,4,5,4,0.32150313152400845,0.3739837398373984,0.0
64,0,1,0,14,4,5,0,0.32150313152400845,0.2981029810298103,0.0
5,1,2,0,13,0,5,4,0.9394572025052192,0.04336043360433604,0.0
5,0,2,0,8,1,5,3,0.9394572025052192,0.35772357723577236,0.0
24,1,0,1,20,4,5,5,0.11899791231732793,0.25474254742547425,1.0
5,0,2,0,21,7,5,4,0.9394572025052192,0.05962059620596205,0.0
42,1,0,0,11,4,5,0,0.47599164926931103,0.16260162601626016,0.0
21,0,2,0,15,4,5,5,0.5594989561586641,0.16260162601626016,0.0
93,1,0,1,11,4,5,0,0.40918580375782887,0.5907859078590786,0.0
5,1,0,1,17,4,5,5,0.9394572025052192,0.3685636856368564,0.0
11,0,2,0,15,4,5,0,0.16701461377870586,0.05962059620596205,1.0
64,0,2,0,14,1,5,0,0.32150313152400845,0.2222222222222222,1.0
5,0,2,0,17,5,5,1,0.9394572025052192,1.0,0.0
76,0,2,0,9,5,5,0,0.8935281837160753,1.0,0.0
13,0,2,0,21,0,5,0,0.9519832985386223,0.027100271002710022,0.0
49,0,2,0,19,4,5,4,0.9394572025052192,0.11382113821138211,1.0
5,0,2,1,16,0,5,4,0.9394572025052192,0.33062330623306235,0.0
4,0,2,0,3,6,5,0,0.6972860125260962,0.981029810298103,0.0
93,0,2,0,7,4,1,0,0.40918580375782887,0.16260162601626016,0.0
94,0,2,2,2,1,5,0,0.6931106471816286,0.03252032520325203,0.0
49,0,2,1,1,4,5,0,0.9394572025052192,0.30352303523035234,0.0
5,0,2,1,8,2,5,4,0.9394572025052192,0.8726287262872628,0.0
5,0,2,0,21,5,5,4,0.9394572025052192,0.15718157181571815,1.0
5,1,2,4,18,4,5,5,0.9394572025052192,0.5907859078590786,0.0
78,1,2,2,11,2,5,0,0.7453027139874742,0.1897018970189702,0.0
116,0,2,0,3,4,5,3,0.47599164926931103,0.5203252032520325,1.0
49,0,2,0,16,4,5,2,0.9394572025052192,0.4552845528455285,0.0
5,0,2,0,21,2,5,0,0.9394572025052192,0.3848238482384824,0.0
5,0,1,0,21,2,5,4,0.9394572025052192,0.41734417344173447,0.0
30,0,2,2,15,3,5,2,0.8914405010438415,0.8726287262872628,0.0
78,0,2,0,14,4,1,0,0.7453027139874742,0.4769647696476965,0.0
2,0,2,0,1,1,5,5,0.8705636743215033,0.5474254742547425,0.0
5,0,2,0,1,3,5,4,0.9394572025052192,0.14092140921409213,0.0
5,0,2,0,17,2,5,0,0.9394572025052192,0.8292682926829268,0.0
13,0,2,2,21,7,5,4,0.9519832985386223,0.12466124661246611,0.0
99,0,0,0,14,0,5,1,0.8643006263048016,0.22764227642276422,0.0
49,0,2,2,7,4,5,0,0.9394572025052192,0.48780487804878053,1.0
13,0,2,1,2,2,5,0,0.9519832985386223,0.07046070460704607,0.0
42,0,2,0,21,6,4,4,0.47599164926931103,0.04878048780487805,0.0
64,0,0,2,13,0,5,0,0.32150313152400845,0.05420054200542005,1.0
5,0,2,0,17,1,5,1,0.9394572025052192,0.4823848238482385,0.0
76,1,0,0,16,4,5,5,0.8935281837160753,0.24932249322493225,0.0
5,1,1,2,13,1,5,0,0.9394572025052192,0.14634146341463414,0.0
64,0,2,2,10,4,5,4,0.32150313152400845,0.06504065040650406,1.0
94,0,2,2,5,3,5,3,0.6931106471816286,0.3360433604336044,0.0
64,0,2,0,0,1,5,0,0.32150313152400845,0.2168021680216802,0.0
70,0,0,1,15,3,5,1,0.9791231732776617,0.3523035230352304,0.0
5,0,2,0,8,4,5,4,0.9394572025052192,0.41734417344173447,0.0
5,0,2,2,21,4,5,4,0.9394572025052192,0.027100271002710022,1.0
13,0,2,2,21,4,5,3,0.9519832985386223,0.22764227642276422,0.0
21,1,2,2,5,4,5,0,0.5594989561586641,0.41734417344173447,0.0
13,0,2,1,21,4,5,0,0.9519832985386223,0.21138211382113822,1.0
5,0,2,2,11,4,0,0,0.9394572025052192,0.5582655826558265,0.0
64,0,2,0,18,6,5,5,0.32150313152400845,0.9376693766937669,0.0
49,0,2,0,14,2,5,1,0.9394572025052192,1.0,0.0
5,0,0,1,1,4,5,1,0.9394572025052192,0.43360433604336046,1.0
31,1,0,0,16,4,5,0,0.7640918580375784,0.16802168021680217,1.0
79,1,0,1,11,4,5,5,0.1941544885177453,0.1084010840108401,1.0
64,0,2,0,3,4,5,0,0.32150313152400845,0.21138211382113822,1.0
117,0,2,2,1,4,5,1,0.4613778705636744,0.10298102981029811,0.0
63,1,2,0,17,1,5,0,0.6805845511482254,0.6124661246612466,0.0
13,0,2,2,21,7,5,4,0.9519832985386223,0.2872628726287263,0.0
122,0,2,0,21,4,5,0,0.9290187891440502,0.2710027100271003,1.0
42,1,2,2,20,4,5,1,0.47599164926931103,0.26558265582655827,0.0
103,0,2,2,1,2,5,0,0.9791231732776617,0.21138211382113822,0.0
103,1,0,1,13,2,5,0,0.9791231732776617,0.2764227642276423,0.0
91,0,2,1,1,0,0,4,0.9248434237995826,0.5149051490514904,0.0
5,0,2,0,1,4,5,0,0.9394572025052192,0.3252032520325204,0.0
51,0,2,0,21,7,5,4,0.9039665970772444,0.9268292682926829,0.0
49,1,0,1,11,4,5,1,0.9394572025052192,0.0975609756097561,1.0
48,0,2,3,21,4,5,4,0.9185803757828812,0.21138211382113822,0.0
5,1,2,1,13,4,5,5,0.9394572025052192,0.15176151761517614,0.0
64,0,1,0,0,7,5,0,0.32150313152400845,0.1842818428184282,1.0
13,1,0,0,15,4,5,5,0.9519832985386223,0.11924119241192412,0.0
48,0,2,2,16,4,1,0,0.9185803757828812,0.3848238482384824,0.0
6,1,0,1,15,4,5,1,0.9478079331941547,0.13008130081300812,0.0
5,0,0,0,15,4,5,0,0.9394572025052192,0.13008130081300812,0.0
83,1,2,2,13,5,4,1,0.6096033402922756,0.02168021680216802,0.0
101,0,2,0,6,4,5,3,0.5929018789144052,0.2981029810298103,1.0
63,1,0,1,14,2,5,0,0.6805845511482254,0.2818428184281843,0.0
64,1,0,1,20,4,5,5,0.32150313152400845,0.05420054200542005,0.0
45,0,2,2,19,0,5,0,0.6242171189979124,0.46070460704607047,0.0
5,0,2,0,21,4,5,4,0.9394572025052192,0.46070460704607047,0.0
5,0,2,0,6,7,0,0,0.9394572025052192,0.3252032520325204,0.0
5,1,0,0,14,4,5,0,0.9394572025052192,0.2764227642276423,1.0
13,0,2,2,9,1,5,0,0.9519832985386223,0.3252032520325204,0.0
64,0,2,2,13,7,1,1,0.32150313152400845,0.17886178861788618,1.0
70,0,1,2,6,7,5,0,0.9791231732776617,0.16260162601626016,0.0
48,0,2,2,21,4,5,4,0.9185803757828812,0.11924119241192412,0.0
2,0,0,2,10,4,1,1,0.8705636743215033,0.5691056910569106,0.0
48,0,2,0,15,4,5,0,0.9185803757828812,0.1897018970189702,0.0
5,0,2,2,8,7,0,0,0.9394572025052192,0.2818428184281843,0.0
64,0,2,2,13,7,0,0,0.32150313152400845,0.06504065040650406,1.0
48,1,2,0,12,2,5,1,0.9185803757828812,0.07046070460704607,0.0
5,0,2,0,21,4,5,3,0.9394572025052192,0.12466124661246611,0.0
48,1,2,0,17,4,5,1,0.9185803757828812,0.2981029810298103,0.0
5,1,2,3,17,5,4,3,0.9394572025052192,0.14634146341463414,0.0
71,0,1,0,14,1,2,0,0.47599164926931103,0.5257452574525745,0.0
103,0,2,0,21,4,5,5,0.9791231732776617,1.0,0.0
101,0,0,2,6,1,5,1,0.5929018789144052,0.16802168021680217,0.0
5,0,2,1,18,1,2,4,0.9394572025052192,0.2764227642276423,0.0
65,0,1,1,2,4,1,0,0.8956158663883091,0.11382113821138211,1.0
103,0,0,1,10,4,4,1,0.9791231732776617,0.13550135501355012,0.0
5,0,2,0,21,5,5,0,0.9394572025052192,1.0,0.0
64,0,2,2,8,4,5,1,0.32150313152400845,0.6612466124661246,1.0
5,0,2,0,16,4,5,0,0.9394572025052192,0.016260162601626015,0.0
95,1,0,0,13,2,5,0,0.8037578288100209,0.2710027100271003,0.0
26,1,0,0,3,4,5,5,0.7453027139874742,0.010840108401084009,0.0
5,1,2,0,21,4,5,4,0.9394572025052192,1.0,1.0
5,0,2,0,11,4,5,0,0.9394572025052192,0.22764227642276422,0.0
5,0,2,0,21,5,5,3,0.9394572025052192,0.1084010840108401,0.0
64,0,2,0,18,7,0,5,0.32150313152400845,0.027100271002710022,1.0
48,0,2,0,15,4,5,0,0.9185803757828812,0.13008130081300812,0.0
82,0,2,0,21,4,5,0,0.8768267223382047,1.0,0.0
114,0,2,0,8,4,5,0,0.9498956158663885,0.037940379403794036,1.0
74,0,1,1,21,1,5,0,0.8830897703549061,0.5040650406504065,0.0
74,0,2,0,15,0,5,0,0.8830897703549061,0.6124661246612466,0.0
121,0,2,0,13,4,5,0,1.0,0.2710027100271003,0.0
64,0,2,2,7,7,5,0,0.32150313152400845,0.15718157181571815,1.0
13,0,2,0,15,6,5,2,0.9519832985386223,0.8401084010840109,0.0
49,1,2,4,0,4,5,5,0.9394572025052192,0.24932249322493225,0.0
5,0,2,0,15,1,2,0,0.9394572025052192,0.26558265582655827,0.0
64,0,2,2,15,4,5,1,0.32150313152400845,0.3252032520325204,1.0
65,0,2,2,16,4,5,0,0.8956158663883091,0.2818428184281843,0.0
4,0,2,0,14,4,5,0,0.6972860125260962,0.0921409214092141,1.0
24,0,2,1,13,0,5,0,0.11899791231732793,0.5149051490514904,0.0
5,0,2,0,17,1,5,2,0.9394572025052192,0.2872628726287263,0.0
5,0,2,0,14,4,5,0,0.9394572025052192,0.5149051490514904,1.0
64,1,2,0,20,3,5,0,0.32150313152400845,0.13008130081300812,1.0
64,0,2,0,15,3,5,5,0.32150313152400845,0.13550135501355012,1.0
3,1,1,0,11,0,5,5,0.1837160751565763,0.3794037940379404,1.0
5,0,2,0,5,4,5,1,0.9394572025052192,0.20596205962059622,0.0
49,0,0,0,21,1,5,1,0.9394572025052192,0.7317073170731707,0.0
119,0,2,0,6,4,0,0,0.47599164926931103,0.8184281842818428,0.0
11,1,0,1,11,4,5,0,0.16701461377870586,0.04878048780487805,1.0
5,1,2,2,20,4,5,5,0.9394572025052192,0.5257452574525745,1.0
38,0,0,0,16,1,5,3,0.7724425887265136,0.5745257452574526,0.0
5,1,2,0,21,4,5,1,0.9394572025052192,0.2872628726287263,0.0
49,0,2,2,21,1,5,4,0.9394572025052192,0.23848238482384823,0.0
13,1,2,1,13,4,5,0,0.9519832985386223,0.2601626016260163,0.0
13,1,0,0,1,2,4,3,0.9519832985386223,0.14634146341463414,0.0
5,0,2,2,6,2,5,0,0.9394572025052192,0.1897018970189702,0.0
64,0,2,0,1,4,5,4,0.32150313152400845,0.2005420054200542,0.0
70,0,2,2,5,3,5,5,0.9791231732776617,0.5853658536585366,0.0
48,0,0,2,15,4,5,0,0.9185803757828812,0.4932249322493225,0.0
101,0,1,0,17,0,5,0,0.5929018789144052,0.14634146341463414,0.0
5,1,1,1,13,7,5,2,0.9394572025052192,0.1897018970189702,1.0
5,0,2,2,15,0,2,0,0.9394572025052192,0.5582655826558265,0.0
64,1,0,1,13,4,5,5,0.32150313152400845,0.3848238482384824,1.0
54,0,2,0,14,0,0,0,0.40501043841336126,1.0,1.0
48,0,2,2,3,0,5,1,0.9185803757828812,0.41192411924119243,0.0
64,0,2,0,6,1,5,3,0.32150313152400845,0.11382113821138211,0.0
6,1,0,0,18,4,5,5,0.9478079331941547,0.08672086720867209,1.0
13,1,0,0,6,4,5,0,0.9519832985386223,0.1897018970189702,1.0
13,1,2,0,0,4,5,0,0.9519832985386223,0.1842818428184282,0.0
64,1,2,4,20,4,5,5,0.32150313152400845,0.8075880758807588,1.0
114,0,2,0,21,3,5,0,0.9498956158663885,0.5799457994579945,0.0
64,1,0,0,16,4,5,0,0.32150313152400845,0.2222222222222222,0.0
